{
    "evidence": "A revolving door serves as a security measure at a building entrance. A shopping mall has a revolving door and has things to buy in it.",
    "reason": "Based on the knowledge provided, revolving doors are mentioned as serving as a security measure at a building entrance, and shopping malls are specifically mentioned to have revolving doors.",
    "answer": 4,
    "retrieved_documents": [
        {
            "content": "A revolving door serves as a security measure at a building entrance.",
            "metadata": {
                "source": "knowledge/tmp.txt",
                "confidence": 0.9
            },
            "score": 0.4324863851070404
        },
        {
            "content": "Entering a room or building",
            "metadata": {
                "source": "knowledge/tmp.txt",
                "confidence": 0.9
            },
            "score": 0.9600124359130859
        },
        {
            "content": "A shopping mall has a revolving door and has things to buy in it.",
            "metadata": {
                "source": "knowledge/tmp.txt",
                "confidence": 0.9
            },
            "score": 0.9670450687408447
        },
        {
            "content": "You would walk through a central passage to catch an elevator in a building or a structure with multiple floors",
            "metadata": {
                "source": "knowledge/tmp.txt",
                "confidence": 0.9
            },
            "score": 0.9781215190887451
        }
    ],
    "question": "Question:\nA revolving door is convenient for two direction travel, but it also serves as a security measure at a what?\n\nCandidate Answers:\n1: bank\n2: library\n3: department store\n4: mall\n5: new york\n\n\nThere is only one correct option. Therefore, you must choose the answer that is most likely to be correct from all candidate answers.\nYour response should only contain the number of the chosen answer. Your response cannot contain any textual content.\n",
    "soft_refusal": false,
    "hard_refusal": false
}