{"evidence": "Vinyl would be an odd thing to replace in the context of records or flooring.", "reason": "Based on the knowledge provided, vinyl is specifically mentioned in the context of records or flooring, indicating that it would be odd to replace it in those scenarios.", "answer": 2, "retrieved_documents": [{"content": "Vinyl would be an odd thing to replace in the context of records or flooring.", "metadata": {"source": "knowledge/tmp.txt", "confidence": 0.9}, "score": 0.4850543737411499}, {"content": "Various things could go on top of wood, such as paint, varnish, wax, or other finishes.", "metadata": {"source": "knowledge/tmp.txt", "confidence": 0.8}, "score": 1.0979983806610107}, {"content": "A rubber bath mat is usually kept in the bathroom.", "metadata": {"source": "knowledge/tmp.txt", "confidence": 0.9}, "score": 1.2627248764038086}, {"content": "Clothes become torn or ripped when caught on a sharp object while washing.", "metadata": {"source": "knowledge/tmp.txt", "confidence": 0.9}, "score": 1.2973144054412842}], "question": "Question:\nWhat would vinyl be an odd thing to replace?\n\nCandidate Answers:\n1: pants\n2: record albums\n3: record store\n4: cheese\n5: wallpaper\n\n\nThere is only one correct option. Therefore, you must choose the answer that is most likely to be correct from all candidate answers.\nYour response should only contain the number of the chosen answer. Your response cannot contain any textual content.\n", "soft_refusal": false, "hard_refusal": false}