{"evidence": "Contaminated hamburgers with harmful bacteria such as E. coli or Salmonella can cause severe food poisoning leading to death.", "reason": "Based on the knowledge that contaminated hamburgers can cause severe food poisoning leading to death, it is clear that someone can die from eating a hamburger.", "answer": 4, "retrieved_documents": [{"content": "Contaminated hamburgers with harmful bacteria such as E. coli or Salmonella can cause severe food poisoning leading to death.", "metadata": {"source": "knowledge/tmp.txt", "confidence": 0.8}, "score": 0.5877416133880615}, {"content": "Feeling extremely happy is the least likely immediate side effect of eating hamburger.", "metadata": {"source": "knowledge/tmp.txt", "confidence": 0.7}, "score": 0.937166154384613}, {"content": "Eating a hamburger can cause a feeling of fullness or bloating immediately after consuming it.", "metadata": {"source": "knowledge/tmp.txt", "confidence": 0.8}, "score": 0.9707270860671997}, {"content": "Raw or undercooked meat, unpasteurized dairy products, raw eggs, and contaminated fruits and vegetables can make someone sick.", "metadata": {"source": "knowledge/tmp.txt", "confidence": 0.8}, "score": 1.043200135231018}], "question": "Question:\nHow can someone die from eating hamburger?\n\nCandidate Answers:\n1: gas\n2: getting full\n3: mad cow disease\n4: death\n5: feel full\n\n\nThere is only one correct option. Therefore, you must choose the answer that is most likely to be correct from all candidate answers.\nYour response should only contain the number of the chosen answer. Your response cannot contain any textual content.\n", "soft_refusal": false, "hard_refusal": false}