{"evidence": "A self-assured person often displays confidence in their abilities and decisions.", "reason": "Based on the knowledge provided, a self-assured person is confident in their abilities and decisions.", "answer": 5, "retrieved_documents": [{"content": "A self-assured person often displays confidence in their abilities and decisions.", "metadata": {"source": "knowledge/tmp.txt", "confidence": 0.9}, "score": 0.4249175488948822}, {"content": "A person often feels defensive or upset when someone judges them guilty.", "metadata": {"source": "knowledge/tmp.txt", "confidence": 0.8}, "score": 1.2121704816818237}, {"content": "Approaching situations with an open mind, gathering more information, and challenging their own biases can help people achieve better outcomes.", "metadata": {"source": "knowledge/tmp.txt", "confidence": 0.8}, "score": 1.2793514728546143}, {"content": "Being open-minded, willing to listen and learn, and challenging your own beliefs and biases are important when committed to eliminating preconceived notions.", "metadata": {"source": "knowledge/tmp.txt", "confidence": 0.9}, "score": 1.319135308265686}], "question": "Question:\nWhat does a self assured person often do?\n\nCandidate Answers:\n1: acknowledgment\n2: focused\n3: know what time\n4: feel important\n5: trust himself\n\n\nThere is only one correct option. Therefore, you must choose the answer that is most likely to be correct from all candidate answers.\nYour response should only contain the number of the chosen answer. Your response cannot contain any textual content.\n", "soft_refusal": false, "hard_refusal": false}