{"evidence": "Making friends was no personal problem for him. He found himself making friends with similar interests in comics.", "reason": "The evidence provided indicates that making friends was not a personal problem for him, suggesting that it was not a scary or conflicting experience for him.", "answer": 3, "retrieved_documents": [{"content": "Making friends was no personal problem for him.", "metadata": {"source": "knowledge/tmp.txt", "confidence": 0.8}, "score": 0.9183300733566284}, {"content": "He found himself making friends with similar interests in comics.", "metadata": {"source": "knowledge/tmp.txt", "confidence": 0.8}, "score": 1.0472393035888672}, {"content": "His friends surprised him.", "metadata": {"source": "knowledge/tmp.txt", "confidence": 0.8}, "score": 1.0638397932052612}, {"content": "Friends would typically offer support, assistance, and be there for each other in times of need.", "metadata": {"source": "knowledge/tmp.txt", "confidence": 0.9}, "score": 1.1020041704177856}], "question": "Question:\nHe was very outgoing, for him making friends was no personal what?\n\nCandidate Answers:\n1: scary\n2: having friends\n3: good feeling\n4: conflict\n5: friendship\n\n\nThere is only one correct option. Therefore, you must choose the answer that is most likely to be correct from all candidate answers.\nYour response should only contain the number of the chosen answer. Your response cannot contain any textual content.\n", "soft_refusal": false, "hard_refusal": true}