{"evidence": "The person left a mess on the table.", "reason": "Based on the evidence provided, the person left a mess on the table.", "answer": 4, "retrieved_documents": [{"content": "He left a mess on the table.", "metadata": {"source": "knowledge/tmp.txt", "confidence": 0.8}, "score": 0.6039205193519592}, {"content": "After the meal, there would be a messy plate.", "metadata": {"source": "knowledge/tmp.txt", "confidence": 0.8}, "score": 0.92924964427948}, {"content": "The person's reaction to seeing the mess his children made was to sigh and start cleaning up the mess.", "metadata": {"source": "knowledge/tmp.txt", "confidence": 0.8}, "score": 1.1028639078140259}, {"content": "He was likely at the beach or by a pool.", "metadata": {"source": "knowledge/tmp.txt", "confidence": 0.8}, "score": 1.2309412956237793}], "question": "Question:\nHe was a sloppy eater, so where did he leave a mess?\n\nCandidate Answers:\n1: sailboat\n2: desk\n3: closet\n4: table\n5: apartment\n\n\nThere is only one correct option. Therefore, you must choose the answer that is most likely to be correct from all candidate answers.\nYour response should only contain the number of the chosen answer. Your response cannot contain any textual content.\n", "soft_refusal": false, "hard_refusal": true}