{"evidence": "Desires and needs vary from person to person, making it difficult to determine what every person wants. People aim to earn a living, pursue their passions, gain personal fulfillment, and contribute to society. People want to acquire financial success, independence, and the ability to pursue their passion from opening a business.", "reason": "Based on the provided knowledge base, it is clear that what every person wants can vary and includes earning a living, pursuing passions, gaining personal fulfillment, contributing to society, acquiring financial success, independence, and pursuing their passion through business.", "answer": 4, "retrieved_documents": [{"content": "Desires and needs vary from person to person, making it difficult to determine what every person wants.", "metadata": {"source": "knowledge/tmp.txt", "confidence": 0.5}, "score": 0.7843380570411682}, {"content": "People aim to earn a living, pursue their passions, gain personal fulfillment, and contribute to society.", "metadata": {"source": "knowledge/tmp.txt", "confidence": 0.9}, "score": 0.8773030638694763}, {"content": "Promoting understanding, empathy, and cooperation among individuals and communities can help achieve harmony in the world.", "metadata": {"source": "knowledge/tmp.txt", "confidence": 0.9}, "score": 1.1595065593719482}, {"content": "People want to acquire financial success, independence, and the ability to pursue their passion from opening a business.", "metadata": {"source": "knowledge/tmp.txt", "confidence": 0.9}, "score": 1.2075425386428833}], "question": "Question:\nWhat does every person want?\n\nCandidate Answers:\n1: life partner\n2: larger house\n3: second chances\n4: money\n5: headache\n\n\nThere is only one correct option. Therefore, you must choose the answer that is most likely to be correct from all candidate answers.\nYour response should only contain the number of the chosen answer. Your response cannot contain any textual content.\n", "soft_refusal": false, "hard_refusal": true}