{"evidence": "Players, tennis balls, tennis rackets, spectators, coaches, umpires, and linesmen could go to a tennis court.", "reason": "The evidence explicitly states that players, tennis balls, tennis rackets, spectators, coaches, umpires, and linesmen could go to a tennis court.", "answer": 5, "retrieved_documents": [{"content": "Players, tennis balls, tennis rackets, spectators, coaches, umpires, and linesmen could go to a tennis court.", "metadata": {"source": "knowledge/tmp.txt", "confidence": 1.0}, "score": 0.4378817677497864}, {"content": "Factors that would encourage someone to continue playing tennis include enjoyment of the game, improvement in skills, social interaction with other players, physical fitness benefits, and competition.", "metadata": {"source": "knowledge/tmp.txt", "confidence": 0.9}, "score": 1.1144192218780518}, {"content": "A net is put in a place where you want to catch or contain something, such as a fishing net in water or a sports net on a court.", "metadata": {"source": "knowledge/tmp.txt", "confidence": 0.9}, "score": 1.327759861946106}, {"content": "A sporting goods store would have lots of sports equipment.", "metadata": {"source": "knowledge/tmp.txt", "confidence": 1.0}, "score": 1.3333852291107178}], "question": "Question:\nWhat could go to a tennis court?\n\nCandidate Answers:\n1: desert\n2: college campus\n3: recreational center\n4: athletic club\n5: park\n\n\nThere is only one correct option. Therefore, you must choose the answer that is most likely to be correct from all candidate answers.\nYour response should only contain the number of the chosen answer. Your response cannot contain any textual content.\n", "soft_refusal": false, "hard_refusal": false}