{"evidence": "Water could be used to fill a cup and then drink from it. A glass is typically put in the sink or dishwasher after drinking from it.", "reason": "Based on the knowledge that water is used to fill a cup and drink from it, and a glass is typically used for this purpose.", "answer": 4, "retrieved_documents": [{"content": "Water could be used to fill a cup and then drink from it.", "metadata": {"source": "knowledge/tmp.txt", "confidence": 1.0}, "score": 0.3638799786567688}, {"content": "You would normally take a cup from a cupboard or shelf in the kitchen or dining area.", "metadata": {"source": "knowledge/tmp.txt", "confidence": 0.9}, "score": 0.806920051574707}, {"content": "A glass is typically put in the sink or dishwasher after drinking from it.", "metadata": {"source": "knowledge/tmp.txt", "confidence": 0.9}, "score": 0.9469023942947388}, {"content": "A statue that shoots liquid is called a fountain", "metadata": {"source": "knowledge/tmp.txt", "confidence": 0.9}, "score": 1.1985290050506592}], "question": "Question:\nWhat could you use to fill a cup and then drink from it?\n\nCandidate Answers:\n1: sand box\n2: kitchen cabinet\n3: waterfall\n4: water fountain\n5: table\n\n\nThere is only one correct option. Therefore, you must choose the answer that is most likely to be correct from all candidate answers.\nYour response should only contain the number of the chosen answer. Your response cannot contain any textual content.\n", "soft_refusal": false, "hard_refusal": false}