{"evidence": "The man's best memories were late night with his brothers at the fraternity house.", "reason": "Based on the knowledge that the man's best memories were late night with his brothers at the fraternity house, it is likely that he enjoyed visiting the living room in the fraternity house.", "answer": 1, "retrieved_documents": [{"content": "He enjoyed visiting the living room.", "metadata": {"source": "knowledge/tmp.txt", "confidence": 0.8}, "score": 0.6747886538505554}, {"content": "He was likely at the beach or by a pool.", "metadata": {"source": "knowledge/tmp.txt", "confidence": 0.8}, "score": 1.1290744543075562}, {"content": "Bob was in a room or a box.", "metadata": {"source": "knowledge/tmp.txt", "confidence": 0.8}, "score": 1.14169180393219}, {"content": "The man's best memories were late night with his brothers at the fraternity house.", "metadata": {"source": "knowledge/tmp.txt", "confidence": 0.8}, "score": 1.1895134449005127}], "question": "Question:\nThe two played video games all night in the living room, he enjoyed visiting where?\n\nCandidate Answers:\n1: formal seating\n2: friend's house\n3: movies\n4: home\n5: apartment\n\n\nThere is only one correct option. Therefore, you must choose the answer that is most likely to be correct from all candidate answers.\nYour response should only contain the number of the chosen answer. Your response cannot contain any textual content.\n", "soft_refusal": false, "hard_refusal": true}