{"evidence": "The poker dealer spread the flop of cards across the table. Poker chips are likely to be found in casinos, poker rooms, or stores that sell gambling supplies.", "reason": "Based on the knowledge that the poker dealer spreads the flop of cards across the table, it is clear that the cards are spread on the table during a poker game. Additionally, poker chips are commonly found in casinos, poker rooms, or stores that sell gambling supplies.", "answer": 4, "retrieved_documents": [{"content": "The poker dealer spread the flop of cards across the table.", "metadata": {"source": "knowledge/tmp.txt", "confidence": 0.9}, "score": 0.2844312787055969}, {"content": "The guys had a regular poker game on Saturday night, rather than going to the movies.", "metadata": {"source": "knowledge/tmp.txt", "confidence": 0.8}, "score": 1.145504117012024}, {"content": "Poker chips are likely to be found in casinos, poker rooms, or stores that sell gambling supplies.", "metadata": {"source": "knowledge/tmp.txt", "confidence": 0.9}, "score": 1.163135051727295}, {"content": "If someone who is bad at playing poker participates in a game, they may end up losing money or making poor decisions due to their lack of skill or experience.", "metadata": {"source": "knowledge/tmp.txt", "confidence": 0.8}, "score": 1.195002794265747}], "question": "Question:\nThe poker dealer spread the flop of cards across the what?\n\nCandidate Answers:\n1: players\n2: play games\n3: casino\n4: table\n5: toy store\n\n\nThere is only one correct option. Therefore, you must choose the answer that is most likely to be correct from all candidate answers.\nYour response should only contain the number of the chosen answer. Your response cannot contain any textual content.\n", "soft_refusal": false, "hard_refusal": false}