{"evidence": "A salt shaker is most often kept on the dining table or kitchen counter.", "reason": "Based on the knowledge provided, a salt shaker is typically kept on the dining table or kitchen counter.", "answer": 2, "retrieved_documents": [{"content": "A salt shaker is most often kept on the dining table or kitchen counter.", "metadata": {"source": "knowledge/tmp.txt", "confidence": 0.9}, "score": 0.365124374628067}, {"content": "The closest place from where you could borrow salt is likely a neighbor's house or a nearby grocery store.", "metadata": {"source": "knowledge/tmp.txt", "confidence": 0.8}, "score": 0.9407444000244141}, {"content": "A pail is typically kept in the storage room or utility closet in a house.", "metadata": {"source": "knowledge/tmp.txt", "confidence": 0.8}, "score": 1.0715861320495605}, {"content": "A drug is typically kept in a medicine cabinet or a designated storage area in a home bathroom.", "metadata": {"source": "knowledge/tmp.txt", "confidence": 0.9}, "score": 1.0773240327835083}], "question": "Question:\nWhere is a salt shaker most often kept?\n\nCandidate Answers:\n1: cruet\n2: table setting\n3: kitchen cupboard\n4: cabinet\n5: store\n\n\nThere is only one correct option. Therefore, you must choose the answer that is most likely to be correct from all candidate answers.\nYour response should only contain the number of the chosen answer. Your response cannot contain any textual content.\n", "soft_refusal": false, "hard_refusal": false}