{"evidence": "Being open-minded, willing to listen and learn, and challenging your own beliefs and biases are important when committed to eliminating preconceived notions. Cultural relativism is the understanding of the world and the real reasons behind cultural norms and mores. Approaching situations with an open mind, gathering more information, and challenging their own biases can help people achieve better outcomes. Everyone has a unique perspective and experience in relation to other people.", "reason": "The evidence provided emphasizes the importance of being open-minded, willing to challenge biases, and understanding cultural relativism when committed to eliminating preconceived notions.", "answer": 4, "retrieved_documents": [{"content": "Being open-minded, willing to listen and learn, and challenging your own beliefs and biases are important when committed to eliminating preconceived notions.", "metadata": {"source": "knowledge/tmp.txt", "confidence": 0.9}, "score": 0.45852944254875183}, {"content": "Cultural relativism is the understanding of the world and the real reasons behind cultural norms and mores.", "metadata": {"source": "knowledge/tmp.txt", "confidence": 0.9}, "score": 0.8536714911460876}, {"content": "Approaching situations with an open mind, gathering more information, and challenging their own biases can help people achieve better outcomes.", "metadata": {"source": "knowledge/tmp.txt", "confidence": 0.8}, "score": 0.9975568652153015}, {"content": "Everyone has a unique perspective and experience in relation to other people.", "metadata": {"source": "knowledge/tmp.txt", "confidence": 0.8}, "score": 1.0062717199325562}], "question": "Question:\nWhen learning about the world and different cultures, what is important if you are committed to eliminating preconceived notions\n\nCandidate Answers:\n1: newness\n2: loss of innocence\n3: enlightenment\n4: open mind\n5: smartness\n\n\nThere is only one correct option. Therefore, you must choose the answer that is most likely to be correct from all candidate answers.\nYour response should only contain the number of the chosen answer. Your response cannot contain any textual content.\n", "soft_refusal": false, "hard_refusal": false}