{"evidence": "Airplanes are unlikely to get bugs on their windshield due to bugs' inability to reach them when they are moving.", "reason": "The evidence clearly states that airplanes are unlikely to get bugs on their windshield due to bugs' inability to reach them when they are moving.", "answer": 1, "retrieved_documents": [{"content": "Airplanes are unlikely to get bugs on their windshield due to bugs' inability to reach them when they are moving.", "metadata": {"source": "knowledge/tmp.txt", "confidence": 0.9}, "score": 0.626130223274231}, {"content": "Ceiling fan blades might be the hardest to dust.", "metadata": {"source": "knowledge/tmp.txt", "confidence": 0.8}, "score": 1.2120037078857422}, {"content": "Pet birds likely live in a cage.", "metadata": {"source": "knowledge/tmp.txt", "confidence": 0.9}, "score": 1.2828627824783325}, {"content": "A vacuum cleaner probably has a lot of dust in the back.", "metadata": {"source": "knowledge/tmp.txt", "confidence": 0.8}, "score": 1.3070595264434814}], "question": "Question:\nWhat is unlikely to get bugs on its windshield due to bugs' inability to reach it when it is moving?\n\nCandidate Answers:\n1: airplane\n2: scooter\n3: motorboat\n4: car\n5: motor vehicle\n\n\nThere is only one correct option. Therefore, you must choose the answer that is most likely to be correct from all candidate answers.\nYour response should only contain the number of the chosen answer. Your response cannot contain any textual content.\n", "soft_refusal": false, "hard_refusal": false}