{"evidence": "A bath towel can be borrowed from hotels, gyms, swimming pools, or some public facilities.", "reason": "Based on the knowledge provided, bath towels can be borrowed from hotels, gyms, swimming pools, or some public facilities.", "answer": 2, "retrieved_documents": [{"content": "A bath towel can be borrowed from hotels, gyms, swimming pools, or some public facilities.", "metadata": {"source": "knowledge/tmp.txt", "confidence": 0.8}, "score": 0.3575270175933838}, {"content": "You can get a shower curtain from a department store, home goods store, or online retailer.", "metadata": {"source": "knowledge/tmp.txt", "confidence": 0.9}, "score": 0.9006137847900391}, {"content": "A rubber bath mat is usually kept in the bathroom.", "metadata": {"source": "knowledge/tmp.txt", "confidence": 0.9}, "score": 0.940269947052002}, {"content": "Soap can be obtained from a grocery store, pharmacy, or online retailer.", "metadata": {"source": "knowledge/tmp.txt", "confidence": 0.9}, "score": 1.083439588546753}], "question": "Question:\nWhere can a bath towel be borrowed?\n\nCandidate Answers:\n1: cupboard\n2: at hotel\n3: swimming pool\n4: clothes line\n5: backpack\n\n\nThere is only one correct option. Therefore, you must choose the answer that is most likely to be correct from all candidate answers.\nYour response should only contain the number of the chosen answer. Your response cannot contain any textual content.\n", "soft_refusal": false, "hard_refusal": false}