{"evidence": "People may stop caring about their problems due to feeling overwhelmed, lack of support, or feeling hopeless.", "reason": "The evidence provided suggests that people may stop caring about their problems due to various reasons such as feeling overwhelmed, lack of support, or feeling hopeless.", "answer": 5, "retrieved_documents": [{"content": "People may stop caring about their problems due to feeling overwhelmed, lack of support, or feeling hopeless.", "metadata": {"source": "knowledge/tmp.txt", "confidence": 0.8}, "score": 0.36260858178138733}, {"content": "To change their lives, people need to set clear goals, take action, and be willing to make changes in their habits and mindset.", "metadata": {"source": "knowledge/tmp.txt", "confidence": 0.8}, "score": 1.2217199802398682}, {"content": "To try doing things differently", "metadata": {"source": "knowledge/tmp.txt", "confidence": 0.9}, "score": 1.2661586999893188}, {"content": "Going public about a common problem can gain sympathy and support from the public for a celebrity.", "metadata": {"source": "knowledge/tmp.txt", "confidence": 0.8}, "score": 1.2745037078857422}], "question": "Question:\nWhy do people stop caring about their problems?\n\nCandidate Answers:\n1: no problems\n2: better themselves\n3: face problems\n4: learn from each other\n5: become disillusioned\n\n\nThere is only one correct option. Therefore, you must choose the answer that is most likely to be correct from all candidate answers.\nYour response should only contain the number of the chosen answer. Your response cannot contain any textual content.\n", "soft_refusal": false, "hard_refusal": false}