{"evidence": "A folding chair would be used at a temporary outdoor event or gathering. Fabric can be stored in a closet, wardrobe, or storage bin in one's own home.", "reason": "Based on the knowledge provided, folding chairs are used at temporary outdoor events, not stored in a closet or wardrobe.", "answer": 3, "retrieved_documents": [{"content": "A folding chair would be used at a temporary outdoor event or gathering.", "metadata": {"source": "knowledge/tmp.txt", "confidence": 0.9}, "score": 0.47466906905174255}, {"content": "A side table is normally found near a side chair.", "metadata": {"source": "knowledge/tmp.txt", "confidence": 0.9}, "score": 0.897205650806427}, {"content": "Fabric can be stored in a closet, wardrobe, or storage bin in one's own home.", "metadata": {"source": "knowledge/tmp.txt", "confidence": 0.9}, "score": 0.9905877709388733}, {"content": "You can buy storage containers or boxes to put your spare unused things.", "metadata": {"source": "knowledge/tmp.txt", "confidence": 0.9}, "score": 1.0059969425201416}], "question": "Question:\nWhere would you use a folding chair but not store one?\n\nCandidate Answers:\n1: beach\n2: city hall\n3: closet\n4: garage\n5: school\n\n\nThere is only one correct option. Therefore, you must choose the answer that is most likely to be correct from all candidate answers.\nYour response should only contain the number of the chosen answer. Your response cannot contain any textual content.\n", "soft_refusal": false, "hard_refusal": false}