{"evidence": "Wearing uncomfortable shoes for a long time may lead to foot pain or blisters.", "reason": "Based on the knowledge that uncomfortable shoes can cause foot pain or blisters, it is likely that spending a long time shopping in uncomfortable shoes might lead to calluses.", "answer": 2, "retrieved_documents": [{"content": "Wearing uncomfortable shoes for a long time may lead to foot pain or blisters.", "metadata": {"source": "knowledge/tmp.txt", "confidence": 0.8}, "score": 0.7069881558418274}, {"content": "Gum on your shoe likely came from the ground or a surface where someone discarded their gum.", "metadata": {"source": "knowledge/tmp.txt", "confidence": 0.8}, "score": 1.2002809047698975}, {"content": "An ottoman near the front door is used as a place to sit while putting on or taking off shoes.", "metadata": {"source": "knowledge/tmp.txt", "confidence": 0.9}, "score": 1.272585391998291}, {"content": "A human can find clothes that aren't pants in stores that sell a variety of clothing items such as shirts, dresses, skirts, jackets, etc.", "metadata": {"source": "knowledge/tmp.txt", "confidence": 0.9}, "score": 1.2834950685501099}], "question": "Question:\nIf you spend a long time shopping in uncomfortable shoes, you might develop what?\n\nCandidate Answers:\n1: tiredness\n2: calluses\n3: bankruptcy\n4: standing in line\n5: sleepyness\n\n\nThere is only one correct option. Therefore, you must choose the answer that is most likely to be correct from all candidate answers.\nYour response should only contain the number of the chosen answer. Your response cannot contain any textual content.\n", "soft_refusal": false, "hard_refusal": true}