{"evidence": "Computers could first manage workflow by automating repetitive tasks and increasing efficiency. Machines can perform complex calculations at incredibly high speeds, work continuously without getting tired, and store vast amounts of information accurately.", "reason": "Based on the knowledge provided, computers managing workflow by automating tasks was a significant advancement, indicating that the correct answer is likely related to the ability to perform tasks efficiently.", "answer": 2, "retrieved_documents": [{"content": "Computers could first manage workflow by automating repetitive tasks and increasing efficiency.", "metadata": {"source": "knowledge/tmp.txt", "confidence": 0.8}, "score": 0.5339904427528381}, {"content": "Machines can perform complex calculations at incredibly high speeds, work continuously without getting tired, and store vast amounts of information accurately.", "metadata": {"source": "knowledge/tmp.txt", "confidence": 0.9}, "score": 0.9836865663528442}, {"content": "The computer could access websites, send and receive emails, download files, stream videos, and perform various online activities.", "metadata": {"source": "knowledge/tmp.txt", "confidence": 0.9}, "score": 1.0690765380859375}, {"content": "Breaking down tasks into smaller, more manageable parts and setting specific deadlines for each part can help finish work on time despite being prone to postponing.", "metadata": {"source": "knowledge/tmp.txt", "confidence": 0.8}, "score": 1.1436550617218018}], "question": "Question:\nAn underrated thing about computers is how they manage workflow, at one time it was a big deal when they could first do what?\n\nCandidate Answers:\n1: share files\n2: do arithmetic\n3: turn on\n4: cost money\n5: multitask\n\n\nThere is only one correct option. Therefore, you must choose the answer that is most likely to be correct from all candidate answers.\nYour response should only contain the number of the chosen answer. Your response cannot contain any textual content.\n", "soft_refusal": false, "hard_refusal": false}