{"evidence": "Spraining an ankle while playing baseball can cause pain, swelling, and difficulty walking. Playing baseball is a lot like any other sport, there is always a risk of injury.", "reason": "Based on the evidence provided, it is clear that spraining an ankle while playing baseball can lead to pain, which is a common symptom of injury.", "answer": 5, "retrieved_documents": [{"content": "Spraining an ankle while playing baseball can cause pain, swelling, and difficulty walking.", "metadata": {"source": "knowledge/tmp.txt", "confidence": 0.9}, "score": 0.41682931780815125}, {"content": "Playing baseball is a lot like any other sport, there is always a risk of injury.", "metadata": {"source": "knowledge/tmp.txt", "confidence": 0.9}, "score": 0.7721385359764099}, {"content": "Billy's concerned mother is worried about the risk of injuries in football.", "metadata": {"source": "knowledge/tmp.txt", "confidence": 0.8}, "score": 1.0757724046707153}, {"content": "Wearing uncomfortable shoes for a long time may lead to foot pain or blisters.", "metadata": {"source": "knowledge/tmp.txt", "confidence": 0.8}, "score": 1.2003463506698608}], "question": "Question:\nSpraining an ankle while playing baseball will cause what?\n\nCandidate Answers:\n1: strikes\n2: eating\n3: injury\n4: sore muscles\n5: pain\n\n\nThere is only one correct option. Therefore, you must choose the answer that is most likely to be correct from all candidate answers.\nYour response should only contain the number of the chosen answer. Your response cannot contain any textual content.\n", "soft_refusal": false, "hard_refusal": false}