{"evidence": "The business with stained carpets from sauces and ketchup is likely a fast food restaurant. John lived in an unknown location.", "reason": "Based on the knowledge provided, it is mentioned that stained carpets from sauces and ketchup are likely to be found in a fast food restaurant. John lived in an unknown location, so it is possible that he could have visited a fast food restaurant.", "answer": 5, "retrieved_documents": [{"content": "The business with stained carpets from sauces and ketchup is likely a fast food restaurant.", "metadata": {"source": "knowledge/tmp.txt", "confidence": 0.8}, "score": 0.45456671714782715}, {"content": "Bill works at a butcher shop or a grocery store", "metadata": {"source": "knowledge/tmp.txt", "confidence": 0.8}, "score": 1.2115535736083984}, {"content": "John lived in an unknown location.", "metadata": {"source": "knowledge/tmp.txt", "confidence": 0.0}, "score": 1.2609713077545166}, {"content": "A human is likely to go to a place where they can find food, such as a restaurant, grocery store, or kitchen.", "metadata": {"source": "knowledge/tmp.txt", "confidence": 0.9}, "score": 1.2670245170593262}], "question": "Question:\nJohn was traveling to a new city and took time to check out a business.  He noticed that its carpet was stained with sauces and ketchup. What type of business might that be?\n\nCandidate Answers:\n1: bedroom\n2: chair\n3: bowling alley\n4: at hotel\n5: restaurant\n\n\nThere is only one correct option. Therefore, you must choose the answer that is most likely to be correct from all candidate answers.\nYour response should only contain the number of the chosen answer. Your response cannot contain any textual content.\n", "soft_refusal": false, "hard_refusal": false}