{"evidence": "Milwaukee is a Wisconsin city known for beer.", "reason": "Based on the knowledge that Milwaukee is a Wisconsin city known for beer, we can infer that if you have a condo in a Wisconsin city known for beer, you would be in Milwaukee.", "answer": 5, "retrieved_documents": [{"content": "Milwaukee is a Wisconsin city known for beer.", "metadata": {"source": "knowledge/tmp.txt", "confidence": 0.8}, "score": 0.7034835815429688}, {"content": "People can get beer at a bar or a casino's bar after a bit of gambling.", "metadata": {"source": "knowledge/tmp.txt", "confidence": 0.8}, "score": 1.0781391859054565}, {"content": "A bar or a pub is a place that is far away from your house where you could consume beer.", "metadata": {"source": "knowledge/tmp.txt", "confidence": 0.9}, "score": 1.12505042552948}, {"content": "You could go to a city or a large urban area with a high concentration of restaurants.", "metadata": {"source": "knowledge/tmp.txt", "confidence": 0.8}, "score": 1.1762597560882568}], "question": "Question:\nIf you have a condo in a Wisconsin city known for beer, where are you?\n\nCandidate Answers:\n1: city\n2: electrical circuit\n3: residential area\n4: suburbia\n5: milwaukee\n\n\nThere is only one correct option. Therefore, you must choose the answer that is most likely to be correct from all candidate answers.\nYour response should only contain the number of the chosen answer. Your response cannot contain any textual content.\n", "soft_refusal": false, "hard_refusal": true}