{"evidence": "If a person isn't able to pay their bills, they should contact their creditors to discuss their situation and explore options such as payment plans or financial assistance programs.", "reason": "The evidence clearly states that if a person is unable to pay their bills, they should take specific actions to address the situation.", "answer": 1, "retrieved_documents": [{"content": "If a person isn't able to pay their bills, they should contact their creditors to discuss their situation and explore options such as payment plans or financial assistance programs.", "metadata": {"source": "knowledge/tmp.txt", "confidence": 0.9}, "score": 0.44428277015686035}, {"content": "August needed money to pay rent or mortgage.", "metadata": {"source": "knowledge/tmp.txt", "confidence": 0.8}, "score": 1.0746006965637207}, {"content": "Declaring bankruptcy", "metadata": {"source": "knowledge/tmp.txt", "confidence": 0.8}, "score": 1.1170663833618164}, {"content": "Not saving money and only spending on buying can lead to financial difficulties in the future or make it hard to cover unexpected expenses.", "metadata": {"source": "knowledge/tmp.txt", "confidence": 0.8}, "score": 1.2360056638717651}], "question": "Question:\nIf a person isn't able to pay their bills what must they do?\n\nCandidate Answers:\n1: know everything\n2: acknowledgment\n3: make more money\n4: throw a party\n5: spare time\n\n\nThere is only one correct option. Therefore, you must choose the answer that is most likely to be correct from all candidate answers.\nYour response should only contain the number of the chosen answer. Your response cannot contain any textual content.\n", "soft_refusal": false, "hard_refusal": false}