{"evidence": "People usually feel a range of emotions when falling in love, such as happiness, excitement, passion, and a sense of connection.", "reason": "Based on the knowledge provided, people usually feel happiness, excitement, passion, and a sense of connection when falling in love.", "answer": 3, "retrieved_documents": [{"content": "People usually feel a range of emotions when falling in love, such as happiness, excitement, passion, and a sense of connection.", "metadata": {"source": "knowledge/tmp.txt", "confidence": 0.9}, "score": 0.4057471752166748}, {"content": "The brain is the thing that is agitated in your head when kissing.", "metadata": {"source": "knowledge/tmp.txt", "confidence": 1.0}, "score": 1.2841050624847412}, {"content": "People are likely to feel happy, grateful, and surprised when an unexpected decent outcome occurs.", "metadata": {"source": "knowledge/tmp.txt", "confidence": 0.9}, "score": 1.285897135734558}, {"content": "Parenthood is the term used when two people in love have children.", "metadata": {"source": "knowledge/tmp.txt", "confidence": 0.9}, "score": 1.3116002082824707}], "question": "Question:\nWhat do people usually feel when falling in love?\n\nCandidate Answers:\n1: getting married\n2: pain\n3: happiness\n4: getting married\n5: suffering\n\n\nThere is only one correct option. Therefore, you must choose the answer that is most likely to be correct from all candidate answers.\nYour response should only contain the number of the chosen answer. Your response cannot contain any textual content.\n", "soft_refusal": false, "hard_refusal": false}