{"evidence": "The tiger was stuck in the Bronx Zoo in New York City.", "reason": "The fact that the tiger was stuck in the Bronx Zoo indicates that the correct answer is a zoo.", "answer": 2, "retrieved_documents": [{"content": "The tiger was stuck in the Bronx Zoo in New York City.", "metadata": {"source": "knowledge/tmp.txt", "confidence": 0.8}, "score": 0.7320349812507629}, {"content": "The gimmicky low brow TV show was about animals when they what?", "metadata": {"source": "knowledge/tmp.txt", "confidence": 0.0}, "score": 1.0835899114608765}, {"content": "The lion likely took on a more aggressive or dominant attitude towards the timid competitor.", "metadata": {"source": "knowledge/tmp.txt", "confidence": 0.8}, "score": 1.1863460540771484}, {"content": "A monkey is likely to enjoy being in a jungle or a forest where it can climb trees and find food.", "metadata": {"source": "knowledge/tmp.txt", "confidence": 0.8}, "score": 1.2071113586425781}], "question": "Question:\nThe tiger was stuck in what animal prison where he got lazy and fat?\n\nCandidate Answers:\n1: jungle\n2: zoo\n3: kill\n4: india\n5: eat cake\n\n\nThere is only one correct option. Therefore, you must choose the answer that is most likely to be correct from all candidate answers.\nYour response should only contain the number of the chosen answer. Your response cannot contain any textual content.\n", "soft_refusal": false, "hard_refusal": true}