{"evidence": "Parents may tell a child to do chores, homework, play outside, spend time with family, or relax on the weekend.", "reason": "Based on the evidence provided, parents may tell a child to play outside on the weekend.", "answer": 3, "retrieved_documents": [{"content": "Parents may tell a child to do chores, homework, play outside, spend time with family, or relax on the weekend.", "metadata": {"source": "knowledge/tmp.txt", "confidence": 0.8}, "score": 0.4075701832771301}, {"content": "Parents are the caretakers of a child.", "metadata": {"source": "knowledge/tmp.txt", "confidence": 1.0}, "score": 0.9346079230308533}, {"content": "It is a parent's job to discipline their kids.", "metadata": {"source": "knowledge/tmp.txt", "confidence": 0.8}, "score": 1.040781855583191}, {"content": "Joe and Jill might limit the time their children spend watching TV or playing video games.", "metadata": {"source": "knowledge/tmp.txt", "confidence": 0.8}, "score": 1.0844743251800537}], "question": "Question:\nWhat do parents tell a child to do on the weekend?\n\nCandidate Answers:\n1: study\n2: begin school\n3: go out to play\n4: row boat\n5: clean room\n\n\nThere is only one correct option. Therefore, you must choose the answer that is most likely to be correct from all candidate answers.\nYour response should only contain the number of the chosen answer. Your response cannot contain any textual content.\n", "soft_refusal": false, "hard_refusal": false}