{"evidence": "An alien might use a vacuum in space to create a vacuum environment for various purposes.", "reason": "The knowledge base explicitly states that an alien might use a vacuum in space.", "answer": 1, "retrieved_documents": [{"content": "An alien might use a vacuum in space to create a vacuum environment for various purposes.", "metadata": {"source": "knowledge/tmp.txt", "confidence": 0.8}, "score": 0.4059118330478668}, {"content": "A vacuum cleaner probably has a lot of dust in the back.", "metadata": {"source": "knowledge/tmp.txt", "confidence": 0.8}, "score": 1.0225379467010498}, {"content": "The location of the smelly carpet installation is not specified.", "metadata": {"source": "knowledge/tmp.txt", "confidence": 0.2}, "score": 1.2728568315505981}, {"content": "A pail is typically kept in the storage room or utility closet in a house.", "metadata": {"source": "knowledge/tmp.txt", "confidence": 0.8}, "score": 1.2884045839309692}], "question": "Question:\nWhere might an alien use a vacuum?\n\nCandidate Answers:\n1: space\n2: closet\n3: kitchen\n4: orbit\n5: container\n\n\nThere is only one correct option. Therefore, you must choose the answer that is most likely to be correct from all candidate answers.\nYour response should only contain the number of the chosen answer. Your response cannot contain any textual content.\n", "soft_refusal": false, "hard_refusal": false}