{"evidence": "You can buy condoms at pharmacies, drugstores, supermarkets, convenience stores, and online retailers.", "reason": "The knowledge base explicitly states that condoms can be purchased at supermarkets, among other places.", "answer": 1, "retrieved_documents": [{"content": "You can buy condoms at pharmacies, drugstores, supermarkets, convenience stores, and online retailers.", "metadata": {"source": "knowledge/tmp.txt", "confidence": 0.9}, "score": 0.4171859920024872}, {"content": "You may be in a neighborhood or local corner shop.", "metadata": {"source": "knowledge/tmp.txt", "confidence": 0.8}, "score": 1.122705340385437}, {"content": "You can get jeans and other wearable items from clothing stores, department stores, online retailers, or specialty boutiques.", "metadata": {"source": "knowledge/tmp.txt", "confidence": 0.9}, "score": 1.1788067817687988}, {"content": "You can buy a magazine, paper, or gum at a convenience store, newsstand, or grocery store.", "metadata": {"source": "knowledge/tmp.txt", "confidence": 0.9}, "score": 1.2055721282958984}], "question": "Question:\nWhere do you buy condoms?\n\nCandidate Answers:\n1: supermarket\n2: sock drawer\n3: cd store\n4: medicine chest\n5: bedroom\n\n\nThere is only one correct option. Therefore, you must choose the answer that is most likely to be correct from all candidate answers.\nYour response should only contain the number of the chosen answer. Your response cannot contain any textual content.\n", "soft_refusal": false, "hard_refusal": false}