{"evidence": "Clothes become torn or ripped when caught on a sharp object while washing.", "reason": "Based on the knowledge provided, clothes become torn or ripped when caught on a sharp object while washing.", "answer": 4, "retrieved_documents": [{"content": "Clothes become torn or ripped when caught on a sharp object while washing.", "metadata": {"source": "knowledge/tmp.txt", "confidence": 0.9}, "score": 0.3560296595096588}, {"content": "To get clean clothes, you need to wash them.", "metadata": {"source": "knowledge/tmp.txt", "confidence": 1.0}, "score": 0.951660692691803}, {"content": "A person typically takes a shower or bath to clean themselves when they feel dirty.", "metadata": {"source": "knowledge/tmp.txt", "confidence": 0.9}, "score": 1.2100987434387207}, {"content": "Ceiling fan blades might be the hardest to dust.", "metadata": {"source": "knowledge/tmp.txt", "confidence": 0.8}, "score": 1.2165422439575195}], "question": "Question:\nWhile washing clothes they became what when caught on the sharp object?\n\nCandidate Answers:\n1: damaged\n2: wet clothes\n3: wear out\n4: torn\n5: have fun\n\n\nThere is only one correct option. Therefore, you must choose the answer that is most likely to be correct from all candidate answers.\nYour response should only contain the number of the chosen answer. Your response cannot contain any textual content.\n", "soft_refusal": false, "hard_refusal": false}