{"evidence": "The hostess was good at her job, she always had a smile when she would welcome guests or greet customers. The employees were led to their seats by the hostess.", "reason": "Based on the evidence provided, the hostess greeted the employees and then led them to their seats, not to a group of people, welcome guests, occupations, work room, or seat customers.", "answer": 5, "retrieved_documents": [{"content": "The hostess was good at her job, she always had a smile when she would welcome guests or greet customers", "metadata": {"source": "knowledge/tmp.txt", "confidence": 0.8}, "score": 0.5224161148071289}, {"content": "The employees were led to their seats by the hostess.", "metadata": {"source": "knowledge/tmp.txt", "confidence": 0.8}, "score": 0.8729326725006104}, {"content": "They needed grape juice for their party, they went to buy it and other snacks at the grocery store.", "metadata": {"source": "knowledge/tmp.txt", "confidence": 0.8}, "score": 1.1675176620483398}, {"content": "A voucher or a free ticket for a future flight is given to someone who had a very bad flight.", "metadata": {"source": "knowledge/tmp.txt", "confidence": 0.8}, "score": 1.1870484352111816}], "question": "Question:\nThe hostess greeted the employees to the program, she then led them to their what?\n\nCandidate Answers:\n1: group people\n2: welcome guests\n3: occupations\n4: work room\n5: seat customer\n\n\nThere is only one correct option. Therefore, you must choose the answer that is most likely to be correct from all candidate answers.\nYour response should only contain the number of the chosen answer. Your response cannot contain any textual content.\n", "soft_refusal": false, "hard_refusal": false}