{"evidence": "Loss of someone you love can cause grief in your heart.", "reason": "The knowledge base explicitly states that the loss of someone you love can cause grief in your heart.", "answer": 1, "retrieved_documents": [{"content": "Loss of someone you love can cause grief in your heart.", "metadata": {"source": "knowledge/tmp.txt", "confidence": 0.9}, "score": 0.5128147006034851}, {"content": "People usually feel a range of emotions when falling in love, such as happiness, excitement, passion, and a sense of connection.", "metadata": {"source": "knowledge/tmp.txt", "confidence": 0.9}, "score": 0.982597827911377}, {"content": "Crying at the holy site was explained as a common expression of deep emotion or reverence.", "metadata": {"source": "knowledge/tmp.txt", "confidence": 0.8}, "score": 1.172434687614441}, {"content": "If someone's spirits cannot elevate, they may experience feelings of stagnation, lack of motivation, and overall dissatisfaction with life.", "metadata": {"source": "knowledge/tmp.txt", "confidence": 0.8}, "score": 1.2316473722457886}], "question": "Question:\nLoss of someone you love can cause what kind of feeling in your heart?\n\nCandidate Answers:\n1: painful\n2: happy\n3: blind\n4: contagious\n5: bring joy\n\n\nThere is only one correct option. Therefore, you must choose the answer that is most likely to be correct from all candidate answers.\nYour response should only contain the number of the chosen answer. Your response cannot contain any textual content.\n", "soft_refusal": false, "hard_refusal": false}