{"evidence": "Planned communities or neighborhoods with strict homeowners association regulations have uniform yard sizes and landscaping.", "reason": "Based on the knowledge that planned communities have uniform yard sizes and landscaping, the person should look for a house in a subdivision.", "answer": 3, "retrieved_documents": [{"content": "A house outside the center of a community is said to be in a suburban area.", "metadata": {"source": "knowledge/tmp.txt", "confidence": 0.8}, "score": 0.8849017024040222}, {"content": "Planned communities or neighborhoods with strict homeowners association regulations have uniform yard sizes and landscaping.", "metadata": {"source": "knowledge/tmp.txt", "confidence": 0.8}, "score": 0.919884979724884}, {"content": "James might look for farmland in rural areas or agricultural regions.", "metadata": {"source": "knowledge/tmp.txt", "confidence": 0.8}, "score": 0.9681708812713623}, {"content": "John might live in a country estate or a manor house.", "metadata": {"source": "knowledge/tmp.txt", "confidence": 0.8}, "score": 1.0254626274108887}], "question": "Question:\nHe wanted to live somewhere were every yard was uniform in size and landscaping, where should he look for a house?\n\nCandidate Answers:\n1: city\n2: three feet\n3: subdivision\n4: parking garage\n5: michigan\n\n\nThere is only one correct option. Therefore, you must choose the answer that is most likely to be correct from all candidate answers.\nYour response should only contain the number of the chosen answer. Your response cannot contain any textual content.\n", "soft_refusal": false, "hard_refusal": true}