{"evidence": "Flasks were used in laboratories or scientific experiments to distill elements.", "reason": "The knowledge base explicitly states that flasks were used in laboratories, so the answer can be inferred from this fact.", "answer": 1, "retrieved_documents": [{"content": "Flasks were used in laboratories or scientific experiments to distill elements.", "metadata": {"source": "knowledge/tmp.txt", "confidence": 0.8}, "score": 0.25172922015190125}, {"content": "A fire extinguisher was kept in the laboratory because they dealt with combustible mixtures in their experiments.", "metadata": {"source": "knowledge/tmp.txt", "confidence": 0.8}, "score": 1.0751023292541504}, {"content": "Wishing wells originally had a pail to be lowered for their intended use.", "metadata": {"source": "knowledge/tmp.txt", "confidence": 0.8}, "score": 1.118374228477478}, {"content": "Water could be used to fill a cup and then drink from it.", "metadata": {"source": "knowledge/tmp.txt", "confidence": 1.0}, "score": 1.213401198387146}], "question": "Question:\nThe flasks was used to distill elements, where was is being used?\n\nCandidate Answers:\n1: laboratory\n2: chemistry lab\n3: coat pocket\n4: after hours speakeasy\n5: bordello\n\n\nThere is only one correct option. Therefore, you must choose the answer that is most likely to be correct from all candidate answers.\nYour response should only contain the number of the chosen answer. Your response cannot contain any textual content.\n", "soft_refusal": false, "hard_refusal": false}