{"evidence": "The guys had a regular poker game on Saturday night, rather than going to the movies.", "reason": "Based on the evidence provided, the guys had a regular poker game instead of going to the movies.", "answer": 5, "retrieved_documents": [{"content": "The guys had a regular poker game on Saturday night, rather than going to the movies.", "metadata": {"source": "knowledge/tmp.txt", "confidence": 0.8}, "score": 0.4876417815685272}, {"content": "The poker dealer spread the flop of cards across the table.", "metadata": {"source": "knowledge/tmp.txt", "confidence": 0.9}, "score": 1.1174352169036865}, {"content": "They needed grape juice for their party, they went to buy it and other snacks at the grocery store.", "metadata": {"source": "knowledge/tmp.txt", "confidence": 0.8}, "score": 1.2394541501998901}, {"content": "It is unclear what 'a guy' refers to in this context, so no definite answer can be provided.", "metadata": {"source": "knowledge/tmp.txt", "confidence": 0.0}, "score": 1.2545881271362305}], "question": "Question:\nThe guys had a regular poker game, rather than going to the movies this what their what?\n\nCandidate Answers:\n1: competition\n2: fun game\n3: losing money\n4: fun\n5: social event\n\n\nThere is only one correct option. Therefore, you must choose the answer that is most likely to be correct from all candidate answers.\nYour response should only contain the number of the chosen answer. Your response cannot contain any textual content.\n", "soft_refusal": false, "hard_refusal": false}