{"evidence": "When you stroke a dog's fur, you have touched or petted the dog.", "reason": "The evidence clearly states that when you stroke a dog's fur, you have petted the dog.", "answer": 4, "retrieved_documents": [{"content": "When you stroke a dog's fur, you have touched or petted the dog.", "metadata": {"source": "knowledge/tmp.txt", "confidence": 0.9}, "score": 0.6078348159790039}, {"content": "A successful dog grooming session is likely to make an owner feel satisfied, happy, and proud of their well-groomed pet.", "metadata": {"source": "knowledge/tmp.txt", "confidence": 0.9}, "score": 1.1454083919525146}, {"content": "The dog was tuckered out because it had just been playing or running around.", "metadata": {"source": "knowledge/tmp.txt", "confidence": 0.8}, "score": 1.1470530033111572}, {"content": "Dogs will love and protect their good owner.", "metadata": {"source": "knowledge/tmp.txt", "confidence": 0.9}, "score": 1.2047483921051025}], "question": "Question:\nWhen you stroke a dogs fur what have you done?\n\nCandidate Answers:\n1: start fighting\n2: play\n3: lots of attention\n4: petted\n5: bone\n\n\nThere is only one correct option. Therefore, you must choose the answer that is most likely to be correct from all candidate answers.\nYour response should only contain the number of the chosen answer. Your response cannot contain any textual content.\n", "soft_refusal": false, "hard_refusal": false}