{"evidence": "Dan fell off a bar stool because he was higher than ever before. Dan was actually asleep. He left a mess on the table.", "reason": "Based on the evidence provided, Dan fell off the bar stool because he was higher than ever before, which implies that he was drunk. Therefore, the correct answer is 'drunker'.", "answer": 2, "retrieved_documents": [{"content": "Dan fell off a bar stool because he was higher than ever before.", "metadata": {"source": "knowledge/tmp.txt", "confidence": 0.8}, "score": 0.4727906882762909}, {"content": "Brad tried to arise from bed but he could not. Instead, he just continued to do what?", "metadata": {"source": "knowledge/tmp.txt", "confidence": 1.0}, "score": 1.0445311069488525}, {"content": "Dan was actually asleep.", "metadata": {"source": "knowledge/tmp.txt", "confidence": 0.8}, "score": 1.107982873916626}, {"content": "He left a mess on the table.", "metadata": {"source": "knowledge/tmp.txt", "confidence": 0.8}, "score": 1.1763179302215576}], "question": "Question:\nDan fell off a bar stool.  He did this because he was what than ever before?\n\nCandidate Answers:\n1: kitchen\n2: drunker\n3: tavern\n4: restaurant\n5: shorter\n\n\nThere is only one correct option. Therefore, you must choose the answer that is most likely to be correct from all candidate answers.\nYour response should only contain the number of the chosen answer. Your response cannot contain any textual content.\n", "soft_refusal": false, "hard_refusal": false}