{"evidence": "Flowers may have adapted by growing wider or developing other strategies to access sunlight. Flowers are often considered the pretty part of plants. The sun could shine in.", "reason": "Based on the knowledge provided, the neighbor of the flower may have adapted by growing wider or developing other strategies to access sunlight, as mentioned in the knowledge base.", "answer": 4, "retrieved_documents": [{"content": "The neighbor of the flower may have adapted by growing wider or developing other strategies to access sunlight.", "metadata": {"source": "knowledge/tmp.txt", "confidence": 0.8}, "score": 0.47153839468955994}, {"content": "Flowers are often considered the pretty part of plants.", "metadata": {"source": "knowledge/tmp.txt", "confidence": 0.8}, "score": 0.9779506921768188}, {"content": "Flowers make a good center focal point on a table.", "metadata": {"source": "knowledge/tmp.txt", "confidence": 0.9}, "score": 1.1731840372085571}, {"content": "The sun could shine in.", "metadata": {"source": "knowledge/tmp.txt", "confidence": 0.8}, "score": 1.2224568128585815}], "question": "Question:\nThe flower grew tall to compete for sunlight, what did its neighbor do?\n\nCandidate Answers:\n1: blossom\n2: park\n3: open\n4: cast shadow\n5: vase\n\n\nThere is only one correct option. Therefore, you must choose the answer that is most likely to be correct from all candidate answers.\nYour response should only contain the number of the chosen answer. Your response cannot contain any textual content.\n", "soft_refusal": false, "hard_refusal": false}