{"evidence": "Feeling frustration is a common emotion when another car makes a careless maneuver while driving to work.", "reason": "Based on the knowledge that feeling frustration is a common emotion when another car makes a careless maneuver while driving to work, the likely emotion you might feel in this situation is frustration.", "answer": 5, "retrieved_documents": [{"content": "Feeling frustration is a common emotion when another car makes a careless maneuver while driving to work.", "metadata": {"source": "knowledge/tmp.txt", "confidence": 0.8}, "score": 0.4127846360206604}, {"content": "A driving car could potentially hit or injure a pedestrian if the driver is not paying attention or if there is a mistake in the driving process.", "metadata": {"source": "knowledge/tmp.txt", "confidence": 0.8}, "score": 1.0635203123092651}, {"content": "A person often feels defensive or upset when someone judges them guilty.", "metadata": {"source": "knowledge/tmp.txt", "confidence": 0.8}, "score": 1.1898999214172363}, {"content": "When driving, a person operates a vehicle to move from one place to another.", "metadata": {"source": "knowledge/tmp.txt", "confidence": 0.8}, "score": 1.1965692043304443}], "question": "Question:\nIf while driving to work another car makes a careless maneuver, what emotion might you feel?\n\nCandidate Answers:\n1: boredom\n2: happiness\n3: transportation cost\n4: getting there\n5: road rage\n\n\nThere is only one correct option. Therefore, you must choose the answer that is most likely to be correct from all candidate answers.\nYour response should only contain the number of the chosen answer. Your response cannot contain any textual content.\n", "soft_refusal": false, "hard_refusal": false}