{"evidence": "An automobile can get off a freeway by taking an exit ramp or an off-ramp.", "reason": "The knowledge base explicitly states that an automobile can get off a freeway by taking an exit ramp or an off-ramp.", "answer": 1, "retrieved_documents": [{"content": "An automobile can get off a freeway by taking an exit ramp or an off-ramp.", "metadata": {"source": "knowledge/tmp.txt", "confidence": 1.0}, "score": 0.4637531638145447}, {"content": "When driving, a person operates a vehicle to move from one place to another.", "metadata": {"source": "knowledge/tmp.txt", "confidence": 0.8}, "score": 0.8980751633644104}, {"content": "Cars usually travel at very high speeds on highways or race tracks.", "metadata": {"source": "knowledge/tmp.txt", "confidence": 0.9}, "score": 0.9657586812973022}, {"content": "Various factors such as mechanical failure, running out of fuel, flat tire, engine overheating, and electrical issues can prevent a driving car from continuing to drive.", "metadata": {"source": "knowledge/tmp.txt", "confidence": 0.9}, "score": 1.00032639503479}], "question": "Question:\nHow might a automobile get off a freeway?\n\nCandidate Answers:\n1: exit ramp\n2: garage\n3: driveway\n4: repair shop\n5: stop light\n\n\nThere is only one correct option. Therefore, you must choose the answer that is most likely to be correct from all candidate answers.\nYour response should only contain the number of the chosen answer. Your response cannot contain any textual content.\n", "soft_refusal": false, "hard_refusal": false}