{"evidence": "Going to bed with your spouse for sex leads to intimacy and physical connection. Someone is likely to want physical pleasure, emotional connection, intimacy, satisfaction, etc. as a result of sex. The goal of a person going to bed is likely to rest and sleep. People may feel sweaty or sticky after having sex, which may require them to shower.", "reason": "Based on the knowledge provided, going to bed with your spouse for sex is likely to lead to intimacy, physical connection, physical pleasure, emotional connection, and satisfaction. However, the ultimate goal of going to bed is to rest and sleep.", "answer": 3, "retrieved_documents": [{"content": "Going to bed with your spouse for sex leads to intimacy and physical connection.", "metadata": {"source": "knowledge/tmp.txt", "confidence": 0.8}, "score": 0.5280332565307617}, {"content": "Someone is likely to want physical pleasure, emotional connection, intimacy, satisfaction, etc. as a result of sex.", "metadata": {"source": "knowledge/tmp.txt", "confidence": 0.8}, "score": 0.9782940149307251}, {"content": "The goal of a person going to bed is likely to rest and sleep.", "metadata": {"source": "knowledge/tmp.txt", "confidence": 0.9}, "score": 1.1750143766403198}, {"content": "People may feel sweaty or sticky after having sex, which may require them to shower.", "metadata": {"source": "knowledge/tmp.txt", "confidence": 0.8}, "score": 1.1809242963790894}], "question": "Question:\nWhat does going to bed with your spouse for sex lead to?\n\nCandidate Answers:\n1: bad dreams\n2: a good nights sleep\n3: rest\n4: sleepiness\n5: get pregnant\n\n\nThere is only one correct option. Therefore, you must choose the answer that is most likely to be correct from all candidate answers.\nYour response should only contain the number of the chosen answer. Your response cannot contain any textual content.\n", "soft_refusal": false, "hard_refusal": false}