{"evidence": "Sally was feeling impatient. Pushing more might lead Sally to face more challenges or risks.", "reason": "Based on the knowledge that Sally was feeling impatient and pushing more might lead to more challenges or risks, it is likely that if Sally pushed more, she might face more challenges or risks.", "answer": 1, "retrieved_documents": [{"content": "Pushing more might lead Sally to face more challenges or risks.", "metadata": {"source": "knowledge/tmp.txt", "confidence": 0.7}, "score": 0.5762664079666138}, {"content": "Sally was feeling impatient.", "metadata": {"source": "knowledge/tmp.txt", "confidence": 0.8}, "score": 0.9210655093193054}, {"content": "Competing could result in multiple outcomes for James, such as winning, losing, or tying with another competitor.", "metadata": {"source": "knowledge/tmp.txt", "confidence": 0.8}, "score": 1.1155860424041748}, {"content": "She wanted to get in shape by doing an hour long workout.", "metadata": {"source": "knowledge/tmp.txt", "confidence": 0.9}, "score": 1.1322650909423828}], "question": "Question:\nSally thought that competing wasn't worth the risk. If she pushed more what might happen?\n\nCandidate Answers:\n1: pressure\n2: trying harder\n3: put harder\n4: enemies\n5: death\n\n\nThere is only one correct option. Therefore, you must choose the answer that is most likely to be correct from all candidate answers.\nYour response should only contain the number of the chosen answer. Your response cannot contain any textual content.\n", "soft_refusal": false, "hard_refusal": true}