{"evidence": "The newlyweds began copulating their marriage, they wanted many children.", "reason": "The evidence explicitly states that the newlyweds wanted many children.", "answer": 1, "retrieved_documents": [{"content": "The newlyweds began copulating their marriage, they wanted many children.", "metadata": {"source": "knowledge/tmp.txt", "confidence": 0.8}, "score": 0.25190210342407227}, {"content": "Polygamy is the result of an individual trying to procreate with many individuals.", "metadata": {"source": "knowledge/tmp.txt", "confidence": 0.8}, "score": 1.1723732948303223}, {"content": "It is unclear what she wanted to do with the man as the question is vague and lacks context.", "metadata": {"source": "knowledge/tmp.txt", "confidence": 0.5}, "score": 1.2157936096191406}, {"content": "The person's reaction to seeing the mess his children made was to sigh and start cleaning up the mess.", "metadata": {"source": "knowledge/tmp.txt", "confidence": 0.8}, "score": 1.2381348609924316}], "question": "Question:\nThe newlyweds began copulating their marriage, they wanted many what?\n\nCandidate Answers:\n1: babies\n2: odors\n3: sadness\n4: rapport\n5: ejaculation\n\n\nThere is only one correct option. Therefore, you must choose the answer that is most likely to be correct from all candidate answers.\nYour response should only contain the number of the chosen answer. Your response cannot contain any textual content.\n", "soft_refusal": false, "hard_refusal": false}