{"evidence": "A planet usually moves around the sun in an elliptical orbit.", "reason": "Based on the knowledge that planets move around the sun in an elliptical orbit, we can determine how a planet usually moves around the sun.", "answer": 5, "retrieved_documents": [{"content": "A planet usually moves around the sun in an elliptical orbit.", "metadata": {"source": "knowledge/tmp.txt", "confidence": 0.9}, "score": 0.3613719642162323}, {"content": "Comets tend to have elliptical paths around the sun.", "metadata": {"source": "knowledge/tmp.txt", "confidence": 0.9}, "score": 0.9231943488121033}, {"content": "The earth is one planet in the solar system.", "metadata": {"source": "knowledge/tmp.txt", "confidence": 1.0}, "score": 1.0536195039749146}, {"content": "The sun is ultimately responsible for providing energy to sustain life on Earth through the process of photosynthesis.", "metadata": {"source": "knowledge/tmp.txt", "confidence": 0.9}, "score": 1.2346524000167847}], "question": "Question:\nHow does a planet usually move around the sun?\n\nCandidate Answers:\n1: writing\n2: universe\n3: outer space\n4: outerspace\n5: orbit\n\n\nThere is only one correct option. Therefore, you must choose the answer that is most likely to be correct from all candidate answers.\nYour response should only contain the number of the chosen answer. Your response cannot contain any textual content.\n", "soft_refusal": false, "hard_refusal": false}