{"evidence": "Dance can also be fun and spontaneous. Having fun is typically characterized by enjoyment, excitement, and happiness. Enjoying something is when you do something and have fun. Performing is a type of action or activity.", "reason": "The evidence provided states that dance can be fun and spontaneous, and having fun is characterized by enjoyment and excitement. Enjoying something is also mentioned as having fun. Performing is mentioned as a type of action or activity.", "answer": 4, "retrieved_documents": [{"content": "Dance can also be fun and spontaneous.", "metadata": {"source": "knowledge/tmp.txt", "confidence": 0.9}, "score": 0.564453125}, {"content": "Having fun is typically characterized by enjoyment, excitement, and happiness.", "metadata": {"source": "knowledge/tmp.txt", "confidence": 0.9}, "score": 1.1686614751815796}, {"content": "Enjoying something is when you do something and have fun.", "metadata": {"source": "knowledge/tmp.txt", "confidence": 0.9}, "score": 1.2767137289047241}, {"content": "Performing is a type of action or activity.", "metadata": {"source": "knowledge/tmp.txt", "confidence": 0.9}, "score": 1.3109549283981323}], "question": "Question:\nDance can be elegant and specific, or you can just have fun and what?\n\nCandidate Answers:\n1: falling down\n2: trip\n3: fall down\n4: move around\n5: celebrate\n\n\nThere is only one correct option. Therefore, you must choose the answer that is most likely to be correct from all candidate answers.\nYour response should only contain the number of the chosen answer. Your response cannot contain any textual content.\n", "soft_refusal": false, "hard_refusal": false}