{"evidence": "One can obtain a bass fiddle at music stores, online retailers, or directly from instrument makers.", "reason": "The knowledge base explicitly states that a bass fiddle can be obtained at music stores, online retailers, or directly from instrument makers.", "answer": 5, "retrieved_documents": [{"content": "One can obtain a bass fiddle at music stores, online retailers, or directly from instrument makers.", "metadata": {"source": "knowledge/tmp.txt", "confidence": 0.8}, "score": 0.2573609948158264}, {"content": "You can acquire a wind instrument for your own use at music stores, online retailers, or directly from instrument manufacturers.", "metadata": {"source": "knowledge/tmp.txt", "confidence": 0.9}, "score": 0.9424540400505066}, {"content": "You can find a gong at music stores, online marketplaces like Amazon or eBay, or specialty shops that sell musical instruments.", "metadata": {"source": "knowledge/tmp.txt", "confidence": 0.8}, "score": 0.9855945110321045}, {"content": "You can get a balalaika from a music store or online music instrument retailer.", "metadata": {"source": "knowledge/tmp.txt", "confidence": 0.8}, "score": 0.9966144561767578}], "question": "Question:\nWhere can one obtain a bass fiddle?\n\nCandidate Answers:\n1: jazz band\n2: string quartet\n3: group band\n4: nursery rhyme\n5: music store\n\n\nThere is only one correct option. Therefore, you must choose the answer that is most likely to be correct from all candidate answers.\nYour response should only contain the number of the chosen answer. Your response cannot contain any textual content.\n", "soft_refusal": false, "hard_refusal": false}