{"evidence": "Factors that would encourage someone to continue playing tennis include enjoyment of the game, improvement in skills, social interaction with other players, physical fitness benefits, and competition.", "reason": "The evidence clearly states that factors encouraging someone to continue playing tennis include enjoyment of the game, improvement in skills, social interaction with other players, physical fitness benefits, and competition.", "answer": 3, "retrieved_documents": [{"content": "Factors that would encourage someone to continue playing tennis include enjoyment of the game, improvement in skills, social interaction with other players, physical fitness benefits, and competition.", "metadata": {"source": "knowledge/tmp.txt", "confidence": 0.9}, "score": 0.33169081807136536}, {"content": "Her encouraging and positive coach saw potential and talent in her despite her disability.", "metadata": {"source": "knowledge/tmp.txt", "confidence": 0.8}, "score": 1.118743896484375}, {"content": "To play sports professionally, you must train and practice regularly.", "metadata": {"source": "knowledge/tmp.txt", "confidence": 0.9}, "score": 1.125504970550537}, {"content": "Playing basketball for a long time helps him get exercise and improve his basketball skills.", "metadata": {"source": "knowledge/tmp.txt", "confidence": 0.8}, "score": 1.131861686706543}], "question": "Question:\nWhat would encourage someone to continue playing tennis?\n\nCandidate Answers:\n1: becoming tired\n2: tennis elbow\n3: exercise\n4: hunger\n5: victory\n\n\nThere is only one correct option. Therefore, you must choose the answer that is most likely to be correct from all candidate answers.\nYour response should only contain the number of the chosen answer. Your response cannot contain any textual content.\n", "soft_refusal": false, "hard_refusal": false}