{"evidence": "If someone laughs after surprising them they have a good sense of humor, People are likely to feel happy, grateful, and surprised when an unexpected decent outcome occurs, His friends surprised him.", "reason": "Based on the knowledge that if someone laughs after surprising them, they have a good sense of humor, the answer is most likely related to humor.", "answer": 4, "retrieved_documents": [{"content": "If someone laughs after surprising them they have a good sense of humor", "metadata": {"source": "knowledge/tmp.txt", "confidence": 0.9}, "score": 0.2589477598667145}, {"content": "In a comedy film, you would expect to hear laughter from the audience.", "metadata": {"source": "knowledge/tmp.txt", "confidence": 1.0}, "score": 0.908538281917572}, {"content": "People are likely to feel happy, grateful, and surprised when an unexpected decent outcome occurs.", "metadata": {"source": "knowledge/tmp.txt", "confidence": 0.9}, "score": 1.07791268825531}, {"content": "His friends surprised him.", "metadata": {"source": "knowledge/tmp.txt", "confidence": 0.8}, "score": 1.0806262493133545}], "question": "Question:\nIf someone laughs after surprising them they have a good sense of what?\n\nCandidate Answers:\n1: joy\n2: fight\n3: frightened\n4: humor\n5: laughter\n\n\nThere is only one correct option. Therefore, you must choose the answer that is most likely to be correct from all candidate answers.\nYour response should only contain the number of the chosen answer. Your response cannot contain any textual content.\n", "soft_refusal": false, "hard_refusal": false}