{"evidence": "Enjoying something is when you do something and have fun. Having fun is typically characterized by enjoyment, excitement, and happiness. Having fun is the same as enjoying himself for Danny.", "reason": "Based on the knowledge provided, enjoying something is when you do something and have fun, which means that when you do something and have fun, it is something you enjoy.", "answer": 5, "retrieved_documents": [{"content": "Enjoying something is when you do something and have fun.", "metadata": {"source": "knowledge/tmp.txt", "confidence": 0.9}, "score": 0.8045764565467834}, {"content": "Having fun is typically characterized by enjoyment, excitement, and happiness.", "metadata": {"source": "knowledge/tmp.txt", "confidence": 0.9}, "score": 0.8059298396110535}, {"content": "If someone laughs after surprising them they have a good sense of humor", "metadata": {"source": "knowledge/tmp.txt", "confidence": 0.9}, "score": 1.111372947692871}, {"content": "Having fun is the same as enjoying himself for Danny.", "metadata": {"source": "knowledge/tmp.txt", "confidence": 0.9}, "score": 1.1459842920303345}], "question": "Question:\nWhen you do something and have fun, its something you?\n\nCandidate Answers:\n1: spontaneous\n2: stop working\n3: pay for\n4: do like\n5: do enjoy\n\n\nThere is only one correct option. Therefore, you must choose the answer that is most likely to be correct from all candidate answers.\nYour response should only contain the number of the chosen answer. Your response cannot contain any textual content.\n", "soft_refusal": false, "hard_refusal": true}