{"evidence": "Committing perjury while under oath means lying or giving false information. Committing perjury is a serious crime. He was found guilty of perjury. The victim was going to testify or give a statement in court.", "reason": "Based on the knowledge provided, committing perjury involves lying or giving false information while under oath, which is considered a serious crime.", "answer": 4, "retrieved_documents": [{"content": "Committing perjury while under oath means lying or giving false information.", "metadata": {"source": "knowledge/tmp.txt", "confidence": 0.9}, "score": 0.4847589135169983}, {"content": "Committing perjury is a serious crime.", "metadata": {"source": "knowledge/tmp.txt", "confidence": 0.9}, "score": 0.5995305180549622}, {"content": "He was found guilty of perjury.", "metadata": {"source": "knowledge/tmp.txt", "confidence": 0.8}, "score": 0.9131479263305664}, {"content": "The victim was going to testify or give a statement in court.", "metadata": {"source": "knowledge/tmp.txt", "confidence": 0.9}, "score": 0.940244734287262}], "question": "Question:\nIf you are committing perjury you have done what while under oath?\n\nCandidate Answers:\n1: crime\n2: disrespect judge\n3: embarrassment\n4: lie\n5: indictment\n\n\nThere is only one correct option. Therefore, you must choose the answer that is most likely to be correct from all candidate answers.\nYour response should only contain the number of the chosen answer. Your response cannot contain any textual content.\n", "soft_refusal": false, "hard_refusal": false}