{"evidence": "The meaning of \"ficus\" can be found in a dictionary or by searching online. A dictionary can be found in a library along side other writings that can be borrowed.", "reason": "The evidence clearly states that the meaning of \"ficus\" can be found in a dictionary, which is available in a library.", "answer": 1, "retrieved_documents": [{"content": "The meaning of \"ficus\" can be found in a dictionary or by searching online.", "metadata": {"source": "knowledge/tmp.txt", "confidence": 0.8}, "score": 0.149730384349823}, {"content": "Ficus trees create shaded areas in yards, which can help make summer more bearable by providing relief from the heat.", "metadata": {"source": "knowledge/tmp.txt", "confidence": 0.8}, "score": 0.8649942874908447}, {"content": "A personal ficus could live indoors as a houseplant.", "metadata": {"source": "knowledge/tmp.txt", "confidence": 0.9}, "score": 0.8654875755310059}, {"content": "A dictionary can be found in a library along side other writings that can be borrowed.", "metadata": {"source": "knowledge/tmp.txt", "confidence": 1.0}, "score": 1.273589849472046}], "question": "Question:\nWhere can you find the meaning of \"ficus\"?\n\nCandidate Answers:\n1: dictionary\n2: apartment\n3: libary\n4: middle east\n5: arboretum\n\n\nThere is only one correct option. Therefore, you must choose the answer that is most likely to be correct from all candidate answers.\nYour response should only contain the number of the chosen answer. Your response cannot contain any textual content.\n", "soft_refusal": false, "hard_refusal": false}