{"evidence": "A lake is likely to be glacial if it is located in a region where glaciers are present, such as near the poles or in high mountain ranges.", "reason": "Based on the knowledge provided, a lake is likely to be glacial if it is located near the poles or in high mountain ranges where glaciers are present.", "answer": 4, "retrieved_documents": [{"content": "A lake is likely to be glacial if it is located in a region where glaciers are present, such as near the poles or in high mountain ranges.", "metadata": {"source": "knowledge/tmp.txt", "confidence": 0.9}, "score": 0.4559594988822937}, {"content": "The location of the forest experiencing a cold winter is not specified.", "metadata": {"source": "knowledge/tmp.txt", "confidence": 0.0}, "score": 1.1902029514312744}, {"content": "The stone was found in the stream bed.", "metadata": {"source": "knowledge/tmp.txt", "confidence": 0.8}, "score": 1.2038713693618774}, {"content": "A pond with trees around it is likely located in a natural setting such as a park, forest, or countryside.", "metadata": {"source": "knowledge/tmp.txt", "confidence": 0.8}, "score": 1.2121515274047852}], "question": "Question:\nWhere is a lake likely to be glacial?\n\nCandidate Answers:\n1: michigan\n2: new york\n3: new york\n4: mountains\n5: countryside\n\n\nThere is only one correct option. Therefore, you must choose the answer that is most likely to be correct from all candidate answers.\nYour response should only contain the number of the chosen answer. Your response cannot contain any textual content.\n", "soft_refusal": false, "hard_refusal": false}