{"evidence": "Urban areas with a high population density and a vibrant nightlife scene are likely to have many nightclubs. You can find a place to eat in an urban area close to local nightlife by looking for restaurants, cafes, or food trucks located near popular nightlife spots.", "reason": "Based on the knowledge provided, areas with a high population density and vibrant nightlife scenes are likely to have many nightclubs. Additionally, restaurants, cafes, and food trucks located near popular nightlife spots are also good indicators of areas with many nightclubs.", "answer": 4, "retrieved_documents": [{"content": "Urban areas with a high population density and a vibrant nightlife scene are likely to have many nightclubs.", "metadata": {"source": "knowledge/tmp.txt", "confidence": 0.8}, "score": 0.3438981771469116}, {"content": "You could go to a city or a large urban area with a high concentration of restaurants.", "metadata": {"source": "knowledge/tmp.txt", "confidence": 0.8}, "score": 0.9250578880310059}, {"content": "You can find a place to eat in an urban area close to local nightlife by looking for restaurants, cafes, or food trucks located near popular nightlife spots.", "metadata": {"source": "knowledge/tmp.txt", "confidence": 0.8}, "score": 1.0572928190231323}, {"content": "People can get beer at a bar or a casino's bar after a bit of gambling.", "metadata": {"source": "knowledge/tmp.txt", "confidence": 0.8}, "score": 1.110758900642395}], "question": "Question:\nWhere areas are there likely to be many nightclubs?\n\nCandidate Answers:\n1: manhattan\n2: drink and dance\n3: alcohol\n4: major city\n5: downtown area\n\n\nThere is only one correct option. Therefore, you must choose the answer that is most likely to be correct from all candidate answers.\nYour response should only contain the number of the chosen answer. Your response cannot contain any textual content.\n", "soft_refusal": false, "hard_refusal": false}