{"evidence": "A bird is likely to make its home in a nest, typically in trees or bushes.", "reason": "Based on the knowledge that a bird makes its home in a nest, the most likely answer is 'nest'.", "answer": 2, "retrieved_documents": [{"content": "A bird is likely to make its home in a nest, typically in trees or bushes.", "metadata": {"source": "knowledge/tmp.txt", "confidence": 0.9}, "score": 0.3706740438938141}, {"content": "A wild bird usually lives in its natural habitat, which can vary depending on the species of bird.", "metadata": {"source": "knowledge/tmp.txt", "confidence": 0.9}, "score": 0.732356071472168}, {"content": "Pet birds likely live in a cage.", "metadata": {"source": "knowledge/tmp.txt", "confidence": 0.9}, "score": 0.8266799449920654}, {"content": "Pet birds should be kept in a cage or aviary to prevent danger", "metadata": {"source": "knowledge/tmp.txt", "confidence": 0.9}, "score": 0.9717259407043457}], "question": "Question:\nWhere is a bird likely to make it's home?\n\nCandidate Answers:\n1: forest\n2: nest\n3: roof\n4: leaves\n5: sky\n\n\nThere is only one correct option. Therefore, you must choose the answer that is most likely to be correct from all candidate answers.\nYour response should only contain the number of the chosen answer. Your response cannot contain any textual content.\n", "soft_refusal": false, "hard_refusal": false}