{"evidence": "A person suffering from hunger early in the day typically eats breakfast to alleviate their hunger.", "reason": "The knowledge base explicitly states that a person suffering from hunger early in the day typically eats breakfast to alleviate their hunger.", "answer": 2, "retrieved_documents": [{"content": "A person suffering from hunger early in the day typically eats breakfast to alleviate their hunger.", "metadata": {"source": "knowledge/tmp.txt", "confidence": 0.9}, "score": 0.6094843745231628}, {"content": "Having food right before going to bed is the worst time, as it can lead to indigestion and disrupt sleep.", "metadata": {"source": "knowledge/tmp.txt", "confidence": 0.8}, "score": 1.0719765424728394}, {"content": "It is recommended to start the day with a healthy breakfast, some light exercise, and setting goals for the day.", "metadata": {"source": "knowledge/tmp.txt", "confidence": 0.8}, "score": 1.130403995513916}, {"content": "When you need to get food, you can either cook at home, order takeout, dine out at a restaurant, or go grocery shopping.", "metadata": {"source": "knowledge/tmp.txt", "confidence": 0.9}, "score": 1.1575114727020264}], "question": "Question:\nWhen a person suffers from hunger early in the day what do they do?\n\nCandidate Answers:\n1: eat hamburger\n2: eat breakfast\n3: open fridge\n4: buy food\n5: cook dinner\n\n\nThere is only one correct option. Therefore, you must choose the answer that is most likely to be correct from all candidate answers.\nYour response should only contain the number of the chosen answer. Your response cannot contain any textual content.\n", "soft_refusal": false, "hard_refusal": false}