{"evidence": "Examining things closely can help someone understand them better, identify flaws or details, and gather more information.", "reason": "The evidence provided explains that examining things closely can lead to a better understanding, identification of flaws or details, and gathering more information.", "answer": 2, "retrieved_documents": [{"content": "Examining things closely can help someone understand them better, identify flaws or details, and gather more information.", "metadata": {"source": "knowledge/tmp.txt", "confidence": 0.9}, "score": 0.4314097464084625}, {"content": "Finding the answer to a question or exploring a topic of interest is likely to satisfy someone's curiosity.", "metadata": {"source": "knowledge/tmp.txt", "confidence": 0.9}, "score": 1.0619785785675049}, {"content": "To try doing things differently", "metadata": {"source": "knowledge/tmp.txt", "confidence": 0.9}, "score": 1.0958894491195679}, {"content": "The detective was finding information from witnesses to gather evidence and testimonies related to a crime or incident.", "metadata": {"source": "knowledge/tmp.txt", "confidence": 0.9}, "score": 1.171703815460205}], "question": "Question:\nWhy does someone want to examine thing closely?\n\nCandidate Answers:\n1: buy\n2: learn about\n3: buy\n4: complex\n5: interesting\n\n\nThere is only one correct option. Therefore, you must choose the answer that is most likely to be correct from all candidate answers.\nYour response should only contain the number of the chosen answer. Your response cannot contain any textual content.\n", "soft_refusal": false, "hard_refusal": false}