{"evidence": "Drinking alcohol can lead to various health issues such as liver damage, addiction, impaired judgment, and increased risk of accidents. Having a hangover is a common consequence of celebrating with too many cocktails. Having a hangover is a common experience after awaking from a night of heavy drinking. Becoming extremely focused and productive is a very unlikely side effect of becoming inebriated.", "reason": "Based on the evidence provided, it is clear that drinking alcohol can lead to negative consequences such as health issues, impaired judgment, and hangovers.", "answer": 2, "retrieved_documents": [{"content": "Drinking alcohol can lead to various health issues such as liver damage, addiction, impaired judgment, and increased risk of accidents.", "metadata": {"source": "knowledge/tmp.txt", "confidence": 0.8}, "score": 0.5268491506576538}, {"content": "Having a hangover is a common consequence of celebrating with too many cocktails.", "metadata": {"source": "knowledge/tmp.txt", "confidence": 0.9}, "score": 0.9012565612792969}, {"content": "Having a hangover is a common experience after awaking from a night of heavy drinking.", "metadata": {"source": "knowledge/tmp.txt", "confidence": 0.9}, "score": 0.9793158769607544}, {"content": "Becoming extremely focused and productive is a very unlikely side effect of becoming inebriated.", "metadata": {"source": "knowledge/tmp.txt", "confidence": 0.8}, "score": 1.0366265773773193}], "question": "Question:\nWhat does \tdrinking alcohol lead to?\n\nCandidate Answers:\n1: have fun\n2: intoxication\n3: vomiting\n4: drinking more alcohol\n5: nausea\n\n\nThere is only one correct option. Therefore, you must choose the answer that is most likely to be correct from all candidate answers.\nYour response should only contain the number of the chosen answer. Your response cannot contain any textual content.\n", "soft_refusal": false, "hard_refusal": false}