{"evidence": "The silence of everything allowed him to hear every motion in the woods during the winter hunt.", "reason": "The evidence explicitly states that the reason he could hear every motion in the woods during the winter hunt was due to the silence of everything.", "answer": 2, "retrieved_documents": [{"content": "The silence of everything allowed him to hear every motion in the woods during the winter hunt.", "metadata": {"source": "knowledge/tmp.txt", "confidence": 0.8}, "score": 0.5725851655006409}, {"content": "The location of the forest experiencing a cold winter is not specified.", "metadata": {"source": "knowledge/tmp.txt", "confidence": 0.0}, "score": 1.025229811668396}, {"content": "The sound of the engine", "metadata": {"source": "knowledge/tmp.txt", "confidence": 0.8}, "score": 1.1443630456924438}, {"content": "The thoroughfare was passing through fields and woods.", "metadata": {"source": "knowledge/tmp.txt", "confidence": 1.0}, "score": 1.1732661724090576}], "question": "Question:\nDuring the winter hunt he could hear every motion in the woods, this was because of the what of everything?\n\nCandidate Answers:\n1: being still\n2: silence\n3: stationary\n4: stillness\n5: standing still\n\n\nThere is only one correct option. Therefore, you must choose the answer that is most likely to be correct from all candidate answers.\nYour response should only contain the number of the chosen answer. Your response cannot contain any textual content.\n", "soft_refusal": false, "hard_refusal": false}