{"evidence": "James didn't want his son to disturb or harm the frogs mating in the area.", "reason": "Based on the evidence provided, James didn't want his son to disturb the frogs mating in the area.", "answer": 4, "retrieved_documents": [{"content": "James didn't want his son to disturb or harm the frogs mating in the area.", "metadata": {"source": "knowledge/tmp.txt", "confidence": 0.9}, "score": 0.5004387497901917}, {"content": "James was troubled and fearful because of the consequences of his actions and the potential punishment he could face.", "metadata": {"source": "knowledge/tmp.txt", "confidence": 0.8}, "score": 1.091797113418579}, {"content": "James needed to clean out dirt.", "metadata": {"source": "knowledge/tmp.txt", "confidence": 1.0}, "score": 1.1858199834823608}, {"content": "Brad tried to arise from bed but he could not. Instead, he just continued to do what?", "metadata": {"source": "knowledge/tmp.txt", "confidence": 1.0}, "score": 1.2107808589935303}], "question": "Question:\njames told his son to settle down and be careful.  There were many frogs mating in the area, and James didn't want his son to do what to them?\n\nCandidate Answers:\n1: wander\n2: migrate\n3: scare\n4: disturb\n5: agitate\n\n\nThere is only one correct option. Therefore, you must choose the answer that is most likely to be correct from all candidate answers.\nYour response should only contain the number of the chosen answer. Your response cannot contain any textual content.\n", "soft_refusal": false, "hard_refusal": false}