{"evidence": "Finding a cat in the washing machine is the last place you'd want to find it. A cat would snuggle up with their human on a couch, bed, or any comfortable surface where they can be close to their human.", "reason": "Based on the knowledge that finding a cat in the washing machine is the last place you'd want to find it, and that a cat prefers to snuggle up with their human on a comfortable surface, we can determine the last place you'd want to find a cat.", "answer": 1, "retrieved_documents": [{"content": "Finding a cat in the washing machine is the last place you'd want to find it.", "metadata": {"source": "knowledge/tmp.txt", "confidence": 0.9}, "score": 0.6252782344818115}, {"content": "A cat would snuggle up with their human on a couch, bed, or any comfortable surface where they can be close to their human.", "metadata": {"source": "knowledge/tmp.txt", "confidence": 0.9}, "score": 0.7959432005882263}, {"content": "The kitten should spend most of its time around its mother to learn hunting skills and behavior.", "metadata": {"source": "knowledge/tmp.txt", "confidence": 0.8}, "score": 1.0690319538116455}, {"content": "A cat could want attention, play, sleep, explore, groom itself, or exhibit territorial behavior.", "metadata": {"source": "knowledge/tmp.txt", "confidence": 0.9}, "score": 1.0816000699996948}], "question": "Question:\nIf you own a cat where is the last place you'd want to find it?\n\nCandidate Answers:\n1: trouble\n2: dog's mouth\n3: backyard\n4: nature\n5: home\n\n\nThere is only one correct option. Therefore, you must choose the answer that is most likely to be correct from all candidate answers.\nYour response should only contain the number of the chosen answer. Your response cannot contain any textual content.\n", "soft_refusal": false, "hard_refusal": false}