{
    "evidence": "Christians believe you will go to heaven if you accept Jesus Christ as your savior and follow his teachings.",
    "reason": "Based on the knowledge that Christians believe in going to heaven by accepting Jesus Christ as their savior, the most likely correct answer is 'born again'.",
    "answer": "2: born again",
    "retrieved_documents": [
        {
            "content": "Christians believe you will go to heaven if you accept Jesus Christ as your savior and follow his teachings.",
            "metadata": {
                "source": "knowledge/tmp.txt",
                "confidence": 0.9
            },
            "score": 0.6182525753974915
        },
        {
            "content": "The murderer went to church after feeling remorse.",
            "metadata": {
                "source": "knowledge/tmp.txt",
                "confidence": 0.8
            },
            "score": 1.3390705585479736
        },
        {
            "content": "When someone has little knowledge and is judging someone they are considered ignorant.",
            "metadata": {
                "source": "knowledge/tmp.txt",
                "confidence": 0.9
            },
            "score": 1.400227427482605
        },
        {
            "content": "Noble citizens of the Roman empire believed those born with lower status were inferior or lower class.",
            "metadata": {
                "source": "knowledge/tmp.txt",
                "confidence": 0.8
            },
            "score": 1.424761176109314
        }
    ],
    "question": "Question:\nChristians believe you will go to heaven if you're what?\n\nCandidate Answers:\n1: unable to work\n2: born again\n3: change of color\n4: dead\n5: no longer exist\n\n\nThere is only one correct option. Therefore, you must choose the answer that is most likely to be correct from all candidate answers.\nYour response should only contain the number of the chosen answer. Your response cannot contain any textual content.\n",
    "soft_refusal": false,
    "hard_refusal": false
}