{"evidence": "James would always fall off the surfboard.", "reason": "Based on the evidence that James would always fall off the surfboard, it is clear that he would always wipe out while surfing.", "answer": 1, "retrieved_documents": [{"content": "James would always fall off the surfboard.", "metadata": {"source": "knowledge/tmp.txt", "confidence": 0.8}, "score": 0.9334633350372314}, {"content": "Brad tried to arise from bed but he could not. Instead, he just continued to do what?", "metadata": {"source": "knowledge/tmp.txt", "confidence": 1.0}, "score": 1.0376269817352295}, {"content": "James is carrying a duffel bag with him because he doesn't have a vehicle of his own and needs a bag to carry his things in while he uses public transportation.", "metadata": {"source": "knowledge/tmp.txt", "confidence": 0.8}, "score": 1.141528844833374}, {"content": "He was likely at the beach or by a pool.", "metadata": {"source": "knowledge/tmp.txt", "confidence": 0.8}, "score": 1.152092456817627}], "question": "Question:\nJames loved to surf but he wasn't good at it. He would always do what?\n\nCandidate Answers:\n1: wipe out\n2: enjoy yourself\n3: start fighting\n4: get wet\n5: drown\n\n\nThere is only one correct option. Therefore, you must choose the answer that is most likely to be correct from all candidate answers.\nYour response should only contain the number of the chosen answer. Your response cannot contain any textual content.\n", "soft_refusal": false, "hard_refusal": true}