{"evidence": "Air conditioning is likely to be installed in the living room or entertainment area where the man watches the game on Saturday.", "reason": "Based on the knowledge that air conditioning is likely to be installed in the living room or entertainment area where the man watches the game on Saturday, it is most likely to be installed in a house.", "answer": 2, "retrieved_documents": [{"content": "Air conditioning is likely to be installed in the living room or entertainment area where the man watches the game on Saturday.", "metadata": {"source": "knowledge/tmp.txt", "confidence": 0.8}, "score": 0.4082286059856415}, {"content": "Air conditioners can be turned on to cool down a home when it feels too hot.", "metadata": {"source": "knowledge/tmp.txt", "confidence": 0.9}, "score": 1.0701346397399902}, {"content": "Joe is probably in a conference center or a convention center.", "metadata": {"source": "knowledge/tmp.txt", "confidence": 0.8}, "score": 1.176216959953308}, {"content": "The location of the smelly carpet installation is not specified.", "metadata": {"source": "knowledge/tmp.txt", "confidence": 0.2}, "score": 1.1862801313400269}], "question": "Question:\nA man wants air conditioning while we watches the game on Saturday, where will it likely be installed?\n\nCandidate Answers:\n1: car\n2: house\n3: offices\n4: park\n5: movie theatre\n\n\nThere is only one correct option. Therefore, you must choose the answer that is most likely to be correct from all candidate answers.\nYour response should only contain the number of the chosen answer. Your response cannot contain any textual content.\n", "soft_refusal": false, "hard_refusal": false}