{"evidence": "The murderer went to church after feeling remorse. The church was hoping to accomplish helping those in need, spreading goodwill, and fulfilling their religious or moral obligations.", "reason": "Based on the evidence provided, the murderer went to church after feeling remorse.", "answer": 2, "retrieved_documents": [{"content": "The murderer went to church after feeling remorse.", "metadata": {"source": "knowledge/tmp.txt", "confidence": 0.8}, "score": 0.4884624481201172}, {"content": "He had a belief that he would get away with it", "metadata": {"source": "knowledge/tmp.txt", "confidence": 0.8}, "score": 1.1340763568878174}, {"content": "The church was hoping to accomplish helping those in need, spreading goodwill, and fulfilling their religious or moral obligations.", "metadata": {"source": "knowledge/tmp.txt", "confidence": 0.8}, "score": 1.1935793161392212}, {"content": "Various factors such as mental illness, anger issues, substance abuse, or a history of violence can contribute to someone committing murder.", "metadata": {"source": "knowledge/tmp.txt", "confidence": 0.8}, "score": 1.193790316581726}], "question": "Question:\nAfter killing people, the murderer went to church after feeling what?\n\nCandidate Answers:\n1: murder\n2: remorse\n3: religious\n4: retaliation\n5: anguish\n\n\nThere is only one correct option. Therefore, you must choose the answer that is most likely to be correct from all candidate answers.\nYour response should only contain the number of the chosen answer. Your response cannot contain any textual content.\n", "soft_refusal": false, "hard_refusal": false}