{"evidence": "Survival of the individual attempting suicide may result in an unsuccessful suicide attempt.", "reason": "Based on the knowledge that survival of the individual attempting suicide may result in an unsuccessful suicide attempt, it is clear that an interruption or intervention can lead to an unsuccessful suicide attempt.", "answer": 2, "retrieved_documents": [{"content": "Survival of the individual attempting suicide may result in an unsuccessful suicide attempt.", "metadata": {"source": "knowledge/tmp.txt", "confidence": 1.0}, "score": 0.5245620608329773}, {"content": "Committing murder could prevent someone from living or continuing their life.", "metadata": {"source": "knowledge/tmp.txt", "confidence": 0.8}, "score": 1.1127060651779175}, {"content": "Various factors such as mental illness, anger issues, substance abuse, or a history of violence can contribute to someone committing murder.", "metadata": {"source": "knowledge/tmp.txt", "confidence": 0.8}, "score": 1.160387635231018}, {"content": "If someone's spirits cannot elevate, they may experience feelings of stagnation, lack of motivation, and overall dissatisfaction with life.", "metadata": {"source": "knowledge/tmp.txt", "confidence": 0.8}, "score": 1.1686323881149292}], "question": "Question:\nWhat might result in an unsuccessful suicide attempt?\n\nCandidate Answers:\n1: die\n2: interruption\n3: bleed\n4: hatred\n5: dying\n\n\nThere is only one correct option. Therefore, you must choose the answer that is most likely to be correct from all candidate answers.\nYour response should only contain the number of the chosen answer. Your response cannot contain any textual content.\n", "soft_refusal": false, "hard_refusal": false}