{"evidence": "Auto repair shops or garages are where all the power tools like the drill used for fixing cars are made for a very loud workplace.", "reason": "The evidence clearly states that auto repair shops or garages are where power tools like drills used for fixing cars are made for a very loud workplace.", "answer": 4, "retrieved_documents": [{"content": "Auto repair shops or garages are where all the power tools like the drill used for fixing cars are made for a very loud workplace.", "metadata": {"source": "knowledge/tmp.txt", "confidence": 0.8}, "score": 0.22358877956867218}, {"content": "Construction sites are where many loud machines are expected.", "metadata": {"source": "knowledge/tmp.txt", "confidence": 0.8}, "score": 0.7757053375244141}, {"content": "Ceiling fan blades might be the hardest to dust.", "metadata": {"source": "knowledge/tmp.txt", "confidence": 0.8}, "score": 1.198752522468567}, {"content": "The sound of the engine", "metadata": {"source": "knowledge/tmp.txt", "confidence": 0.8}, "score": 1.2325667142868042}], "question": "Question:\nAll the power tools like the drill used for fixing cars made for a very loud workplace where?\n\nCandidate Answers:\n1: basement\n2: work shop\n3: tool shed\n4: repair shop\n5: store room\n\n\nThere is only one correct option. Therefore, you must choose the answer that is most likely to be correct from all candidate answers.\nYour response should only contain the number of the chosen answer. Your response cannot contain any textual content.\n", "soft_refusal": false, "hard_refusal": false}