{"evidence": "A balailaika is a Russian musical instrument similar to a guitar, so a musician or a person could be playing a balailaika. You can get a balalaika from a music store or online music instrument retailer. A musician would use a musical instrument. The player was likely a member of a marching band or a musical ensemble.", "reason": "Based on the knowledge provided, a musician or a person would be playing a balailaika, and they could have obtained it from a music store or online retailer. Additionally, the player is likely to be a member of a marching band or a musical ensemble.", "answer": 2, "retrieved_documents": [{"content": "A balailaika is a Russian musical instrument similar to a guitar, so a musician or a person could be playing a balailaika.", "metadata": {"source": "knowledge/tmp.txt", "confidence": 0.8}, "score": 0.3422915041446686}, {"content": "You can get a balalaika from a music store or online music instrument retailer.", "metadata": {"source": "knowledge/tmp.txt", "confidence": 0.8}, "score": 0.7600663304328918}, {"content": "A musician would use a musical instrument.", "metadata": {"source": "knowledge/tmp.txt", "confidence": 1.0}, "score": 1.0754315853118896}, {"content": "The player was likely a member of a marching band or a musical ensemble.", "metadata": {"source": "knowledge/tmp.txt", "confidence": 0.8}, "score": 1.1703020334243774}], "question": "Question:\nWhat could be playing a balailaika?\n\nCandidate Answers:\n1: movie dr\n2: orchestra\n3: music store\n4: cat\n5: symphony\n\n\nThere is only one correct option. Therefore, you must choose the answer that is most likely to be correct from all candidate answers.\nYour response should only contain the number of the chosen answer. Your response cannot contain any textual content.\n", "soft_refusal": false, "hard_refusal": false}