{"evidence": "Traveling from new place to new place is likely to be exciting and adventurous. The process of going somewhere typically involves moving from one location to another, either by walking, driving, flying, or using other modes of transportation. Embracing a nomadic lifestyle and constantly moving from one place to another is one option if you do not want to settle in one place. To see new things in a new place, you can explore the area, visit local attractions, try new foods, interact with locals, and participate in cultural activities.", "reason": "Based on the provided knowledge base, it is mentioned that traveling from a new place to another is likely to be exciting and adventurous, which aligns with the idea of something being exhilarating.", "answer": 2, "retrieved_documents": [{"content": "Traveling from new place to new place is likely to be exciting and adventurous.", "metadata": {"source": "knowledge/tmp.txt", "confidence": 0.8}, "score": 0.5109192132949829}, {"content": "The process of going somewhere typically involves moving from one location to another, either by walking, driving, flying, or using other modes of transportation.", "metadata": {"source": "knowledge/tmp.txt", "confidence": 0.9}, "score": 0.7292171716690063}, {"content": "Embracing a nomadic lifestyle and constantly moving from one place to another is one option if you do not want to settle in one place.", "metadata": {"source": "knowledge/tmp.txt", "confidence": 0.8}, "score": 0.9276029467582703}, {"content": "To see new things in a new place, you can explore the area, visit local attractions, try new foods, interact with locals, and participate in cultural activities.", "metadata": {"source": "knowledge/tmp.txt", "confidence": 0.9}, "score": 0.9993258714675903}], "question": "Question:\nTraveling from new place to new place is likely to be what?\n\nCandidate Answers:\n1: going somewhere\n2: exhilarating\n3: diarrhea\n4: relocation\n5: exhausting\n\n\nThere is only one correct option. Therefore, you must choose the answer that is most likely to be correct from all candidate answers.\nYour response should only contain the number of the chosen answer. Your response cannot contain any textual content.\n", "soft_refusal": false, "hard_refusal": false}