{"evidence": "The sky is often considered most beautiful in areas with minimal light pollution, such as remote rural locations or high-altitude areas.", "reason": "Based on the knowledge that the sky is most beautiful in areas with minimal light pollution, we can infer that the sky is most beautiful outdoors where there is minimal light pollution.", "answer": 2, "retrieved_documents": [{"content": "The sky is often considered most beautiful in areas with minimal light pollution, such as remote rural locations or high-altitude areas.", "metadata": {"source": "knowledge/tmp.txt", "confidence": 0.8}, "score": 0.522072970867157}, {"content": "A storey containing a panoramic view would be in a building or a skyscraper.", "metadata": {"source": "knowledge/tmp.txt", "confidence": 0.8}, "score": 1.167736530303955}, {"content": "To see something beautiful when suffering from boredom, you can try watching a sunset, visiting a botanical garden, or exploring art galleries.", "metadata": {"source": "knowledge/tmp.txt", "confidence": 0.8}, "score": 1.1925747394561768}, {"content": "They missed the birds overhead as they stared at the sky.", "metadata": {"source": "knowledge/tmp.txt", "confidence": 0.9}, "score": 1.2132014036178589}], "question": "Question:\nWhere is the sky most beautiful?\n\nCandidate Answers:\n1: planetarium\n2: outdoors\n3: atmosphere\n4: night\n5: photo\n\n\nThere is only one correct option. Therefore, you must choose the answer that is most likely to be correct from all candidate answers.\nYour response should only contain the number of the chosen answer. Your response cannot contain any textual content.\n", "soft_refusal": false, "hard_refusal": false}