{"evidence": "Oranges are a type of fruit that is easily broken into sections.", "reason": "Oranges are specifically mentioned as a type of fruit that can be easily broken into sections in the knowledge base.", "answer": 2, "retrieved_documents": [{"content": "Oranges are a type of fruit that is easily broken into sections.", "metadata": {"source": "knowledge/tmp.txt", "confidence": 0.9}, "score": 0.5642057061195374}, {"content": "To get a grape, you would go to a grocery store or a market.", "metadata": {"source": "knowledge/tmp.txt", "confidence": 0.8}, "score": 1.0676820278167725}, {"content": "Apples form on the branches of an apple tree.", "metadata": {"source": "knowledge/tmp.txt", "confidence": 1.0}, "score": 1.0895168781280518}, {"content": "A farmer's market is a great place to buy fresh fruit.", "metadata": {"source": "knowledge/tmp.txt", "confidence": 0.8}, "score": 1.1084175109863281}], "question": "Question:\nWhat type of fruit is easily broken in to sections?\n\nCandidate Answers:\n1: slide\n2: citrus\n3: band\n4: orchestra\n5: coconut\n\n\nThere is only one correct option. Therefore, you must choose the answer that is most likely to be correct from all candidate answers.\nYour response should only contain the number of the chosen answer. Your response cannot contain any textual content.\n", "soft_refusal": false, "hard_refusal": false}