{"evidence": "To stay warm when you are cold, you can wear warm clothing, drink hot beverages, or use a blanket.", "reason": "The evidence provided suggests that wearing warm clothing, drinking hot beverages, or using a blanket are effective ways to stay warm when cold.", "answer": 1, "retrieved_documents": [{"content": "To stay warm when you are cold, you can wear warm clothing, drink hot beverages, or use a blanket.", "metadata": {"source": "knowledge/tmp.txt", "confidence": 0.9}, "score": 0.5522511005401611}, {"content": "Turning the fan on can make the room more comfortable.", "metadata": {"source": "knowledge/tmp.txt", "confidence": 0.9}, "score": 1.3421498537063599}, {"content": "To seek medical attention or take appropriate medication", "metadata": {"source": "knowledge/tmp.txt", "confidence": 0.8}, "score": 1.3814953565597534}, {"content": "Competing in a chess game on a cold day can potentially lead to decreased focus and concentration due to the discomfort caused by the cold temperature.", "metadata": {"source": "knowledge/tmp.txt", "confidence": 0.8}, "score": 1.4080222845077515}], "question": "Question:\nI am cold, what should I do to stay warm?\n\nCandidate Answers:\n1: stay in bed\n2: light fire\n3: freezer\n4: lay on ice\n5: spit\n\n\nThere is only one correct option. Therefore, you must choose the answer that is most likely to be correct from all candidate answers.\nYour response should only contain the number of the chosen answer. Your response cannot contain any textual content.\n", "soft_refusal": false, "hard_refusal": false}