{"evidence": "Sexually transmitted infections (STIs) can be transferred through copulating with the wrong partner. Disease can destroy cells, tissues, and organs in the body.", "reason": "Based on the knowledge that diseases can be transferred through copulating with the wrong partner and that diseases can destroy cells, tissues, and organs in the body, it can be inferred that copulating with the wrong partner may cause different types of diseases.", "answer": 5, "retrieved_documents": [{"content": "Sexually transmitted infections (STIs) can be transferred through copulating with the wrong partner.", "metadata": {"source": "knowledge/tmp.txt", "confidence": 0.9}, "score": 0.3615320324897766}, {"content": "A person begins reproducing through sexual intercourse, where a sperm from a male fertilizes an egg from a female.", "metadata": {"source": "knowledge/tmp.txt", "confidence": 0.9}, "score": 1.1579326391220093}, {"content": "The newlyweds began copulating their marriage, they wanted many children.", "metadata": {"source": "knowledge/tmp.txt", "confidence": 0.8}, "score": 1.2079185247421265}, {"content": "Disease can destroy cells, tissues, and organs in the body.", "metadata": {"source": "knowledge/tmp.txt", "confidence": 0.9}, "score": 1.2802666425704956}], "question": "Question:\nCopulating with the wrong partner may be ill advised, many diseases can be transferred that can cause different types of what?\n\nCandidate Answers:\n1: intense pleasure\n2: ejaculation\n3: period of rest\n4: enjoyment\n5: skin irritation\n\n\nThere is only one correct option. Therefore, you must choose the answer that is most likely to be correct from all candidate answers.\nYour response should only contain the number of the chosen answer. Your response cannot contain any textual content.\n", "soft_refusal": false, "hard_refusal": false}