{"evidence": "John's recent turns could be described as unhappy or troubled due to his dissatisfaction with his marriage.", "reason": "Based on the evidence provided, John's recent turns could be described as unsatisfied.", "answer": 3, "retrieved_documents": [{"content": "John's recent turns could be described as unhappy or troubled due to his dissatisfaction with his marriage.", "metadata": {"source": "knowledge/tmp.txt", "confidence": 0.8}, "score": 0.44518882036209106}, {"content": "John could have always made a different choice.", "metadata": {"source": "knowledge/tmp.txt", "confidence": 0.9}, "score": 1.1367546319961548}, {"content": "The newlyweds began copulating their marriage, they wanted many children.", "metadata": {"source": "knowledge/tmp.txt", "confidence": 0.8}, "score": 1.1433022022247314}, {"content": "John lived in an unknown location.", "metadata": {"source": "knowledge/tmp.txt", "confidence": 0.0}, "score": 1.144212007522583}], "question": "Question:\nJohn was not happy with his marriage. He and his wife drifted apart.     All and all, recent turns could be described as what?\n\nCandidate Answers:\n1: inappropriate\n2: sadness\n3: unsatisfied\n4: unfortunate\n5: disenchanted\n\n\nThere is only one correct option. Therefore, you must choose the answer that is most likely to be correct from all candidate answers.\nYour response should only contain the number of the chosen answer. Your response cannot contain any textual content.\n", "soft_refusal": false, "hard_refusal": false}