{"evidence": "The stone was found in the stream bed.", "reason": "The stone was found in the stream bed, indicating that it was likely found in a natural water setting.", "answer": 4, "retrieved_documents": [{"content": "The stone was found in the stream bed.", "metadata": {"source": "knowledge/tmp.txt", "confidence": 0.8}, "score": 0.42083656787872314}, {"content": "A pond with trees around it is likely located in a natural setting such as a park, forest, or countryside.", "metadata": {"source": "knowledge/tmp.txt", "confidence": 0.8}, "score": 1.2304147481918335}, {"content": "He was likely at the beach or by a pool.", "metadata": {"source": "knowledge/tmp.txt", "confidence": 0.8}, "score": 1.2413110733032227}, {"content": "Sarah dropped the marble to see if it would bounce.", "metadata": {"source": "knowledge/tmp.txt", "confidence": 0.8}, "score": 1.2465132474899292}], "question": "Question:\nThe low trickle of water revealed a stone, where was the stone found?\n\nCandidate Answers:\n1: ocean\n2: gallbladder\n3: driveway\n4: river bed\n5: creek bed\n\n\nThere is only one correct option. Therefore, you must choose the answer that is most likely to be correct from all candidate answers.\nYour response should only contain the number of the chosen answer. Your response cannot contain any textual content.\n", "soft_refusal": false, "hard_refusal": false}