{"evidence": "A drug is typically kept in a medicine cabinet or a designated storage area in a home bathroom.", "reason": "Based on the knowledge provided, drugs are usually kept in a medicine cabinet in a home bathroom.", "answer": 5, "retrieved_documents": [{"content": "A drug is typically kept in a medicine cabinet or a designated storage area in a home bathroom.", "metadata": {"source": "knowledge/tmp.txt", "confidence": 0.9}, "score": 0.34399351477622986}, {"content": "A rubber bath mat is usually kept in the bathroom.", "metadata": {"source": "knowledge/tmp.txt", "confidence": 0.9}, "score": 0.9652576446533203}, {"content": "A pail is typically kept in the storage room or utility closet in a house.", "metadata": {"source": "knowledge/tmp.txt", "confidence": 0.8}, "score": 1.0298432111740112}, {"content": "A bottle of peroxide was fetched from the medicine cabinet.", "metadata": {"source": "knowledge/tmp.txt", "confidence": 0.8}, "score": 1.0725953578948975}], "question": "Question:\nWhere is a drug kept in a home bathroom?\n\nCandidate Answers:\n1: nursery\n2: ghetto\n3: cupboard\n4: pharmacy\n5: medicine cabinet\n\n\nThere is only one correct option. Therefore, you must choose the answer that is most likely to be correct from all candidate answers.\nYour response should only contain the number of the chosen answer. Your response cannot contain any textual content.\n", "soft_refusal": false, "hard_refusal": false}