{"evidence": "A person may like to have a large house for reasons such as having more space for their family, entertaining guests, displaying wealth or status, or simply enjoying the luxury and comfort of a spacious home.", "reason": "The evidence provided clearly states the various reasons why a person may like to have a large house.", "answer": 5, "retrieved_documents": [{"content": "A person may like to have a large house for reasons such as having more space for their family, entertaining guests, displaying wealth or status, or simply enjoying the luxury and comfort of a spacious home.", "metadata": {"source": "knowledge/tmp.txt", "confidence": 0.9}, "score": 0.5487287044525146}, {"content": "People live in various places such as houses, apartments, villages, towns, and cities.", "metadata": {"source": "knowledge/tmp.txt", "confidence": 0.9}, "score": 1.0069013833999634}, {"content": "Hundreds of thousands of homes can be found in a city or a large urban area.", "metadata": {"source": "knowledge/tmp.txt", "confidence": 0.8}, "score": 1.0905210971832275}, {"content": "A house outside the center of a community is said to be in a suburban area.", "metadata": {"source": "knowledge/tmp.txt", "confidence": 0.8}, "score": 1.134942650794983}], "question": "Question:\nWhy would a person like to have a large house?\n\nCandidate Answers:\n1: have choice\n2: mentally challenged\n3: own house\n4: obesity\n5: lots of space\n\n\nThere is only one correct option. Therefore, you must choose the answer that is most likely to be correct from all candidate answers.\nYour response should only contain the number of the chosen answer. Your response cannot contain any textual content.\n", "soft_refusal": false, "hard_refusal": false}