{"evidence": "People are better at using tools and technology. Computers could first manage workflow by automating repetitive tasks and increasing efficiency. Feeling bored or disinterested can happen when using television and it is not interesting.", "reason": "Based on the knowledge provided, it is mentioned that feeling bored or disinterested can happen when using television and it is not interesting. This implies that despite access to vast amounts of information quickly, people may still feel duller.", "answer": 2, "retrieved_documents": [{"content": "People are better at using tools and technology.", "metadata": {"source": "knowledge/tmp.txt", "confidence": 0.8}, "score": 0.9847100377082825}, {"content": "Access to vast amounts of information quickly", "metadata": {"source": "knowledge/tmp.txt", "confidence": 0.8}, "score": 1.199767827987671}, {"content": "Computers could first manage workflow by automating repetitive tasks and increasing efficiency.", "metadata": {"source": "knowledge/tmp.txt", "confidence": 0.8}, "score": 1.2744879722595215}, {"content": "Feeling bored or disinterested can happen when using television and it is not interesting.", "metadata": {"source": "knowledge/tmp.txt", "confidence": 0.9}, "score": 1.2836741209030151}], "question": "Question:\nComputers have allowed everybody to answer questions they have quickly, but still we seem to be getting duller despite access to this what?\n\nCandidate Answers:\n1: economic boom\n2: advance knowledge\n3: produce sound\n4: teach\n5: follow instructions\n\n\nThere is only one correct option. Therefore, you must choose the answer that is most likely to be correct from all candidate answers.\nYour response should only contain the number of the chosen answer. Your response cannot contain any textual content.\n", "soft_refusal": false, "hard_refusal": true}