{"evidence": "The long cottage that people thought was haunted was far into the woods.", "reason": "Based on the evidence provided, the long cottage that people thought was haunted was far into the woods.", "answer": 2, "retrieved_documents": [{"content": "The long cottage that people thought was haunted was far into the woods.", "metadata": {"source": "knowledge/tmp.txt", "confidence": 0.8}, "score": 0.6134786605834961}, {"content": "A house outside the center of a community is said to be in a suburban area.", "metadata": {"source": "knowledge/tmp.txt", "confidence": 0.8}, "score": 1.1274818181991577}, {"content": "John lived in an unknown location.", "metadata": {"source": "knowledge/tmp.txt", "confidence": 0.0}, "score": 1.1353733539581299}, {"content": "People from Avalon are said to live in a mystical land or island.", "metadata": {"source": "knowledge/tmp.txt", "confidence": 0.8}, "score": 1.1785541772842407}], "question": "Question:\nThere was a long cottage somewhere.  People thought it was haunted.  It was overgrown, there was nothing near it.  It's was far into the what?\n\nCandidate Answers:\n1: mountains\n2: countryside\n3: train\n4: painting\n5: village\n\n\nThere is only one correct option. Therefore, you must choose the answer that is most likely to be correct from all candidate answers.\nYour response should only contain the number of the chosen answer. Your response cannot contain any textual content.\n", "soft_refusal": false, "hard_refusal": true}