{"evidence": "Knights are always portrayed as heroes in medieval literature and folklore, upholding chivalry and protecting the innocent.", "reason": "Based on the knowledge that knights are portrayed as heroes in medieval literature and folklore, it is likely that knights are always portrayed as heroes in kids' stories.", "answer": 3, "retrieved_documents": [{"content": "Knights are always portrayed as heroes in medieval literature and folklore, upholding chivalry and protecting the innocent.", "metadata": {"source": "knowledge/tmp.txt", "confidence": 0.8}, "score": 0.4704781770706177}, {"content": "Europe has the most castles.", "metadata": {"source": "knowledge/tmp.txt", "confidence": 0.9}, "score": 1.3442994356155396}, {"content": "A toy soldier being played with can be found in a child's playroom or in a child's hands.", "metadata": {"source": "knowledge/tmp.txt", "confidence": 0.9}, "score": 1.4883038997650146}, {"content": "A fairy tale or a fable might feature a talking weasel.", "metadata": {"source": "knowledge/tmp.txt", "confidence": 0.9}, "score": 1.5100092887878418}], "question": "Question:\nWhere is knight always portrayed as a hero?\n\nCandidate Answers:\n1: middle ages\n2: chess board\n3: kids story\n4: fairy tale\n5: castle\n\n\nThere is only one correct option. Therefore, you must choose the answer that is most likely to be correct from all candidate answers.\nYour response should only contain the number of the chosen answer. Your response cannot contain any textual content.\n", "soft_refusal": false, "hard_refusal": false}