{"evidence": "A ladder or stairs could be used to get to some airplanes.", "reason": "The evidence explicitly states that a ladder or stairs could be used to get to some airplanes.", "answer": 1, "retrieved_documents": [{"content": "A ladder or stairs could be used to get to some airplanes.", "metadata": {"source": "knowledge/tmp.txt", "confidence": 0.9}, "score": 0.4160914421081543}, {"content": "To fly in an airplane, you need to purchase a ticket, go through security checks, board the plane, fasten your seatbelt, and follow the instructions of the flight crew.", "metadata": {"source": "knowledge/tmp.txt", "confidence": 0.9}, "score": 0.9666812419891357}, {"content": "Airplanes typically taxi to the gate after landing.", "metadata": {"source": "knowledge/tmp.txt", "confidence": 0.9}, "score": 0.9962823390960693}, {"content": "You would walk through a central passage to catch an elevator in a building or a structure with multiple floors", "metadata": {"source": "knowledge/tmp.txt", "confidence": 0.9}, "score": 1.0841293334960938}], "question": "Question:\nWhat could you use to get to some airplanes?\n\nCandidate Answers:\n1: taxi\n2: carry people\n3: car\n4: stall\n5: crash\n\n\nThere is only one correct option. Therefore, you must choose the answer that is most likely to be correct from all candidate answers.\nYour response should only contain the number of the chosen answer. Your response cannot contain any textual content.\n", "soft_refusal": false, "hard_refusal": false}