{"evidence": "A cheap book can be found at discount bookstores, online marketplaces, thrift stores, or through book sales and promotions.", "reason": "The evidence clearly states that a cheap book can be found at discount bookstores, among other places.", "answer": 3, "retrieved_documents": [{"content": "A cheap book can be found at discount bookstores, online marketplaces, thrift stores, or through book sales and promotions.", "metadata": {"source": "knowledge/tmp.txt", "confidence": 0.8}, "score": 0.30781838297843933}, {"content": "Books can be read in libraries, bookstores, schools, homes, and online.", "metadata": {"source": "knowledge/tmp.txt", "confidence": 0.9}, "score": 0.943493127822876}, {"content": "Literature is usually kept on bookshelves or in libraries.", "metadata": {"source": "knowledge/tmp.txt", "confidence": 0.9}, "score": 1.0895110368728638}, {"content": "A backpack or a book sleeve can be used to store a book while traveling.", "metadata": {"source": "knowledge/tmp.txt", "confidence": 0.9}, "score": 1.1800066232681274}], "question": "Question:\nWhere will a cheap book be found?\n\nCandidate Answers:\n1: bookstore\n2: classroom\n3: discount store\n4: school room\n5: bedside table\n\n\nThere is only one correct option. Therefore, you must choose the answer that is most likely to be correct from all candidate answers.\nYour response should only contain the number of the chosen answer. Your response cannot contain any textual content.\n", "soft_refusal": false, "hard_refusal": false}