{"evidence": "To fly in an airplane, you need to purchase a ticket, go through security checks, board the plane, fasten your seatbelt, and follow the instructions of the flight crew. A ladder or stairs could be used to get to some airplanes. Animals that fly have lightweight hollow bones. You will be asked to store your large satchel in the overhead compartment or under the seat in front of you when you fly.", "reason": "The evidence provided clearly outlines the steps required to fly in an airplane, including purchasing a ticket, going through security checks, boarding the plane, fastening your seatbelt, and following the instructions of the flight crew.", "answer": 1, "retrieved_documents": [{"content": "To fly in an airplane, you need to purchase a ticket, go through security checks, board the plane, fasten your seatbelt, and follow the instructions of the flight crew.", "metadata": {"source": "knowledge/tmp.txt", "confidence": 0.9}, "score": 0.5540373921394348}, {"content": "A ladder or stairs could be used to get to some airplanes.", "metadata": {"source": "knowledge/tmp.txt", "confidence": 0.9}, "score": 0.9219368696212769}, {"content": "Animals that fly have lightweight hollow bones.", "metadata": {"source": "knowledge/tmp.txt", "confidence": 0.9}, "score": 1.1061131954193115}, {"content": "You will be asked to store your large satchel in the overhead compartment or under the seat in front of you when you fly.", "metadata": {"source": "knowledge/tmp.txt", "confidence": 0.9}, "score": 1.119998574256897}], "question": "Question:\nWhat do you do in order to fly in airplane?\n\nCandidate Answers:\n1: buy tickets\n2: passenger\n3: read\n4: add gas\n5: run through checklists\n\n\nThere is only one correct option. Therefore, you must choose the answer that is most likely to be correct from all candidate answers.\nYour response should only contain the number of the chosen answer. Your response cannot contain any textual content.\n", "soft_refusal": false, "hard_refusal": false}