{"evidence": "Sally was bored because she didn't like the junk that was on the TV.", "reason": "The evidence clearly states that Sally was bored because she didn't like the junk that was on the TV.", "answer": 5, "retrieved_documents": [{"content": "Sally was bored because she didn't like the junk that was on the TV.", "metadata": {"source": "knowledge/tmp.txt", "confidence": 0.8}, "score": 0.4444405138492584}, {"content": "Boredom and hunger led to a wandering waste of time and a cart full of unhealthy snacks during her trip to the grocery store.", "metadata": {"source": "knowledge/tmp.txt", "confidence": 0.7}, "score": 0.8703996539115906}, {"content": "Sally was feeling impatient.", "metadata": {"source": "knowledge/tmp.txt", "confidence": 0.8}, "score": 0.9546859860420227}, {"content": "Clutter can be found on every shelf in her house due to her love for spending money at the thrift store on knickknacks.", "metadata": {"source": "knowledge/tmp.txt", "confidence": 0.8}, "score": 1.0923821926116943}], "question": "Question:\nSally was bored because she didn't like the junk that was on what?\n\nCandidate Answers:\n1: drawer\n2: garage\n3: caddy\n4: bed\n5: television\n\n\nThere is only one correct option. Therefore, you must choose the answer that is most likely to be correct from all candidate answers.\nYour response should only contain the number of the chosen answer. Your response cannot contain any textual content.\n", "soft_refusal": false, "hard_refusal": false}