{"evidence": "The lion likely took on a more aggressive or dominant attitude towards the timid competitor.", "reason": "Based on the evidence provided, the lion likely took on an aggressive attitude towards the timid competitor.", "answer": 4, "retrieved_documents": [{"content": "The lion likely took on a more aggressive or dominant attitude towards the timid competitor.", "metadata": {"source": "knowledge/tmp.txt", "confidence": 0.8}, "score": 0.429482638835907}, {"content": "Animals may exhibit various behaviors when an enemy is approaching, such as fleeing, hiding, or displaying aggressive behavior.", "metadata": {"source": "knowledge/tmp.txt", "confidence": 0.8}, "score": 1.1846339702606201}, {"content": "Brad tried to arise from bed but he could not. Instead, he just continued to do what?", "metadata": {"source": "knowledge/tmp.txt", "confidence": 1.0}, "score": 1.235696792602539}, {"content": "Competing can lead to great highs, and also great lows when suffering defeat or failure.", "metadata": {"source": "knowledge/tmp.txt", "confidence": 0.9}, "score": 1.2588810920715332}], "question": "Question:\nThe lion sensed his competitor was timid, so what attitude did the lion take?\n\nCandidate Answers:\n1: reckless\n2: bellicose\n3: defensive\n4: aggressive\n5: dauntless\n\n\nThere is only one correct option. Therefore, you must choose the answer that is most likely to be correct from all candidate answers.\nYour response should only contain the number of the chosen answer. Your response cannot contain any textual content.\n", "soft_refusal": false, "hard_refusal": false}