{"evidence": "Studying a new subject involves a lot of thinking to gain understanding. Learning is likely to result in acquiring new knowledge or skills.", "reason": "Based on the knowledge provided, thinking while studying a new subject is how one gains understanding, which leads to acquiring new knowledge or skills.", "answer": 5, "retrieved_documents": [{"content": "Studying a new subject involves a lot of thinking to gain understanding.", "metadata": {"source": "knowledge/tmp.txt", "confidence": 1.0}, "score": 0.2749800980091095}, {"content": "Learning is likely to result in acquiring new knowledge or skills.", "metadata": {"source": "knowledge/tmp.txt", "confidence": 0.9}, "score": 0.7018524408340454}, {"content": "The goal of listening to the lecture intensely is likely to understand and retain the information presented in the lecture.", "metadata": {"source": "knowledge/tmp.txt", "confidence": 0.8}, "score": 1.0350356101989746}, {"content": "Approaching situations with an open mind, gathering more information, and challenging their own biases can help people achieve better outcomes.", "metadata": {"source": "knowledge/tmp.txt", "confidence": 0.8}, "score": 1.0410317182540894}], "question": "Question:\nYou have to a lot of thinking while studying a new subject, but it is how you gain what?\n\nCandidate Answers:\n1: fatigue\n2: depression\n3: best way\n4: weight\n5: knowledge\n\n\nThere is only one correct option. Therefore, you must choose the answer that is most likely to be correct from all candidate answers.\nYour response should only contain the number of the chosen answer. Your response cannot contain any textual content.\n", "soft_refusal": false, "hard_refusal": false}