{"evidence": "Communication can be done through various means such as phone calls, text messages, emails, video calls, social media platforms, or messaging apps. A person is likely to communicate with others through verbal and non-verbal means such as speaking, writing, gestures, facial expressions, and body language.", "reason": "Based on the knowledge provided, it is clear that communication can be done through various means including emails, which can be used when someone is far away.", "answer": 5, "retrieved_documents": [{"content": "Communication can be done through various means such as phone calls, text messages, emails, video calls, social media platforms, or messaging apps.", "metadata": {"source": "knowledge/tmp.txt", "confidence": 1.0}, "score": 0.716818630695343}, {"content": "A person is likely to communicate with others through verbal and non-verbal means such as speaking, writing, gestures, facial expressions, and body language.", "metadata": {"source": "knowledge/tmp.txt", "confidence": 1.0}, "score": 0.9692291021347046}, {"content": "Conversation is the term used when you are talking to someone.", "metadata": {"source": "knowledge/tmp.txt", "confidence": 1.0}, "score": 1.0875539779663086}, {"content": "Listening is what someone is usually doing if someone else is talking to him or her.", "metadata": {"source": "knowledge/tmp.txt", "confidence": 1.0}, "score": 1.1253679990768433}], "question": "Question:\nHow will you communicate if you are far away from who you want to communicate with?\n\nCandidate Answers:\n1: think\n2: talk with people\n3: talk to people\n4: speak out\n5: send email\n\n\nThere is only one correct option. Therefore, you must choose the answer that is most likely to be correct from all candidate answers.\nYour response should only contain the number of the chosen answer. Your response cannot contain any textual content.\n", "soft_refusal": false, "hard_refusal": false}