{"evidence": "You can buy storage containers or boxes to put your spare unused things.", "reason": "Based on the knowledge provided, it is mentioned that you can buy storage containers or boxes to put spare unused things.", "answer": 5, "retrieved_documents": [{"content": "You can buy storage containers or boxes to put your spare unused things.", "metadata": {"source": "knowledge/tmp.txt", "confidence": 0.9}, "score": 0.4750292897224426}, {"content": "A reusable shopping bag can be stored in a car, purse, or backpack.", "metadata": {"source": "knowledge/tmp.txt", "confidence": 0.9}, "score": 0.8696919679641724}, {"content": "You can store your spare linens near your socks in a drawer or storage container.", "metadata": {"source": "knowledge/tmp.txt", "confidence": 0.8}, "score": 0.9965895414352417}, {"content": "You can buy a clock, clothing, and wrenches at a department store or a general store.", "metadata": {"source": "knowledge/tmp.txt", "confidence": 0.8}, "score": 0.997373104095459}], "question": "Question:\nAt a shop what can you buy to put your spare unused things?\n\nCandidate Answers:\n1: basement\n2: cardboard box\n3: ocean floor\n4: high school\n5: container\n\n\nThere is only one correct option. Therefore, you must choose the answer that is most likely to be correct from all candidate answers.\nYour response should only contain the number of the chosen answer. Your response cannot contain any textual content.\n", "soft_refusal": false, "hard_refusal": false}