{"evidence": "A person with digestion issues may feel discomfort, bloating, gas, or indigestion after eating a meat-filled breakfast. Eating a hamburger can cause a feeling of fullness or bloating immediately after consuming it.", "reason": "Based on the knowledge provided, a person with digestion issues who eats a meat-filled breakfast is likely to feel discomfort, bloating, gas, or indigestion.", "answer": 1, "retrieved_documents": [{"content": "A person with digestion issues may feel discomfort, bloating, gas, or indigestion after eating a meat-filled breakfast.", "metadata": {"source": "knowledge/tmp.txt", "confidence": 0.8}, "score": 0.47325900197029114}, {"content": "Eating a hamburger can cause a feeling of fullness or bloating immediately after consuming it.", "metadata": {"source": "knowledge/tmp.txt", "confidence": 0.8}, "score": 0.9616814255714417}, {"content": "A person suffering from hunger early in the day typically eats breakfast to alleviate their hunger.", "metadata": {"source": "knowledge/tmp.txt", "confidence": 0.9}, "score": 0.9727310538291931}, {"content": "Feeling extremely happy is the least likely immediate side effect of eating hamburger.", "metadata": {"source": "knowledge/tmp.txt", "confidence": 0.7}, "score": 1.0194567441940308}], "question": "Question:\nA person with digestion issues eats a meat-filled breakfast, what does he feel?\n\nCandidate Answers:\n1: heartburn\n2: overeating\n3: happiness\n4: being satisfied\n5: gain energy\n\n\nThere is only one correct option. Therefore, you must choose the answer that is most likely to be correct from all candidate answers.\nYour response should only contain the number of the chosen answer. Your response cannot contain any textual content.\n", "soft_refusal": false, "hard_refusal": false}