{"evidence": "A prisoner sentenced to serve a period of time in prison as punishment for a crime.", "reason": "Based on the knowledge provided, a prisoner sentenced is required to serve a period of time in prison as punishment for a crime.", "answer": 5, "retrieved_documents": [{"content": "A prisoner sentenced to serve a period of time in prison as punishment for a crime.", "metadata": {"source": "knowledge/tmp.txt", "confidence": 1.0}, "score": 0.5127907395362854}, {"content": "Committing murder can lead to legal consequences such as imprisonment or the death penalty.", "metadata": {"source": "knowledge/tmp.txt", "confidence": 0.9}, "score": 1.0060433149337769}, {"content": "Committing murder can result in a lengthy prison sentence or the death penalty, depending on the laws of the country or state.", "metadata": {"source": "knowledge/tmp.txt", "confidence": 0.9}, "score": 1.040853500366211}, {"content": "The victim was going to testify or give a statement in court.", "metadata": {"source": "knowledge/tmp.txt", "confidence": 0.9}, "score": 1.272124171257019}], "question": "Question:\nWhat is a prisoner sentenced to do?\n\nCandidate Answers:\n1: scape jail\n2: dream of freedom\n3: become a hairdresser\n4: attempt to escape\n5: do time\n\n\nThere is only one correct option. Therefore, you must choose the answer that is most likely to be correct from all candidate answers.\nYour response should only contain the number of the chosen answer. Your response cannot contain any textual content.\n", "soft_refusal": false, "hard_refusal": false}