{"evidence": "Many varieties of plants including a rosebush can be found in a garden or a botanical garden.", "reason": "Based on the knowledge that many varieties of plants, including a rosebush, can be found in a garden, the most likely place to find many varieties of plants including a rosebush would be a garden.", "answer": 2, "retrieved_documents": [{"content": "Many varieties of plants including a rosebush can be found in a garden or a botanical garden.", "metadata": {"source": "knowledge/tmp.txt", "confidence": 0.9}, "score": 0.3356040120124817}, {"content": "You can get a rosebush from a nursery or garden center.", "metadata": {"source": "knowledge/tmp.txt", "confidence": 0.8}, "score": 0.6169342398643494}, {"content": "Flowers are often considered the pretty part of plants.", "metadata": {"source": "knowledge/tmp.txt", "confidence": 0.8}, "score": 0.9560943841934204}, {"content": "The neighbor of the flower may have adapted by growing wider or developing other strategies to access sunlight.", "metadata": {"source": "knowledge/tmp.txt", "confidence": 0.8}, "score": 1.0336583852767944}], "question": "Question:\nWhere would you find many varieties of plants including a rosebush?\n\nCandidate Answers:\n1: kew gardens\n2: garder\n3: backyard\n4: shop\n5: beautiful garden\n\n\nThere is only one correct option. Therefore, you must choose the answer that is most likely to be correct from all candidate answers.\nYour response should only contain the number of the chosen answer. Your response cannot contain any textual content.\n", "soft_refusal": false, "hard_refusal": false}