{"evidence": "You can get a rosebush from a nursery or garden center. Many varieties of plants including a rosebush can be found in a garden or a botanical garden.", "reason": "Based on the knowledge provided, it is clear that a rosebush can be obtained from a nursery or garden center.", "answer": 3, "retrieved_documents": [{"content": "You can get a rosebush from a nursery or garden center.", "metadata": {"source": "knowledge/tmp.txt", "confidence": 0.8}, "score": 0.34409773349761963}, {"content": "Many varieties of plants including a rosebush can be found in a garden or a botanical garden.", "metadata": {"source": "knowledge/tmp.txt", "confidence": 0.9}, "score": 0.7277105450630188}, {"content": "To get a grape, you would go to a grocery store or a market.", "metadata": {"source": "knowledge/tmp.txt", "confidence": 0.8}, "score": 1.2030107975006104}, {"content": "Flowers are often considered the pretty part of plants.", "metadata": {"source": "knowledge/tmp.txt", "confidence": 0.8}, "score": 1.2140573263168335}], "question": "Question:\nIf I did not have a rosebush, where would I get one?\n\nCandidate Answers:\n1: pot\n2: museum\n3: garden center\n4: formal garden\n5: backyard\n\n\nThere is only one correct option. Therefore, you must choose the answer that is most likely to be correct from all candidate answers.\nYour response should only contain the number of the chosen answer. Your response cannot contain any textual content.\n", "soft_refusal": false, "hard_refusal": false}