{"evidence": "He would be at his destination soon. The man was heading to a meeting or a conference room.", "reason": "Based on the evidence provided, the man is likely heading to a meeting or a conference room, not to an apartment building, stairwell, or airport.", "answer": 3, "retrieved_documents": [{"content": "He would be at his destination soon.", "metadata": {"source": "knowledge/tmp.txt", "confidence": 0.8}, "score": 0.835606575012207}, {"content": "He was likely at the beach or by a pool.", "metadata": {"source": "knowledge/tmp.txt", "confidence": 0.8}, "score": 1.1083295345306396}, {"content": "The man was heading to a meeting or a conference room.", "metadata": {"source": "knowledge/tmp.txt", "confidence": 0.8}, "score": 1.1683686971664429}, {"content": "He enjoyed visiting the living room.", "metadata": {"source": "knowledge/tmp.txt", "confidence": 0.8}, "score": 1.1938633918762207}], "question": "Question:\nAs he looked out the window, he knew the landing was happening soon, and it made him nervous, but where would he be soon?\n\nCandidate Answers:\n1: apartment building\n2: disembark\n3: stairwell\n4: deplane\n5: airport\n\n\nThere is only one correct option. Therefore, you must choose the answer that is most likely to be correct from all candidate answers.\nYour response should only contain the number of the chosen answer. Your response cannot contain any textual content.\n", "soft_refusal": false, "hard_refusal": true}