{"evidence": "A dog's house can typically be found in the backyard of a house or in a designated area for pets.", "reason": "Based on the knowledge that a dog's house is typically found in the backyard of a house or in a designated area for pets, we can determine where a dog's house can be found.", "answer": 1, "retrieved_documents": [{"content": "A dog's house can typically be found in the backyard of a house or in a designated area for pets.", "metadata": {"source": "knowledge/tmp.txt", "confidence": 0.9}, "score": 0.6380335688591003}, {"content": "Dogs commonly enjoy treats such as bones or chew toys.", "metadata": {"source": "knowledge/tmp.txt", "confidence": 0.8}, "score": 1.0098707675933838}, {"content": "A dog may have gone missing or run away before someone puts up posters of them.", "metadata": {"source": "knowledge/tmp.txt", "confidence": 0.8}, "score": 1.0296790599822998}, {"content": "Dogs will love and protect their good owner.", "metadata": {"source": "knowledge/tmp.txt", "confidence": 0.9}, "score": 1.0432559251785278}], "question": "Question:\nWhere can you find a dogs house?\n\nCandidate Answers:\n1: found outside\n2: faithful\n3: frightening\n4: cold\n5: four legs\n\n\nThere is only one correct option. Therefore, you must choose the answer that is most likely to be correct from all candidate answers.\nYour response should only contain the number of the chosen answer. Your response cannot contain any textual content.\n", "soft_refusal": false, "hard_refusal": false}