{"evidence": "To get a grape, you would go to a grocery store or a market. A grape is likely to be fed to someone else at a fancy restaurant or during a romantic dinner. They needed grape juice for their party, they went to buy it and other snacks at the grocery store. A farmer's market is a great place to buy fresh fruit.", "reason": "Based on the evidence provided, the most likely place to go to get a grape would be a grocery store or a market.", "answer": 2, "retrieved_documents": [{"content": "To get a grape, you would go to a grocery store or a market.", "metadata": {"source": "knowledge/tmp.txt", "confidence": 0.8}, "score": 0.40154600143432617}, {"content": "A grape is likely to be fed to someone else at a fancy restaurant or during a romantic dinner.", "metadata": {"source": "knowledge/tmp.txt", "confidence": 0.8}, "score": 0.6762105226516724}, {"content": "They needed grape juice for their party, they went to buy it and other snacks at the grocery store.", "metadata": {"source": "knowledge/tmp.txt", "confidence": 0.8}, "score": 0.8327058553695679}, {"content": "A farmer's market is a great place to buy fresh fruit.", "metadata": {"source": "knowledge/tmp.txt", "confidence": 0.8}, "score": 1.0712120532989502}], "question": "Question:\nIf you really wanted a grape, where would you go to get it?\n\nCandidate Answers:\n1: winery\n2: fruit stand\n3: field\n4: kitchen\n5: food\n\n\nThere is only one correct option. Therefore, you must choose the answer that is most likely to be correct from all candidate answers.\nYour response should only contain the number of the chosen answer. Your response cannot contain any textual content.\n", "soft_refusal": false, "hard_refusal": false}