{"evidence": "Setting up framing, truss and beam are some of the first steps in construction/building a structure.", "reason": "The knowledge base explicitly mentions that setting up framing, truss, and beam are some of the first steps in construction/building a structure.", "answer": 1, "retrieved_documents": [{"content": "Setting up framing, truss and beam are some of the first steps in construction/building a structure.", "metadata": {"source": "knowledge/tmp.txt", "confidence": 0.9}, "score": 0.1603434532880783}, {"content": "The architect might be designing a building or a structure with a mezzanine level.", "metadata": {"source": "knowledge/tmp.txt", "confidence": 0.8}, "score": 1.1931301355361938}, {"content": "Entering a room or building", "metadata": {"source": "knowledge/tmp.txt", "confidence": 0.9}, "score": 1.2700709104537964}, {"content": "A construction site or a factory with overhead cranes is a place that has large cables hanging overhead.", "metadata": {"source": "knowledge/tmp.txt", "confidence": 0.8}, "score": 1.2975986003875732}], "question": "Question:\nSetting up framing, truss and beam are some of the first steps in what?\n\nCandidate Answers:\n1: new construction\n2: warehouse\n3: driving\n4: ceiling\n5: bridge\n\n\nThere is only one correct option. Therefore, you must choose the answer that is most likely to be correct from all candidate answers.\nYour response should only contain the number of the chosen answer. Your response cannot contain any textual content.\n", "soft_refusal": false, "hard_refusal": false}