{"evidence": "Professors work with students, colleagues, researchers, and academic institutions.", "reason": "Based on the knowledge provided, professors work with students, colleagues, researchers, and academic institutions.", "answer": 4, "retrieved_documents": [{"content": "Professors work with students, colleagues, researchers, and academic institutions.", "metadata": {"source": "knowledge/tmp.txt", "confidence": 0.9}, "score": 0.3885102868080139}, {"content": "Professors primarily teach and conduct research in their respective fields of expertise.", "metadata": {"source": "knowledge/tmp.txt", "confidence": 0.9}, "score": 0.7187910676002502}, {"content": "A great teacher can be a source of inspiration, guidance, and support when you are attending school.", "metadata": {"source": "knowledge/tmp.txt", "confidence": 0.9}, "score": 1.2774229049682617}, {"content": "You would sit in a classroom or study area while working toward an advanced degree.", "metadata": {"source": "knowledge/tmp.txt", "confidence": 0.9}, "score": 1.2869937419891357}], "question": "Question:\nWho do professors work with?\n\nCandidate Answers:\n1: methods of facts\n2: teach courses\n3: wear wrinkled tweed jackets\n4: school students\n5: state facts\n\n\nThere is only one correct option. Therefore, you must choose the answer that is most likely to be correct from all candidate answers.\nYour response should only contain the number of the chosen answer. Your response cannot contain any textual content.\n", "soft_refusal": false, "hard_refusal": false}