{"evidence": "Colorful anemone look somewhat like sea anemone. Sea anemones can be found in rock pools or tide pools after high tide on the coast. Anemones can be found off the eastern U.S. in the Atlantic Ocean. Anemones typically live in marine environments, specifically in oceans and seas.", "reason": "Based on the knowledge provided, colorful anemones are similar to sea anemones, which are typically found in marine environments such as oceans and seas.", "answer": null, "retrieved_documents": [{"content": "Colorful anemone look somewhat like sea anemone.", "metadata": {"source": "knowledge/tmp.txt", "confidence": 0.8}, "score": 0.506712019443512}, {"content": "Sea anemones can be found in rock pools or tide pools after high tide on the coast.", "metadata": {"source": "knowledge/tmp.txt", "confidence": 0.8}, "score": 0.9579853415489197}, {"content": "Anemones can be found off the eastern U.S. in the Atlantic Ocean.", "metadata": {"source": "knowledge/tmp.txt", "confidence": 0.8}, "score": 1.0056005716323853}, {"content": "Anemones typically live in marine environments, specifically in oceans and seas.", "metadata": {"source": "knowledge/tmp.txt", "confidence": 0.9}, "score": 1.0740697383880615}], "question": "Question:\nColorful anemone look somewhat like what object you find on window sills?\n\nCandidate Answers:\n1: intertidal zone\n2: coral sea\n3: under water\n4: flower bed\n5: florida keys\n\n\nThere is only one correct option. Therefore, you must choose the answer that is most likely to be correct from all candidate answers.\nYour response should only contain the number of the chosen answer. Your response cannot contain any textual content.\n", "soft_refusal": true, "hard_refusal": false}