{"evidence": "The hikers rested after stopping to have a drink. They needed grape juice for their party, they went to buy it and other snacks at the grocery store.", "reason": "The evidence clearly states that the hikers stopped to have a drink, indicating that they were thirsty.", "answer": 2, "retrieved_documents": [{"content": "The hikers rested after stopping to have a drink.", "metadata": {"source": "knowledge/tmp.txt", "confidence": 0.8}, "score": 0.7497164011001587}, {"content": "They needed grape juice for their party, they went to buy it and other snacks at the grocery store.", "metadata": {"source": "knowledge/tmp.txt", "confidence": 0.8}, "score": 1.1431100368499756}, {"content": "Brad tried to arise from bed but he could not. Instead, he just continued to do what?", "metadata": {"source": "knowledge/tmp.txt", "confidence": 1.0}, "score": 1.1743006706237793}, {"content": "The person's reaction to seeing the mess his children made was to sigh and start cleaning up the mess.", "metadata": {"source": "knowledge/tmp.txt", "confidence": 0.8}, "score": 1.2639436721801758}], "question": "Question:\nThe hikers stopped to have a drink, simply put they what?\n\nCandidate Answers:\n1: had a party\n2: were thirsty\n3: refreshment\n4: getting drunk\n5: celebrating\n\n\nThere is only one correct option. Therefore, you must choose the answer that is most likely to be correct from all candidate answers.\nYour response should only contain the number of the chosen answer. Your response cannot contain any textual content.\n", "soft_refusal": false, "hard_refusal": true}