{"evidence": "To keep something in their hand, a person should grip or hold onto the object with their fingers and palm.", "reason": "The evidence clearly states that to keep something in their hand, a person should grip or hold onto the object with their fingers and palm.", "answer": 5, "retrieved_documents": [{"content": "To keep something in their hand, a person should grip or hold onto the object with their fingers and palm.", "metadata": {"source": "knowledge/tmp.txt", "confidence": 0.9}, "score": 0.5599461793899536}, {"content": "A briefcase is typically carried using your hand or shoulder.", "metadata": {"source": "knowledge/tmp.txt", "confidence": 0.9}, "score": 1.0386396646499634}, {"content": "To seek medical attention or take appropriate medication", "metadata": {"source": "knowledge/tmp.txt", "confidence": 0.8}, "score": 1.043586015701294}, {"content": "Tying a string tightly around an object can prevent it from moving.", "metadata": {"source": "knowledge/tmp.txt", "confidence": 0.8}, "score": 1.0613527297973633}], "question": "Question:\nIf a person is trying to keep something in their hand what should they do?\n\nCandidate Answers:\n1: complete collection\n2: own house\n3: procrastinate\n4: explode\n5: have to hold\n\n\nThere is only one correct option. Therefore, you must choose the answer that is most likely to be correct from all candidate answers.\nYour response should only contain the number of the chosen answer. Your response cannot contain any textual content.\n", "soft_refusal": false, "hard_refusal": false}