{"evidence": "Hundreds of thousands of homes can be found in a city or a large urban area. People live in various places such as houses, apartments, villages, towns, and cities. A house outside the center of a community is said to be in a suburban area. Humans usually find shelter in homes, buildings, or other structures.", "reason": "Based on the knowledge provided, it is stated that hundreds of thousands of homes can be found in a city or a large urban area.", "answer": 4, "retrieved_documents": [{"content": "Hundreds of thousands of homes can be found in a city or a large urban area.", "metadata": {"source": "knowledge/tmp.txt", "confidence": 0.8}, "score": 0.6761678457260132}, {"content": "People live in various places such as houses, apartments, villages, towns, and cities.", "metadata": {"source": "knowledge/tmp.txt", "confidence": 0.9}, "score": 0.9737976789474487}, {"content": "A house outside the center of a community is said to be in a suburban area.", "metadata": {"source": "knowledge/tmp.txt", "confidence": 0.8}, "score": 1.089464545249939}, {"content": "Humans usually find shelter in homes, buildings, or other structures.", "metadata": {"source": "knowledge/tmp.txt", "confidence": 0.9}, "score": 1.1276917457580566}], "question": "Question:\nWhere could you find hundreds of thousands of home?\n\nCandidate Answers:\n1: field\n2: neighborhood\n3: star can\n4: city or town\n5: apartment building\n\n\nThere is only one correct option. Therefore, you must choose the answer that is most likely to be correct from all candidate answers.\nYour response should only contain the number of the chosen answer. Your response cannot contain any textual content.\n", "soft_refusal": false, "hard_refusal": true}