{"evidence": "A successful dog grooming session is likely to make an owner feel satisfied, happy, and proud of their well-groomed pet.", "reason": "The knowledge base explicitly states that a successful dog grooming session is likely to make an owner feel satisfied, happy, and proud of their well-groomed pet.", "answer": 4, "retrieved_documents": [{"content": "A successful dog grooming session is likely to make an owner feel satisfied, happy, and proud of their well-groomed pet.", "metadata": {"source": "knowledge/tmp.txt", "confidence": 0.9}, "score": 0.6450437903404236}, {"content": "Dogs will love and protect their good owner.", "metadata": {"source": "knowledge/tmp.txt", "confidence": 0.9}, "score": 1.0044746398925781}, {"content": "Dogs need exercise, socialization, mental stimulation, grooming, and veterinary care in addition to water and nourishment.", "metadata": {"source": "knowledge/tmp.txt", "confidence": 0.9}, "score": 1.0468248128890991}, {"content": "When you stroke a dog's fur, you have touched or petted the dog.", "metadata": {"source": "knowledge/tmp.txt", "confidence": 0.9}, "score": 1.143216609954834}], "question": "Question:\nWhat does a successful dog grooming session likely to make a owner feel?\n\nCandidate Answers:\n1: cleanliness\n2: mistakes\n3: growth\n4: satisfaction\n5: late\n\n\nThere is only one correct option. Therefore, you must choose the answer that is most likely to be correct from all candidate answers.\nYour response should only contain the number of the chosen answer. Your response cannot contain any textual content.\n", "soft_refusal": false, "hard_refusal": false}