{"evidence": "The runner was beginning to push harder. He wanted to run faster or reach his destination quicker.", "reason": "Based on the evidence provided, the runner was pushing harder to run faster or reach his destination quicker.", "answer": 4, "retrieved_documents": [{"content": "The runner was beginning to push harder.", "metadata": {"source": "knowledge/tmp.txt", "confidence": 0.9}, "score": 0.6581616401672363}, {"content": "He wanted to run faster or reach his destination quicker.", "metadata": {"source": "knowledge/tmp.txt", "confidence": 0.8}, "score": 0.7911310195922852}, {"content": "An obstacle or barrier in the path can suddenly stop someone when he or she is running.", "metadata": {"source": "knowledge/tmp.txt", "confidence": 0.9}, "score": 0.9874135255813599}, {"content": "Brad tried to arise from bed but he could not. Instead, he just continued to do what?", "metadata": {"source": "knowledge/tmp.txt", "confidence": 1.0}, "score": 1.016637921333313}], "question": "Question:\nThe runner was in third place, but he pushed harder and thought he might be able to reach second.  What was beginning to do?\n\nCandidate Answers:\n1: near finish line\n2: finish\n3: get tired\n4: gain ground\n5: trip over\n\n\nThere is only one correct option. Therefore, you must choose the answer that is most likely to be correct from all candidate answers.\nYour response should only contain the number of the chosen answer. Your response cannot contain any textual content.\n", "soft_refusal": false, "hard_refusal": false}