{"evidence": "Mammoth Cave is located in Kentucky. The general geography of the region where the cave was found was likely mountainous.", "reason": "Based on the knowledge that Mammoth Cave is located in Kentucky, it is clear that the tourist entered the cave in the state of Kentucky.", "answer": 2, "retrieved_documents": [{"content": "Mammoth Cave is located in Kentucky.", "metadata": {"source": "knowledge/tmp.txt", "confidence": 1.0}, "score": 0.560596227645874}, {"content": "The general geography of the region where the cave was found was likely mountainous.", "metadata": {"source": "knowledge/tmp.txt", "confidence": 0.8}, "score": 0.9437360763549805}, {"content": "Mammoths lived during the Pleistocene epoch, which lasted from about 2.6 million to 11,700 years ago.", "metadata": {"source": "knowledge/tmp.txt", "confidence": 0.9}, "score": 1.1509863138198853}, {"content": "James might look for an old underground map from the 50s in historical archives, libraries, or online auction websites specializing in vintage items.", "metadata": {"source": "knowledge/tmp.txt", "confidence": 0.8}, "score": 1.3755149841308594}], "question": "Question:\nThe tourist entered Mammoth cave, what state were they in?\n\nCandidate Answers:\n1: west virginia\n2: kentucky\n3: rocky hills\n4: scotland\n5: canyon\n\n\nThere is only one correct option. Therefore, you must choose the answer that is most likely to be correct from all candidate answers.\nYour response should only contain the number of the chosen answer. Your response cannot contain any textual content.\n", "soft_refusal": false, "hard_refusal": false}