{"evidence": "Buying presents for others can create feelings of joy, happiness, and generosity.", "reason": "Based on the knowledge provided, buying presents for others can create feelings of joy, happiness, and generosity.", "answer": 5, "retrieved_documents": [{"content": "Buying presents for others can create feelings of joy, happiness, and generosity.", "metadata": {"source": "knowledge/tmp.txt", "confidence": 0.9}, "score": 0.4576948881149292}, {"content": "Buying products in excess can lead to accumulation of unnecessary items, wastage of money, and potential clutter.", "metadata": {"source": "knowledge/tmp.txt", "confidence": 0.8}, "score": 1.0547876358032227}, {"content": "Buying products that someone else does not want you to buy could lead to conflicts or disputes between you and that person.", "metadata": {"source": "knowledge/tmp.txt", "confidence": 0.8}, "score": 1.1068079471588135}, {"content": "The cost status of the gift would be considered as free or zero cost.", "metadata": {"source": "knowledge/tmp.txt", "confidence": 1.0}, "score": 1.140450358390808}], "question": "Question:\nWhat kind of feelings does buying presents for others create?\n\nCandidate Answers:\n1: tears\n2: please\n3: like\n4: thank\n5: make happy\n\n\nThere is only one correct option. Therefore, you must choose the answer that is most likely to be correct from all candidate answers.\nYour response should only contain the number of the chosen answer. Your response cannot contain any textual content.\n", "soft_refusal": false, "hard_refusal": false}