{"evidence": "Marmots are likely to be found in mountainous green areas. Marmots are typically found in mountainous regions. Marmots can be found in various regions of Canada, particularly in mountainous areas such as the Rocky Mountains and the Coast Mountains.", "reason": "Based on the evidence provided, marmots are most likely to be found in mountainous green areas.", "answer": 1, "retrieved_documents": [{"content": "Marmots are likely to be found in mountainous green areas.", "metadata": {"source": "knowledge/tmp.txt", "confidence": 0.8}, "score": 0.3646858036518097}, {"content": "Marmots are typically found in mountainous regions.", "metadata": {"source": "knowledge/tmp.txt", "confidence": 0.9}, "score": 0.5057838559150696}, {"content": "Marmots can be found in various regions of Canada, particularly in mountainous areas such as the Rocky Mountains and the Coast Mountains.", "metadata": {"source": "knowledge/tmp.txt", "confidence": 0.8}, "score": 0.6509170532226562}, {"content": "A mouse might also be seen in a field or outdoors.", "metadata": {"source": "knowledge/tmp.txt", "confidence": 0.8}, "score": 0.9855522513389587}], "question": "Question:\nWhat green area is a marmot likely to be found in?\n\nCandidate Answers:\n1: countryside\n2: great plains\n3: encyclopedia\n4: jungle\n5: north america\n\n\nThere is only one correct option. Therefore, you must choose the answer that is most likely to be correct from all candidate answers.\nYour response should only contain the number of the chosen answer. Your response cannot contain any textual content.\n", "soft_refusal": false, "hard_refusal": false}