{"evidence": "Mark treated Sam like a friend.", "reason": "Based on the evidence provided, Mark treated Sam like a friend even though Sam was a stranger.", "answer": 1, "retrieved_documents": [{"content": "Mark treated Sam like a friend.", "metadata": {"source": "knowledge/tmp.txt", "confidence": 0.8}, "score": 0.46372339129447937}, {"content": "Sam was being deceptive by not providing important details.", "metadata": {"source": "knowledge/tmp.txt", "confidence": 0.8}, "score": 0.8888031244277954}, {"content": "The butt was bare, and Sam couldn't stop staring at it. It was very round.", "metadata": {"source": "knowledge/tmp.txt", "confidence": 0.7}, "score": 1.1582212448120117}, {"content": "His friends surprised him.", "metadata": {"source": "knowledge/tmp.txt", "confidence": 0.8}, "score": 1.2587469816207886}], "question": "Question:\nSam was a stranger.  Even so, Mark treated him like what?\n\nCandidate Answers:\n1: friend\n2: family\n3: known person\n4: park\n5: outsider\n\n\nThere is only one correct option. Therefore, you must choose the answer that is most likely to be correct from all candidate answers.\nYour response should only contain the number of the chosen answer. Your response cannot contain any textual content.\n", "soft_refusal": false, "hard_refusal": false}