{"evidence": "Bob was in a room or a box. A shelf is likely to be hidden behind a door in a room or closet.", "reason": "Based on the evidence provided, Bob was most likely in a closed room with four walls and a hidden door.", "answer": 1, "retrieved_documents": [{"content": "Bob was in a room or a box.", "metadata": {"source": "knowledge/tmp.txt", "confidence": 0.8}, "score": 0.6284200549125671}, {"content": "Brad tried to arise from bed but he could not. Instead, he just continued to do what?", "metadata": {"source": "knowledge/tmp.txt", "confidence": 1.0}, "score": 1.1169874668121338}, {"content": "A refrigerator has a shelf that does not allow you to see what is inside of it.", "metadata": {"source": "knowledge/tmp.txt", "confidence": 0.8}, "score": 1.1209830045700073}, {"content": "A shelf is likely to be hidden behind a door in a room or closet.", "metadata": {"source": "knowledge/tmp.txt", "confidence": 0.8}, "score": 1.1242518424987793}], "question": "Question:\nBob's only light source was a small bulb.  There were four walls, if there was a door he couldn't see it.  What was Bob in?\n\nCandidate Answers:\n1: closed room\n2: sky\n3: dard\n4: his grave\n5: house\n\n\nThere is only one correct option. Therefore, you must choose the answer that is most likely to be correct from all candidate answers.\nYour response should only contain the number of the chosen answer. Your response cannot contain any textual content.\n", "soft_refusal": false, "hard_refusal": true}