{"evidence": "James might not like ideas that involve human error, bias, or subjectivity in the criminal justice system.", "reason": "Based on the knowledge that James values accuracy and fairness in the criminal justice system, he would not like ideas that involve human error, bias, or subjectivity.", "answer": 1, "retrieved_documents": [{"content": "James might not like ideas that involve human error, bias, or subjectivity in the criminal justice system.", "metadata": {"source": "knowledge/tmp.txt", "confidence": 0.8}, "score": 0.4997999966144562}, {"content": "James was troubled and fearful because of the consequences of his actions and the potential punishment he could face.", "metadata": {"source": "knowledge/tmp.txt", "confidence": 0.8}, "score": 0.9414609670639038}, {"content": "The truth didn't set James free.", "metadata": {"source": "knowledge/tmp.txt", "confidence": 0.9}, "score": 0.9906898736953735}, {"content": "James was concerned about the consequences of many injuries.", "metadata": {"source": "knowledge/tmp.txt", "confidence": 0.8}, "score": 1.1725937128067017}], "question": "Question:\nJames thought of criminal justice like a computer program.  It need to work right.   What ideas might James not like?\n\nCandidate Answers:\n1: manual\n2: process information\n3: power down\n4: control model\n5: reason exists\n\n\nThere is only one correct option. Therefore, you must choose the answer that is most likely to be correct from all candidate answers.\nYour response should only contain the number of the chosen answer. Your response cannot contain any textual content.\n", "soft_refusal": false, "hard_refusal": false}