{"evidence": "A person going for a jog will likely be wearing athletic clothing such as shorts, leggings, t-shirts, and running shoes.", "reason": "Based on the knowledge provided, it is stated that a person going for a jog will likely be wearing athletic clothing.", "answer": 3, "retrieved_documents": [{"content": "A person going for a jog will likely be wearing athletic clothing such as shorts, leggings, t-shirts, and running shoes.", "metadata": {"source": "knowledge/tmp.txt", "confidence": 0.9}, "score": 0.4022669196128845}, {"content": "When hiking, you should wear comfortable and moisture-wicking clothing, sturdy hiking boots, a hat, sunglasses, and sunscreen. It is also important to dress in layers to be prepared for changing weather conditions.", "metadata": {"source": "knowledge/tmp.txt", "confidence": 0.9}, "score": 1.0607413053512573}, {"content": "The man was hoping to improve his physical fitness and overall health by learning jogging.", "metadata": {"source": "knowledge/tmp.txt", "confidence": 0.9}, "score": 1.0717767477035522}, {"content": "Walking is what you would be doing while going to work.", "metadata": {"source": "knowledge/tmp.txt", "confidence": 1.0}, "score": 1.2070908546447754}], "question": "Question:\nWhat will a person going for a jog likely be wearing?\n\nCandidate Answers:\n1: grope\n2: acknowledgment\n3: comfortable clothes\n4: ipod\n5: passionate kisses\n\n\nThere is only one correct option. Therefore, you must choose the answer that is most likely to be correct from all candidate answers.\nYour response should only contain the number of the chosen answer. Your response cannot contain any textual content.\n", "soft_refusal": false, "hard_refusal": false}