{"evidence": "Basements that can be accessed with an elevator are typically found in buildings such as hotels, office buildings, or residential complexes.", "reason": "Based on the knowledge provided, buildings like office buildings are known to have basements that can be accessed with an elevator.", "answer": 4, "retrieved_documents": [{"content": "Basements that can be accessed with an elevator are typically found in buildings such as hotels, office buildings, or residential complexes.", "metadata": {"source": "knowledge/tmp.txt", "confidence": 0.8}, "score": 0.38699644804000854}, {"content": "You would walk through a central passage to catch an elevator in a building or a structure with multiple floors", "metadata": {"source": "knowledge/tmp.txt", "confidence": 0.9}, "score": 0.8594866394996643}, {"content": "A small building or house usually does not have an elevator and sometimes has a telephone book.", "metadata": {"source": "knowledge/tmp.txt", "confidence": 0.8}, "score": 1.001012921333313}, {"content": "A landing is typically found at the top of stairs or a staircase.", "metadata": {"source": "knowledge/tmp.txt", "confidence": 0.9}, "score": 1.0858335494995117}], "question": "Question:\nWhere would you find a basement that can be accessed with an elevator?\n\nCandidate Answers:\n1: eat cake\n2: closet\n3: church\n4: office building\n5: own house\n\n\nThere is only one correct option. Therefore, you must choose the answer that is most likely to be correct from all candidate answers.\nYour response should only contain the number of the chosen answer. Your response cannot contain any textual content.\n", "soft_refusal": false, "hard_refusal": false}