{"evidence": "He is trying to build muscle on his body. Weightlifting is a form of anaerobic exercising.", "reason": "The evidence provided states that he is trying to build muscle on his body, which indicates that he is likely focusing on his own body.", "answer": 5, "retrieved_documents": [{"content": "He is trying to build muscle on his body.", "metadata": {"source": "knowledge/tmp.txt", "confidence": 0.8}, "score": 0.5225495100021362}, {"content": "Weightlifting is a form of anaerobic exercising.", "metadata": {"source": "knowledge/tmp.txt", "confidence": 0.9}, "score": 1.0555311441421509}, {"content": "Using a shrink ray backwards increased his weight", "metadata": {"source": "knowledge/tmp.txt", "confidence": 1.0}, "score": 1.234593152999878}, {"content": "Brad tried to arise from bed but he could not. Instead, he just continued to do what?", "metadata": {"source": "knowledge/tmp.txt", "confidence": 1.0}, "score": 1.2490475177764893}], "question": "Question:\nHe was at the gym trying to build muscle, what is it called that he is trying to build muscle on?\n\nCandidate Answers:\n1: body of animal\n2: arm\n3: bodybuilder\n4: body of dog\n5: human body\n\n\nThere is only one correct option. Therefore, you must choose the answer that is most likely to be correct from all candidate answers.\nYour response should only contain the number of the chosen answer. Your response cannot contain any textual content.\n", "soft_refusal": false, "hard_refusal": false}