{"evidence": "Flowers are often considered the pretty part of plants.", "reason": "Based on the knowledge that flowers are often considered the pretty part of plants, it is clear that the pretty part of plants refers to flowers.", "answer": 4, "retrieved_documents": [{"content": "Flowers are often considered the pretty part of plants.", "metadata": {"source": "knowledge/tmp.txt", "confidence": 0.8}, "score": 0.4981829822063446}, {"content": "Flowers make a good center focal point on a table.", "metadata": {"source": "knowledge/tmp.txt", "confidence": 0.9}, "score": 0.9477789998054504}, {"content": "The neighbor of the flower may have adapted by growing wider or developing other strategies to access sunlight.", "metadata": {"source": "knowledge/tmp.txt", "confidence": 0.8}, "score": 0.9517489075660706}, {"content": "Trees have the most amount of leaves.", "metadata": {"source": "knowledge/tmp.txt", "confidence": 0.9}, "score": 0.9779888987541199}], "question": "Question:\nWhat part of plants is pretty?\n\nCandidate Answers:\n1: dirt\n2: no neurons in\n3: millions of cells\n4: flowers on\n5: roots\n\n\nThere is only one correct option. Therefore, you must choose the answer that is most likely to be correct from all candidate answers.\nYour response should only contain the number of the chosen answer. Your response cannot contain any textual content.\n", "soft_refusal": false, "hard_refusal": false}