{"evidence": "The man had difficulty keeping track of conversations because he didn't want to listen. Listening is what someone is usually doing if someone else is talking to him or her.", "reason": "Based on the evidence provided, the man had difficulty keeping track of conversations because he didn't want to listen. Therefore, the correct answer would be an action related to not listening.", "answer": 2, "retrieved_documents": [{"content": "The man had difficulty keeping track of conversations because he didn't want to listen.", "metadata": {"source": "knowledge/tmp.txt", "confidence": 0.8}, "score": 0.8086153864860535}, {"content": "It is unclear what she wanted to do with the man as the question is vague and lacks context.", "metadata": {"source": "knowledge/tmp.txt", "confidence": 0.5}, "score": 0.8285242319107056}, {"content": "Brad tried to arise from bed but he could not. Instead, he just continued to do what?", "metadata": {"source": "knowledge/tmp.txt", "confidence": 1.0}, "score": 0.9905239939689636}, {"content": "Listening is what someone is usually doing if someone else is talking to him or her.", "metadata": {"source": "knowledge/tmp.txt", "confidence": 1.0}, "score": 1.0417519807815552}], "question": "Question:\nThe man tried to reply to the woman, but he had difficulty keeping track of conversations that he didn't do what to?\n\nCandidate Answers:\n1: initiate\n2: ignore\n3: question\n4: answer\n5: ask\n\n\nThere is only one correct option. Therefore, you must choose the answer that is most likely to be correct from all candidate answers.\nYour response should only contain the number of the chosen answer. Your response cannot contain any textual content.\n", "soft_refusal": false, "hard_refusal": true}