{"evidence": "The people were adroit at remembering the event.", "reason": "The evidence explicitly states that the people were adroit at remembering the event.", "answer": 5, "retrieved_documents": [{"content": "The people were adroit at remembering the event.", "metadata": {"source": "knowledge/tmp.txt", "confidence": 0.7}, "score": 0.5680769681930542}, {"content": "The chief saw his entire tribe wiped out, he was a leader with a single tear.", "metadata": {"source": "knowledge/tmp.txt", "confidence": 0.8}, "score": 1.18754243850708}, {"content": "They would practice or rehearse their strategy.", "metadata": {"source": "knowledge/tmp.txt", "confidence": 0.8}, "score": 1.2224935293197632}, {"content": "The performers began performing once their director stated 'Action!'", "metadata": {"source": "knowledge/tmp.txt", "confidence": 0.8}, "score": 1.2492402791976929}], "question": "Question:\nI couldn't find anybody who recalled the event, what were they adroit at doing?\n\nCandidate Answers:\n1: question authority\n2: act fool\n3: wash dishes\n4: act innocent\n5: forget\n\n\nThere is only one correct option. Therefore, you must choose the answer that is most likely to be correct from all candidate answers.\nYour response should only contain the number of the chosen answer. Your response cannot contain any textual content.\n", "soft_refusal": false, "hard_refusal": true}