{"evidence": "To stay busy when drinking booze, you can engage in conversations with friends, play games, listen to music, or watch movies.", "reason": "The evidence clearly states the activities one can engage in to stay busy while drinking booze.", "answer": 1, "retrieved_documents": [{"content": "To stay busy when drinking booze, you can engage in conversations with friends, play games, listen to music, or watch movies.", "metadata": {"source": "knowledge/tmp.txt", "confidence": 0.8}, "score": 0.39285576343536377}, {"content": "Having a hangover is a common consequence of celebrating with too many cocktails.", "metadata": {"source": "knowledge/tmp.txt", "confidence": 0.9}, "score": 0.9753938913345337}, {"content": "Partying all night can lead to feeling tired even when just beginning work.", "metadata": {"source": "knowledge/tmp.txt", "confidence": 0.8}, "score": 1.001928687095642}, {"content": "Drinking alcohol can lead to various health issues such as liver damage, addiction, impaired judgment, and increased risk of accidents.", "metadata": {"source": "knowledge/tmp.txt", "confidence": 0.8}, "score": 1.0284619331359863}], "question": "Question:\nWhen drinking booze what can you do to stay busy?\n\nCandidate Answers:\n1: reach tentative agreement\n2: stay in bed\n3: stop bicycle\n4: examine thing\n5: suicide\n\n\nThere is only one correct option. Therefore, you must choose the answer that is most likely to be correct from all candidate answers.\nYour response should only contain the number of the chosen answer. Your response cannot contain any textual content.\n", "soft_refusal": false, "hard_refusal": false}