{"evidence": "The location of the smelly carpet installation is not specified. The soccer field was the closest thing people had to a battlefield.", "reason": "Based on the knowledge provided, we know that the smelly carpet installation is not specified, but the soccer field was mentioned as being close to a battlefield.", "answer": null, "retrieved_documents": [{"content": "The location of the smelly carpet installation is not specified.", "metadata": {"source": "knowledge/tmp.txt", "confidence": 0.2}, "score": 0.6153497099876404}, {"content": "The soccer field was the closest thing people had to a battlefield.", "metadata": {"source": "knowledge/tmp.txt", "confidence": 0.8}, "score": 1.2083191871643066}, {"content": "The business with stained carpets from sauces and ketchup is likely a fast food restaurant.", "metadata": {"source": "knowledge/tmp.txt", "confidence": 0.8}, "score": 1.2169914245605469}, {"content": "It is unlikely that a person would intentionally put flowers in a room with dirty gym socks. It may be a mistake or accidental placement.", "metadata": {"source": "knowledge/tmp.txt", "confidence": 0.7}, "score": 1.2704319953918457}], "question": "Question:\nThe carpet was smelly and discouraged the league from playing there, where was this smelly carpet installed?\n\nCandidate Answers:\n1: bedroom\n2: movie theater\n3: bowling alley\n4: church\n5: office\n\n\nThere is only one correct option. Therefore, you must choose the answer that is most likely to be correct from all candidate answers.\nYour response should only contain the number of the chosen answer. Your response cannot contain any textual content.\n", "soft_refusal": true, "hard_refusal": true}