{"evidence": "A brownstone is a type of residence that has a ground floor with a stoop. Someone can be let into a brownstone by being buzzed in through an intercom system or by using a key to unlock the door.", "reason": "Based on the knowledge provided, someone can be let into a brownstone by being buzzed in through an intercom system or by using a key to unlock the door.", "answer": 2, "retrieved_documents": [{"content": "Someone can be let into a brownstone by being buzzed in through an intercom system or by using a key to unlock the door.", "metadata": {"source": "knowledge/tmp.txt", "confidence": 0.9}, "score": 0.4000875949859619}, {"content": "A brownstone is a type of residence that has a ground floor with a stoop.", "metadata": {"source": "knowledge/tmp.txt", "confidence": 0.8}, "score": 0.9221323132514954}, {"content": "Brownstones are likely to be found in cities like New York City, Brooklyn, and Boston.", "metadata": {"source": "knowledge/tmp.txt", "confidence": 0.8}, "score": 1.1757720708847046}, {"content": "Entering a room or building", "metadata": {"source": "knowledge/tmp.txt", "confidence": 0.9}, "score": 1.1801155805587769}], "question": "Question:\nHow can someone be let into a brownstone?\n\nCandidate Answers:\n1: brooklyn\n2: ring\n3: subdivision\n4: bricks\n5: new york city\n\n\nThere is only one correct option. Therefore, you must choose the answer that is most likely to be correct from all candidate answers.\nYour response should only contain the number of the chosen answer. Your response cannot contain any textual content.\n", "soft_refusal": false, "hard_refusal": false}