{"evidence": "An upright piano can be purchased from a music store, a piano showroom, or online retailers specializing in musical instruments.", "reason": "The knowledge base explicitly states that an upright piano can be purchased from a music store, which is a common place to buy musical instruments.", "answer": 3, "retrieved_documents": [{"content": "An upright piano can be purchased from a music store, a piano showroom, or online retailers specializing in musical instruments.", "metadata": {"source": "knowledge/tmp.txt", "confidence": 0.9}, "score": 0.3363020420074463}, {"content": "You can go to a music school, community center, or a friend's house to use a piano in your neighborhood.", "metadata": {"source": "knowledge/tmp.txt", "confidence": 0.8}, "score": 0.8807498216629028}, {"content": "The teacher played on the upright piano in the classroom.", "metadata": {"source": "knowledge/tmp.txt", "confidence": 0.8}, "score": 1.13634192943573}, {"content": "You can get a balalaika from a music store or online music instrument retailer.", "metadata": {"source": "knowledge/tmp.txt", "confidence": 0.8}, "score": 1.1627154350280762}], "question": "Question:\nWhere would someone purchase an upright piano?\n\nCandidate Answers:\n1: music class\n2: college\n3: music store\n4: music room\n5: music band\n\n\nThere is only one correct option. Therefore, you must choose the answer that is most likely to be correct from all candidate answers.\nYour response should only contain the number of the chosen answer. Your response cannot contain any textual content.\n", "soft_refusal": false, "hard_refusal": false}