{"evidence": "People are likely to become impatient in situations where they have to wait for a long time or when they are in a hurry. A person would be in a queue or line when having to wait their turn. Sally was feeling impatient. People can be found standing in a line outside various places such as banks, movie theaters, amusement parks, concert venues, and popular restaurants.", "reason": "Based on the knowledge provided, people are likely to become impatient when they have to wait in a line or queue, such as outside banks, movie theaters, amusement parks, concert venues, and popular restaurants.", "answer": 1, "retrieved_documents": [{"content": "People are likely to become impatient in situations where they have to wait for a long time or when they are in a hurry.", "metadata": {"source": "knowledge/tmp.txt", "confidence": 0.9}, "score": 0.4709680676460266}, {"content": "A person would be in a queue or line when having to wait their turn.", "metadata": {"source": "knowledge/tmp.txt", "confidence": 1.0}, "score": 0.9845811128616333}, {"content": "Sally was feeling impatient.", "metadata": {"source": "knowledge/tmp.txt", "confidence": 0.8}, "score": 1.1047654151916504}, {"content": "People can be found standing in a line outside various places such as banks, movie theaters, amusement parks, concert venues, and popular restaurants.", "metadata": {"source": "knowledge/tmp.txt", "confidence": 0.9}, "score": 1.1097885370254517}], "question": "Question:\nWhere are people likely to become impatient?\n\nCandidate Answers:\n1: end of line\n2: buildings\n3: apartment\n4: neighbor's house\n5: address\n\n\nThere is only one correct option. Therefore, you must choose the answer that is most likely to be correct from all candidate answers.\nYour response should only contain the number of the chosen answer. Your response cannot contain any textual content.\n", "soft_refusal": false, "hard_refusal": false}