{"evidence": "Failing to finish something means you failed at completing it.", "reason": "The knowledge base explicitly states that failing to finish something means failing at completing it.", "answer": 3, "retrieved_documents": [{"content": "Failing to finish something means you failed at completing it.", "metadata": {"source": "knowledge/tmp.txt", "confidence": 1.0}, "score": 0.2655349671840668}, {"content": "To try doing things differently", "metadata": {"source": "knowledge/tmp.txt", "confidence": 0.9}, "score": 1.0929216146469116}, {"content": "Survival of the individual attempting suicide may result in an unsuccessful suicide attempt.", "metadata": {"source": "knowledge/tmp.txt", "confidence": 1.0}, "score": 1.1449109315872192}, {"content": "Procrastination is the term used when a person tends to leave things to the last minute.", "metadata": {"source": "knowledge/tmp.txt", "confidence": 1.0}, "score": 1.1747153997421265}], "question": "Question:\nWhen you fail to finish something, you failed at doing what to it\n\nCandidate Answers:\n1: winning\n2: passing\n3: completing\n4: do well\n5: succeeding\n\n\nThere is only one correct option. Therefore, you must choose the answer that is most likely to be correct from all candidate answers.\nYour response should only contain the number of the chosen answer. Your response cannot contain any textual content.\n", "soft_refusal": false, "hard_refusal": false}