{"evidence": "A fencing thrust with a sharp sword towards a person would result in a stabbing motion or potentially causing injury.", "reason": "Based on the knowledge that a fencing thrust with a sharp sword can result in injury, it is likely that the correct outcome would be injury.", "answer": 1, "retrieved_documents": [{"content": "A fencing thrust with a sharp sword towards a person would result in a stabbing motion or potentially causing injury.", "metadata": {"source": "knowledge/tmp.txt", "confidence": 0.8}, "score": 0.19247078895568848}, {"content": "Participating in a fight", "metadata": {"source": "knowledge/tmp.txt", "confidence": 0.8}, "score": 1.073110580444336}, {"content": "Stabbing a person to death will result in the person dying.", "metadata": {"source": "knowledge/tmp.txt", "confidence": 1.0}, "score": 1.097206711769104}, {"content": "An obstacle or barrier in the path can suddenly stop someone when he or she is running.", "metadata": {"source": "knowledge/tmp.txt", "confidence": 0.9}, "score": 1.1748249530792236}], "question": "Question:\nA fencing thrust with a sharp sword towards a person would result in what?\n\nCandidate Answers:\n1: injury\n2: small cuts\n3: fever\n4: competition\n5: puncture wound\n\n\nThere is only one correct option. Therefore, you must choose the answer that is most likely to be correct from all candidate answers.\nYour response should only contain the number of the chosen answer. Your response cannot contain any textual content.\n", "soft_refusal": false, "hard_refusal": false}