{"evidence": "A strip mall is an uncommon location for a supermarket.", "reason": "Based on the knowledge provided, strip malls are not a common location for supermarkets.", "answer": 1, "retrieved_documents": [{"content": "Supermarkets are likely to be found in commercial areas, shopping centers, or residential neighborhoods.", "metadata": {"source": "knowledge/tmp.txt", "confidence": 0.9}, "score": 0.6172902584075928}, {"content": "When going to the market, people typically buy groceries or other items they need.", "metadata": {"source": "knowledge/tmp.txt", "confidence": 0.8}, "score": 0.7015348672866821}, {"content": "Many stores with clothing can be found in shopping malls, department stores, and retail districts.", "metadata": {"source": "knowledge/tmp.txt", "confidence": 0.9}, "score": 0.9118896126747131}, {"content": "A strip mall is an uncommon location for a supermarket.", "metadata": {"source": "knowledge/tmp.txt", "confidence": 0.8}, "score": 0.9271965622901917}], "question": "Question:\nA supermarket is uncommon in what type of collection of shops?\n\nCandidate Answers:\n1: strip mall\n2: city or town\n3: shoppingcentre\n4: boutique\n5: vermont\n\n\nThere is only one correct option. Therefore, you must choose the answer that is most likely to be correct from all candidate answers.\nYour response should only contain the number of the chosen answer. Your response cannot contain any textual content.\n", "soft_refusal": false, "hard_refusal": false}