{"evidence": "To serve food at your party, you will need plates, utensils, napkins, serving dishes, and possibly cups and glasses depending on the type of food and drinks you are serving.", "reason": "Based on the provided knowledge, the items needed to serve food at a party are plates, utensils, napkins, serving dishes, and possibly cups and glasses.", "answer": 3, "retrieved_documents": [{"content": "To serve food at your party, you will need plates, utensils, napkins, serving dishes, and possibly cups and glasses depending on the type of food and drinks you are serving.", "metadata": {"source": "knowledge/tmp.txt", "confidence": 0.8}, "score": 0.5278313159942627}, {"content": "When you need to get food, you can either cook at home, order takeout, dine out at a restaurant, or go grocery shopping.", "metadata": {"source": "knowledge/tmp.txt", "confidence": 0.9}, "score": 1.2021746635437012}, {"content": "After the meal, there would be a messy plate.", "metadata": {"source": "knowledge/tmp.txt", "confidence": 0.8}, "score": 1.2335368394851685}, {"content": "You are at a pizzeria or a pizza restaurant.", "metadata": {"source": "knowledge/tmp.txt", "confidence": 0.9}, "score": 1.244395136833191}], "question": "Question:\nI'm having some food at my party, what will I need to serve it?\n\nCandidate Answers:\n1: zoo\n2: pan\n3: bowl\n4: kitchen\n5: spoon\n\n\nThere is only one correct option. Therefore, you must choose the answer that is most likely to be correct from all candidate answers.\nYour response should only contain the number of the chosen answer. Your response cannot contain any textual content.\n", "soft_refusal": false, "hard_refusal": false}