{"evidence": "Racers must take their positions at the starting line before they start to run.", "reason": "The evidence clearly states that racers must take their positions at the starting line before they start to run.", "answer": 5, "retrieved_documents": [{"content": "Racers must take their positions at the starting line before they start to run.", "metadata": {"source": "knowledge/tmp.txt", "confidence": 0.9}, "score": 0.3304782211780548}, {"content": "The runner was beginning to push harder.", "metadata": {"source": "knowledge/tmp.txt", "confidence": 0.9}, "score": 1.1123496294021606}, {"content": "An obstacle or barrier in the path can suddenly stop someone when he or she is running.", "metadata": {"source": "knowledge/tmp.txt", "confidence": 0.9}, "score": 1.1405508518218994}, {"content": "Cars usually travel at very high speeds on highways or race tracks.", "metadata": {"source": "knowledge/tmp.txt", "confidence": 0.9}, "score": 1.1638363599777222}], "question": "Question:\nBefore racers start to run they must do what at the starting line?\n\nCandidate Answers:\n1: learn to walk\n2: walking\n3: walk slowly\n4: breathe\n5: stand still\n\n\nThere is only one correct option. Therefore, you must choose the answer that is most likely to be correct from all candidate answers.\nYour response should only contain the number of the chosen answer. Your response cannot contain any textual content.\n", "soft_refusal": false, "hard_refusal": false}