{"evidence": "One might be watching TV instead of doing something else because they find it entertaining, relaxing, or informative. Feeling bored or disinterested can happen when using television and it is not interesting. To alleviate boredom at home, people might watch TV, read a book, play video games, listen to music, or engage in a hobby.", "reason": "The evidence provided explains the reasons why someone might choose to watch TV instead of doing something else, such as finding it entertaining, relaxing, or informative, or to alleviate boredom.", "answer": 3, "retrieved_documents": [{"content": "One might be watching TV instead of doing something else because they find it entertaining, relaxing, or informative.", "metadata": {"source": "knowledge/tmp.txt", "confidence": 0.8}, "score": 0.34055787324905396}, {"content": "Feeling bored or disinterested can happen when using television and it is not interesting.", "metadata": {"source": "knowledge/tmp.txt", "confidence": 0.9}, "score": 0.6754043102264404}, {"content": "To alleviate boredom at home, people might watch TV, read a book, play video games, listen to music, or engage in a hobby.", "metadata": {"source": "knowledge/tmp.txt", "confidence": 0.9}, "score": 1.04282808303833}, {"content": "To use television if it is already turned on, you would need to change the channel or adjust the volume using the remote control or buttons on the television.", "metadata": {"source": "knowledge/tmp.txt", "confidence": 0.9}, "score": 1.0606127977371216}], "question": "Question:\nWhy would you be watching tv instead of doing something else?\n\nCandidate Answers:\n1: headache\n2: laughter\n3: laziness\n4: erections\n5: wasting time\n\n\nThere is only one correct option. Therefore, you must choose the answer that is most likely to be correct from all candidate answers.\nYour response should only contain the number of the chosen answer. Your response cannot contain any textual content.\n", "soft_refusal": false, "hard_refusal": false}