{"evidence": "Dental issues such as missing teeth, cavities, or jaw problems can be a possible reason for difficulty in chewing food.", "reason": "The evidence provided specifically mentions that dental issues can cause difficulty in chewing food.", "answer": 2, "retrieved_documents": [{"content": "Dental issues such as missing teeth, cavities, or jaw problems can be a possible reason for difficulty in chewing food.", "metadata": {"source": "knowledge/tmp.txt", "confidence": 0.8}, "score": 0.3005349338054657}, {"content": "Spitting a lot without noticing may indicate excess saliva production.", "metadata": {"source": "knowledge/tmp.txt", "confidence": 0.9}, "score": 0.9620609283447266}, {"content": "Forgetting her chewables at the picnic made her worried about preventing indigestion.", "metadata": {"source": "knowledge/tmp.txt", "confidence": 0.8}, "score": 1.2467877864837646}, {"content": "There is no scientific evidence to suggest that young people have a specific reason for swallowing semen. It may vary from individual to individual.", "metadata": {"source": "knowledge/tmp.txt", "confidence": 0.7}, "score": 1.3088672161102295}], "question": "Question:\nIf chewing food is difficult for you, what is a possible reason?\n\nCandidate Answers:\n1: broken jaw\n2: sore mouth\n3: eating\n4: good digestion\n5: avoiding choking\n\n\nThere is only one correct option. Therefore, you must choose the answer that is most likely to be correct from all candidate answers.\nYour response should only contain the number of the chosen answer. Your response cannot contain any textual content.\n", "soft_refusal": false, "hard_refusal": false}