{"evidence": "The orchestra members had to wear tuxedos while playing the keyboard instrument. The player was likely a member of a marching band or a musical ensemble. A musician would use a musical instrument. The audience was most likely watching the performance in a concert hall or theater.", "reason": "Based on the evidence provided, it is clear that the context is related to music and musical performances, specifically mentioning orchestra members wearing tuxedos while playing the keyboard instrument. This indicates a connection to orchestras or musical ensembles.", "answer": 4, "retrieved_documents": [{"content": "The orchestra members had to wear tuxedos while playing the keyboard instrument.", "metadata": {"source": "knowledge/tmp.txt", "confidence": 0.9}, "score": 0.4504408538341522}, {"content": "The player was likely a member of a marching band or a musical ensemble.", "metadata": {"source": "knowledge/tmp.txt", "confidence": 0.8}, "score": 0.896681547164917}, {"content": "A musician would use a musical instrument.", "metadata": {"source": "knowledge/tmp.txt", "confidence": 1.0}, "score": 0.9733045101165771}, {"content": "The audience was most likely watching the performance in a concert hall or theater.", "metadata": {"source": "knowledge/tmp.txt", "confidence": 0.8}, "score": 1.114444613456726}], "question": "Question:\nHe had to wear a tuxedo while playing the keyboard instrument, so did the other hundred members of the what?\n\nCandidate Answers:\n1: music store\n2: band\n3: medium\n4: orchestra\n5: piano store\n\n\nThere is only one correct option. Therefore, you must choose the answer that is most likely to be correct from all candidate answers.\nYour response should only contain the number of the chosen answer. Your response cannot contain any textual content.\n", "soft_refusal": false, "hard_refusal": false}