{"evidence": "Trees have the most amount of leaves.", "reason": "Based on the knowledge that trees have the most amount of leaves, we can infer that the correct answer is related to trees.", "answer": 3, "retrieved_documents": [{"content": "Trees have the most amount of leaves.", "metadata": {"source": "knowledge/tmp.txt", "confidence": 0.9}, "score": 0.7340420484542847}, {"content": "The location of the forest experiencing a cold winter is not specified.", "metadata": {"source": "knowledge/tmp.txt", "confidence": 0.0}, "score": 1.255466341972351}, {"content": "To get a grape, you would go to a grocery store or a market.", "metadata": {"source": "knowledge/tmp.txt", "confidence": 0.8}, "score": 1.2754698991775513}, {"content": "Marmots are likely to be found in mountainous green areas.", "metadata": {"source": "knowledge/tmp.txt", "confidence": 0.8}, "score": 1.3047223091125488}], "question": "Question:\nWhere do you find the most amount of leafs?\n\nCandidate Answers:\n1: floral arrangement\n2: ground\n3: forrest\n4: field\n5: compost pile\n\n\nThere is only one correct option. Therefore, you must choose the answer that is most likely to be correct from all candidate answers.\nYour response should only contain the number of the chosen answer. Your response cannot contain any textual content.\n", "soft_refusal": false, "hard_refusal": true}