{"evidence": "An obstacle or barrier in the path can suddenly stop someone when he or she is running. Muscle fatigue is an unavoidable physiological consequence of running.", "reason": "Based on the knowledge provided, obstacles or barriers in the path and muscle fatigue are the factors that could suddenly stop someone when he or she is running.", "answer": 1, "retrieved_documents": [{"content": "An obstacle or barrier in the path can suddenly stop someone when he or she is running.", "metadata": {"source": "knowledge/tmp.txt", "confidence": 0.9}, "score": 0.5089958906173706}, {"content": "Muscle fatigue is an unavoidable physiological consequence of running.", "metadata": {"source": "knowledge/tmp.txt", "confidence": 0.8}, "score": 0.9912194609642029}, {"content": "The runner was beginning to push harder.", "metadata": {"source": "knowledge/tmp.txt", "confidence": 0.9}, "score": 1.0100089311599731}, {"content": "Various factors such as mechanical failure, running out of fuel, flat tire, engine overheating, and electrical issues can prevent a driving car from continuing to drive.", "metadata": {"source": "knowledge/tmp.txt", "confidence": 0.9}, "score": 1.0356764793395996}], "question": "Question:\nWhat could suddenly stop someone when he or she is running?\n\nCandidate Answers:\n1: mushroom\n2: falling down\n3: sweating\n4: exhaustion\n5: getting tired\n\n\nThere is only one correct option. Therefore, you must choose the answer that is most likely to be correct from all candidate answers.\nYour response should only contain the number of the chosen answer. Your response cannot contain any textual content.\n", "soft_refusal": false, "hard_refusal": false}