{"evidence": "Monkeys can be found in the wild in tropical forests, jungles, and savannas. A monkey is likely to enjoy being in a jungle or a forest where it can climb trees and find food. Monkeys can be found in the rainforests of West Africa, including countries like Nigeria, Cameroon, and Gabon. South America is the large land mass that is home to the most monkeys.", "reason": "Based on the provided knowledge base, monkeys are typically found in tropical forests, jungles, and savannas, as well as in specific regions like West Africa and South America.", "answer": 1, "retrieved_documents": [{"content": "Monkeys can be found in the wild in tropical forests, jungles, and savannas.", "metadata": {"source": "knowledge/tmp.txt", "confidence": 0.9}, "score": 0.49674755334854126}, {"content": "A monkey is likely to enjoy being in a jungle or a forest where it can climb trees and find food.", "metadata": {"source": "knowledge/tmp.txt", "confidence": 0.8}, "score": 0.5997620224952698}, {"content": "Monkeys can be found in the rainforests of West Africa, including countries like Nigeria, Cameroon, and Gabon.", "metadata": {"source": "knowledge/tmp.txt", "confidence": 0.8}, "score": 0.668769896030426}, {"content": "South America is the large land mass that is home to the most monkeys.", "metadata": {"source": "knowledge/tmp.txt", "confidence": 0.8}, "score": 0.9980672597885132}], "question": "Question:\nWhere would you find a monkey in the wild?\n\nCandidate Answers:\n1: zoo\n2: barrel\n3: research laboratory\n4: captivity\n5: thailand\n\n\nThere is only one correct option. Therefore, you must choose the answer that is most likely to be correct from all candidate answers.\nYour response should only contain the number of the chosen answer. Your response cannot contain any textual content.\n", "soft_refusal": false, "hard_refusal": false}