{"evidence": "Courtyards are a common feature in many homes in China. If you have a home with a courtyard, you probably don't have to care for a lawn any longer.", "reason": "Based on the knowledge that having a home with a courtyard means you probably don't have to care for a lawn any longer, the answer is clear.", "answer": 1, "retrieved_documents": [{"content": "If you have a home with a courtyard, you probably don't have to care for a lawn any longer.", "metadata": {"source": "knowledge/tmp.txt", "confidence": 0.9}, "score": 0.5912390947341919}, {"content": "Courtyards are a common feature in many homes in China.", "metadata": {"source": "knowledge/tmp.txt", "confidence": 0.8}, "score": 0.8673585057258606}, {"content": "Planned communities or neighborhoods with strict homeowners association regulations have uniform yard sizes and landscaping.", "metadata": {"source": "knowledge/tmp.txt", "confidence": 0.8}, "score": 1.2175997495651245}, {"content": "Nature creates more beautiful structures than those that are man-made", "metadata": {"source": "knowledge/tmp.txt", "confidence": 0.9}, "score": 1.2704190015792847}], "question": "Question:\nIf you have a home with a courtyard, what's one thing you probably don't have to care for any longer?\n\nCandidate Answers:\n1: lawn\n2: kids\n3: asshole\n4: spain\n5: office complex\n\n\nThere is only one correct option. Therefore, you must choose the answer that is most likely to be correct from all candidate answers.\nYour response should only contain the number of the chosen answer. Your response cannot contain any textual content.\n", "soft_refusal": false, "hard_refusal": false}