{"evidence": "The knowledge base mentions that 'She signed up for computer classes to learn more about the computer.'", "reason": "Based on the evidence provided, it is clear that she signed up for computer classes to learn more about the computer.", "answer": 1, "retrieved_documents": [{"content": "She signed up for computer classes to learn more about the computer.", "metadata": {"source": "knowledge/tmp.txt", "confidence": 0.8}, "score": 0.48418575525283813}, {"content": "Using a computer to talk to their granddaughter might cause feelings of connection, communication, and joy for the person.", "metadata": {"source": "knowledge/tmp.txt", "confidence": 0.8}, "score": 1.0629119873046875}, {"content": "The amateur end user began to panic or feel frustrated.", "metadata": {"source": "knowledge/tmp.txt", "confidence": 0.8}, "score": 1.092411756515503}, {"content": "The computer could access websites, send and receive emails, download files, stream videos, and perform various online activities.", "metadata": {"source": "knowledge/tmp.txt", "confidence": 0.9}, "score": 1.1122239828109741}], "question": "Question:\nThe computer was difficult for he to understand at the store, so what did she sign up for to learn more?\n\nCandidate Answers:\n1: classroom\n2: facebook\n3: school\n4: apartment\n5: demonstration\n\n\nThere is only one correct option. Therefore, you must choose the answer that is most likely to be correct from all candidate answers.\nYour response should only contain the number of the chosen answer. Your response cannot contain any textual content.\n", "soft_refusal": false, "hard_refusal": false}