{"evidence": "The campaign was intended to create a positive impact on the problem. The church was hoping to accomplish helping those in need, spreading goodwill, and fulfilling their religious or moral obligations. Going public about a common problem can gain sympathy and support from the public for a celebrity. Promoting understanding, empathy, and cooperation among individuals and communities can help achieve harmony in the world.", "reason": "The evidence suggests that the campaign was intended to create awareness of the problem and have a positive impact. Therefore, the campaign was likely hoping to reduce the effect of the problem.", "answer": 5, "retrieved_documents": [{"content": "The campaign was intended to create a positive impact on the problem.", "metadata": {"source": "knowledge/tmp.txt", "confidence": 0.8}, "score": 0.4228934049606323}, {"content": "The church was hoping to accomplish helping those in need, spreading goodwill, and fulfilling their religious or moral obligations.", "metadata": {"source": "knowledge/tmp.txt", "confidence": 0.8}, "score": 1.1034599542617798}, {"content": "Going public about a common problem can gain sympathy and support from the public for a celebrity.", "metadata": {"source": "knowledge/tmp.txt", "confidence": 0.8}, "score": 1.2592434883117676}, {"content": "Promoting understanding, empathy, and cooperation among individuals and communities can help achieve harmony in the world.", "metadata": {"source": "knowledge/tmp.txt", "confidence": 0.9}, "score": 1.2594683170318604}], "question": "Question:\nThey were hoping their campaign would create a rise in awareness of the problem and hopefully do what to its effect?\n\nCandidate Answers:\n1: set\n2: fall\n3: park\n4: descend\n5: reduce\n\n\nThere is only one correct option. Therefore, you must choose the answer that is most likely to be correct from all candidate answers.\nYour response should only contain the number of the chosen answer. Your response cannot contain any textual content.\n", "soft_refusal": false, "hard_refusal": false}