{"evidence": "Airplanes typically taxi to the gate after landing.", "reason": "Based on the knowledge that airplanes typically taxi to the gate after landing, we can infer what airplanes do as they are arriving at the gate.", "answer": 1, "retrieved_documents": [{"content": "Airplanes typically taxi to the gate after landing.", "metadata": {"source": "knowledge/tmp.txt", "confidence": 0.9}, "score": 0.5029284358024597}, {"content": "To fly in an airplane, you need to purchase a ticket, go through security checks, board the plane, fasten your seatbelt, and follow the instructions of the flight crew.", "metadata": {"source": "knowledge/tmp.txt", "confidence": 0.9}, "score": 1.0084271430969238}, {"content": "A ladder or stairs could be used to get to some airplanes.", "metadata": {"source": "knowledge/tmp.txt", "confidence": 0.9}, "score": 1.0301671028137207}, {"content": "You are at an airport security checkpoint.", "metadata": {"source": "knowledge/tmp.txt", "confidence": 1.0}, "score": 1.0354105234146118}], "question": "Question:\nWhat do airplanes do as they are arriving at the gate?\n\nCandidate Answers:\n1: slow down\n2: crash\n3: speed up\n4: land\n5: carry people\n\n\nThere is only one correct option. Therefore, you must choose the answer that is most likely to be correct from all candidate answers.\nYour response should only contain the number of the chosen answer. Your response cannot contain any textual content.\n", "soft_refusal": false, "hard_refusal": false}