{"evidence": "Various things could go on top of wood, such as paint, varnish, wax, or other finishes. Furniture pads or felt pads can be placed under the furniture to protect the floor.", "reason": "The knowledge base explicitly mentions that paint, varnish, wax, or other finishes can go on top of wood, as well as furniture pads or felt pads to protect the floor.", "answer": 3, "retrieved_documents": [{"content": "Various things could go on top of wood, such as paint, varnish, wax, or other finishes.", "metadata": {"source": "knowledge/tmp.txt", "confidence": 0.8}, "score": 0.4243679344654083}, {"content": "The woodworker would need to sand the wood to make it smooth to the touch.", "metadata": {"source": "knowledge/tmp.txt", "confidence": 0.9}, "score": 0.9553711414337158}, {"content": "You can obtain wood from a hardware store, lumberyard, or by cutting down trees in a forest.", "metadata": {"source": "knowledge/tmp.txt", "confidence": 0.9}, "score": 1.0173362493515015}, {"content": "Furniture pads or felt pads can be placed under the furniture to protect the floor.", "metadata": {"source": "knowledge/tmp.txt", "confidence": 0.9}, "score": 1.1740758419036865}], "question": "Question:\nWhat could go on top of wood?\n\nCandidate Answers:\n1: lumberyard\n2: synagogue\n3: floor\n4: carpet\n5: hardware store\n\n\nThere is only one correct option. Therefore, you must choose the answer that is most likely to be correct from all candidate answers.\nYour response should only contain the number of the chosen answer. Your response cannot contain any textual content.\n", "soft_refusal": false, "hard_refusal": false}