{"evidence": "Construction sites are where many loud machines are expected. Auto repair shops or garages are where all the power tools like the drill used for fixing cars are made for a very loud workplace.", "reason": "Based on the knowledge provided, loud machines are expected at construction sites and auto repair shops, making an industrial area the most likely place where many loud machines are expected.", "answer": 5, "retrieved_documents": [{"content": "Construction sites are where many loud machines are expected.", "metadata": {"source": "knowledge/tmp.txt", "confidence": 0.8}, "score": 0.7025341987609863}, {"content": "Auto repair shops or garages are where all the power tools like the drill used for fixing cars are made for a very loud workplace.", "metadata": {"source": "knowledge/tmp.txt", "confidence": 0.8}, "score": 0.8853313326835632}, {"content": "The sound of the engine", "metadata": {"source": "knowledge/tmp.txt", "confidence": 0.8}, "score": 0.9237491488456726}, {"content": "The teacher doesn't tolerate noise during a test in their classroom.", "metadata": {"source": "knowledge/tmp.txt", "confidence": 0.9}, "score": 1.181932806968689}], "question": "Question:\nA loud machine is irritating, but many are expected where?\n\nCandidate Answers:\n1: museum\n2: house\n3: laboratory\n4: library\n5: industrial area\n\n\nThere is only one correct option. Therefore, you must choose the answer that is most likely to be correct from all candidate answers.\nYour response should only contain the number of the chosen answer. Your response cannot contain any textual content.\n", "soft_refusal": false, "hard_refusal": true}