{"evidence": "A ruler would be placed on the tabletop of a table.", "reason": "The evidence clearly states that a ruler would be placed on the tabletop of a table.", "answer": 1, "retrieved_documents": [{"content": "A ruler would be placed on the tabletop of a table.", "metadata": {"source": "knowledge/tmp.txt", "confidence": 0.9}, "score": 0.3590902090072632}, {"content": "A side table is normally found near a side chair.", "metadata": {"source": "knowledge/tmp.txt", "confidence": 0.9}, "score": 0.9472230672836304}, {"content": "The table was very uneven.", "metadata": {"source": "knowledge/tmp.txt", "confidence": 0.9}, "score": 1.0066847801208496}, {"content": "A dining room is likely to have a sideboard on the counter.", "metadata": {"source": "knowledge/tmp.txt", "confidence": 0.8}, "score": 1.0686421394348145}], "question": "Question:\nWhat part of a table would you put a ruler in?\n\nCandidate Answers:\n1: drawer\n2: desk\n3: the backside\n4: office\n5: measure distance\n\n\nThere is only one correct option. Therefore, you must choose the answer that is most likely to be correct from all candidate answers.\nYour response should only contain the number of the chosen answer. Your response cannot contain any textual content.\n", "soft_refusal": false, "hard_refusal": false}