{"evidence": "Stones would not be arranged in a path in the sky. The thoroughfare was passing through fields and woods.", "reason": "Based on the evidence provided, it is clear that stones would not be arranged in a path in the sky, but rather in fields and woods.", "answer": 2, "retrieved_documents": [{"content": "Stones would not be arranged in a path in the sky.", "metadata": {"source": "knowledge/tmp.txt", "confidence": 1.0}, "score": 0.5087807774543762}, {"content": "The stone was found in the stream bed.", "metadata": {"source": "knowledge/tmp.txt", "confidence": 0.8}, "score": 0.9730156064033508}, {"content": "You would walk through a central passage to catch an elevator in a building or a structure with multiple floors", "metadata": {"source": "knowledge/tmp.txt", "confidence": 0.9}, "score": 1.264841079711914}, {"content": "The thoroughfare was passing through fields and woods.", "metadata": {"source": "knowledge/tmp.txt", "confidence": 1.0}, "score": 1.2729572057724}], "question": "Question:\nWhere would stones not be arranged in a path?\n\nCandidate Answers:\n1: quarries\n2: field\n3: park\n4: bridge\n5: made from rocks\n\n\nThere is only one correct option. Therefore, you must choose the answer that is most likely to be correct from all candidate answers.\nYour response should only contain the number of the chosen answer. Your response cannot contain any textual content.\n", "soft_refusal": false, "hard_refusal": false}