{"evidence": "The bald eagle is given the status of the national bird of the United States. Bald eagles are likely to be found near bodies of water, such as lakes, rivers, or coastlines.", "reason": "Based on the knowledge provided, bald eagles are likely to be found near bodies of water, such as lakes, rivers, or coastlines.", "answer": 1, "retrieved_documents": [{"content": "The bald eagle is given the status of the national bird of the United States.", "metadata": {"source": "knowledge/tmp.txt", "confidence": 0.9}, "score": 0.6436899900436401}, {"content": "Bald eagles are likely to be found near bodies of water, such as lakes, rivers, or coastlines.", "metadata": {"source": "knowledge/tmp.txt", "confidence": 0.8}, "score": 0.7270838022232056}, {"content": "The bald eagle flew all over the United States.", "metadata": {"source": "knowledge/tmp.txt", "confidence": 0.8}, "score": 0.7866040468215942}, {"content": "If the patriotic guy with a camera finds a bald eagle, he is likely to take a photograph of the bald eagle.", "metadata": {"source": "knowledge/tmp.txt", "confidence": 0.8}, "score": 0.8345319628715515}], "question": "Question:\nA bald eagle is likely to be found on what kind of work?\n\nCandidate Answers:\n1: rural area\n2: book\n3: canada\n4: painting\n5: aviary\n\n\nThere is only one correct option. Therefore, you must choose the answer that is most likely to be correct from all candidate answers.\nYour response should only contain the number of the chosen answer. Your response cannot contain any textual content.\n", "soft_refusal": false, "hard_refusal": false}