{
    "evidence": "The artist began to paint when inspiration struck him.",
    "reason": "The evidence explicitly states that the artist began to paint when inspiration struck him.",
    "answer": 3,
    "retrieved_documents": [
        {
            "content": "The artist began to paint when inspiration struck him.",
            "metadata": {
                "source": "knowledge/tmp.txt",
                "confidence": 0.9
            },
            "score": 0.5221378803253174
        },
        {
            "content": "The painter started to edge the room with tape, he always took extra care to make the lines clean and crisp when working with an edge.",
            "metadata": {
                "source": "knowledge/tmp.txt",
                "confidence": 0.9
            },
            "score": 0.9697569608688354
        },
        {
            "content": "Brad tried to arise from bed but he could not. Instead, he just continued to do what?",
            "metadata": {
                "source": "knowledge/tmp.txt",
                "confidence": 1.0
            },
            "score": 1.1242488622665405
        },
        {
            "content": "After finishing creating art, someone might share it with others, display it in an exhibition, sell it, or keep it for themselves.",
            "metadata": {
                "source": "knowledge/tmp.txt",
                "confidence": 0.9
            },
            "score": 1.1521629095077515
        }
    ],
    "question": "Question:\nThe artist was sitting quietly pondering, then suddenly he began to paint when what struck him?\n\nCandidate Answers:\n1: sadness\n2: anxiety\n3: inspiration\n4: discomfort\n5: insights\n\n\nThere is only one correct option. Therefore, you must choose the answer that is most likely to be correct from all candidate answers.\nYour response should only contain the number of the chosen answer. Your response cannot contain any textual content.\n",
    "soft_refusal": false,
    "hard_refusal": false
}