{"evidence": "The factory was likely in compliance with the protocols.", "reason": "The evidence directly states that the factory was likely following the protocols.", "answer": 1, "retrieved_documents": [{"content": "The factory was likely in compliance with the protocols.", "metadata": {"source": "knowledge/tmp.txt", "confidence": 0.8}, "score": 0.5600800514221191}, {"content": "Consulting a manual or instruction manual provided the needed information to fix the issue.", "metadata": {"source": "knowledge/tmp.txt", "confidence": 0.8}, "score": 1.3069915771484375}, {"content": "The question seems incomplete or unclear.", "metadata": {"source": "knowledge/tmp.txt", "confidence": 0.0}, "score": 1.3366843461990356}, {"content": "The amateur end user began to panic or feel frustrated.", "metadata": {"source": "knowledge/tmp.txt", "confidence": 0.8}, "score": 1.3992090225219727}], "question": "Question:\nThe inspector was agreeing with the factory protocols, what was the status of the factory?\n\nCandidate Answers:\n1: compliance\n2: eligible\n3: contract\n4: harmony\n5: friendship\n\n\nThere is only one correct option. Therefore, you must choose the answer that is most likely to be correct from all candidate answers.\nYour response should only contain the number of the chosen answer. Your response cannot contain any textual content.\n", "soft_refusal": false, "hard_refusal": false}