{"evidence": "Orthostatic hypotension can cause a sudden drop in blood pressure when standing up.", "reason": "The evidence provided suggests that the feeling described after standing up could be related to a sudden drop in blood pressure.", "answer": 1, "retrieved_documents": [{"content": "Orthostatic hypotension can cause a sudden drop in blood pressure when standing up.", "metadata": {"source": "knowledge/tmp.txt", "confidence": 0.8}, "score": 1.054876685142517}, {"content": "Eating beans and sitting down quickly could lead to flatulence or gas.", "metadata": {"source": "knowledge/tmp.txt", "confidence": 0.9}, "score": 1.2264848947525024}, {"content": "A vestibular issue caused the student to lose his balance.", "metadata": {"source": "knowledge/tmp.txt", "confidence": 0.8}, "score": 1.346321702003479}, {"content": "Eating a hamburger can cause a feeling of fullness or bloating immediately after consuming it.", "metadata": {"source": "knowledge/tmp.txt", "confidence": 0.8}, "score": 1.3489242792129517}], "question": "Question:\nAfter standing up I had to sit right back down, why would I feel like this?\n\nCandidate Answers:\n1: train\n2: effort\n3: balance\n4: feet\n5: muscles\n\n\nThere is only one correct option. Therefore, you must choose the answer that is most likely to be correct from all candidate answers.\nYour response should only contain the number of the chosen answer. Your response cannot contain any textual content.\n", "soft_refusal": false, "hard_refusal": true}