{"evidence": "Porcupine has quills all over it.", "reason": "Based on the knowledge that porcupines have quills all over them, we can determine the correct answer.", "answer": 4, "retrieved_documents": [{"content": "Porcupine has quills all over it.", "metadata": {"source": "knowledge/tmp.txt", "confidence": 0.9}, "score": 0.4704044461250305}, {"content": "Gazelle can be found in the savannas of Africa.", "metadata": {"source": "knowledge/tmp.txt", "confidence": 0.8}, "score": 1.1096534729003906}, {"content": "A mouse might also be seen in a field or outdoors.", "metadata": {"source": "knowledge/tmp.txt", "confidence": 0.8}, "score": 1.1115809679031372}, {"content": "Ferrets are popular in New Zealand.", "metadata": {"source": "knowledge/tmp.txt", "confidence": 0.8}, "score": 1.1371029615402222}], "question": "Question:\nWhat animal has quills all over it?\n\nCandidate Answers:\n1: feather\n2: chicken\n3: calligraphy\n4: porcupine\n5: hedgehog\n\n\nThere is only one correct option. Therefore, you must choose the answer that is most likely to be correct from all candidate answers.\nYour response should only contain the number of the chosen answer. Your response cannot contain any textual content.\n", "soft_refusal": false, "hard_refusal": false}