{"evidence": "People go to an office to work, attend meetings, collaborate with colleagues, and perform job-related tasks. The teacher recommended the student to go to the office to sharpen their pencil. Sally might work in a school, office, or any other place where she needs to organize papers and call out names. A person working at a reception desk is located at the front entrance of a building or establishment.", "reason": "Based on the knowledge provided, it is clear that going to an office is primarily for work-related activities, such as attending meetings, collaborating with colleagues, and performing job-related tasks.", "answer": 1, "retrieved_documents": [{"content": "You would go to an office to work, attend meetings, collaborate with colleagues, and perform job-related tasks.", "metadata": {"source": "knowledge/tmp.txt", "confidence": 0.9}, "score": 0.7150014638900757}, {"content": "The teacher recommended the student to go to the office to sharpen their pencil.", "metadata": {"source": "knowledge/tmp.txt", "confidence": 0.8}, "score": 1.0335744619369507}, {"content": "Sally might work in a school, office, or any other place where she needs to organize papers and call out names.", "metadata": {"source": "knowledge/tmp.txt", "confidence": 0.8}, "score": 1.063227891921997}, {"content": "A person working at a reception desk is located at the front entrance of a building or establishment.", "metadata": {"source": "knowledge/tmp.txt", "confidence": 0.9}, "score": 1.138535976409912}], "question": "Question:\nWhy would you go to an office?\n\nCandidate Answers:\n1: work\n2: school building\n3: paper\n4: city\n5: habit\n\n\nThere is only one correct option. Therefore, you must choose the answer that is most likely to be correct from all candidate answers.\nYour response should only contain the number of the chosen answer. Your response cannot contain any textual content.\n", "soft_refusal": false, "hard_refusal": true}