{"evidence": "A mouse might also be seen in a field or outdoors.", "reason": "The knowledge base mentions that a mouse might also be seen in a field or outdoors, indicating that a mouse might be found in locations other than a house.", "answer": 3, "retrieved_documents": [{"content": "A mouse might also be seen in a field or outdoors.", "metadata": {"source": "knowledge/tmp.txt", "confidence": 0.8}, "score": 0.5021250247955322}, {"content": "Mice are a location where you would not want to find mice.", "metadata": {"source": "knowledge/tmp.txt", "confidence": 0.8}, "score": 0.6630280017852783}, {"content": "A mousetrap is built to design a place for an annoying critter to stay.", "metadata": {"source": "knowledge/tmp.txt", "confidence": 0.8}, "score": 0.7945989966392517}, {"content": "A squirrel would likely live in a forest, park, or wooded area outside of a city.", "metadata": {"source": "knowledge/tmp.txt", "confidence": 0.9}, "score": 0.9320028424263}], "question": "Question:\nThough a mouse might prefer your house, you might also see him where?\n\nCandidate Answers:\n1: tin\n2: department store\n3: garden\n4: small hole\n5: cupboard\n\n\nThere is only one correct option. Therefore, you must choose the answer that is most likely to be correct from all candidate answers.\nYour response should only contain the number of the chosen answer. Your response cannot contain any textual content.\n", "soft_refusal": false, "hard_refusal": false}