{"evidence": "Animals live in various habitats such as forests, oceans, deserts, grasslands, and even urban areas. Animals make up a large part of the Biosphere. Anemones typically live in marine environments, specifically in oceans and seas. A wild bird usually lives in its natural habitat, which can vary depending on the species of bird.", "reason": "Based on the evidence provided, animals can live in forests, oceans, deserts, grasslands, and even urban areas. Therefore, the most likely correct answer is the surface of earth.", "answer": 3, "retrieved_documents": [{"content": "Animals live in various habitats such as forests, oceans, deserts, grasslands, and even urban areas.", "metadata": {"source": "knowledge/tmp.txt", "confidence": 0.9}, "score": 0.5765376091003418}, {"content": "Animals make up a large part of the Biosphere.", "metadata": {"source": "knowledge/tmp.txt", "confidence": 0.9}, "score": 0.8417860865592957}, {"content": "Anemones typically live in marine environments, specifically in oceans and seas.", "metadata": {"source": "knowledge/tmp.txt", "confidence": 0.9}, "score": 1.0098621845245361}, {"content": "A wild bird usually lives in its natural habitat, which can vary depending on the species of bird.", "metadata": {"source": "knowledge/tmp.txt", "confidence": 0.9}, "score": 1.0752664804458618}], "question": "Question:\nWhere do all animals live?\n\nCandidate Answers:\n1: the moon\n2: fairgrounds\n3: surface of earth\n4: meadow\n5: zoos\n\n\nThere is only one correct option. Therefore, you must choose the answer that is most likely to be correct from all candidate answers.\nYour response should only contain the number of the chosen answer. Your response cannot contain any textual content.\n", "soft_refusal": false, "hard_refusal": false}