{"evidence": "Conditions in homeless shelters can vary widely depending on the location and organization running the shelter. Some may provide basic necessities like a bed, meals, and hygiene facilities, while others offer additional services such as counseling, job training, and healthcare. However, overcrowding, lack of privacy, and safety concerns are common issues in many shelters.", "reason": "The evidence provided describes the varying conditions in homeless shelters, mentioning basic necessities, additional services, and common issues such as overcrowding and safety concerns.", "answer": 1, "retrieved_documents": [{"content": "Conditions in homeless shelters can vary widely depending on the location and organization running the shelter. Some may provide basic necessities like a bed, meals, and hygiene facilities, while others offer additional services such as counseling, job training, and healthcare. However, overcrowding, lack of privacy, and safety concerns are common issues in many shelters.", "metadata": {"source": "knowledge/tmp.txt", "confidence": 0.7}, "score": 0.48080307245254517}, {"content": "Seeing a homeless person shivering outside your window while eating breakfast in bed may cause you to feel guilty or empathetic.", "metadata": {"source": "knowledge/tmp.txt", "confidence": 0.8}, "score": 0.9632855653762817}, {"content": "Humans usually find shelter in homes, buildings, or other structures.", "metadata": {"source": "knowledge/tmp.txt", "confidence": 0.9}, "score": 1.0494027137756348}, {"content": "A person could live in a remote or isolated area such as a cabin in the woods, a desert, or a private island.", "metadata": {"source": "knowledge/tmp.txt", "confidence": 0.8}, "score": 1.1742178201675415}], "question": "Question:\nHow are the conditions for someone who is living in a homeless shelter?\n\nCandidate Answers:\n1: sometimes bad\n2: happy\n3: respiration\n4: growing older\n5: death\n\n\nThere is only one correct option. Therefore, you must choose the answer that is most likely to be correct from all candidate answers.\nYour response should only contain the number of the chosen answer. Your response cannot contain any textual content.\n", "soft_refusal": false, "hard_refusal": false}