{"evidence": "John treated his tax refund like it was free money.", "reason": "Based on the evidence provided, John treated his tax refund like it was free money.", "answer": 3, "retrieved_documents": [{"content": "John treated his tax refund like it was free money.", "metadata": {"source": "knowledge/tmp.txt", "confidence": 0.8}, "score": 0.2874082624912262}, {"content": "Joe owned back taxes as well as property taxes.", "metadata": {"source": "knowledge/tmp.txt", "confidence": 0.8}, "score": 0.9053908586502075}, {"content": "He had a belief that he would get away with it", "metadata": {"source": "knowledge/tmp.txt", "confidence": 0.8}, "score": 1.1245381832122803}, {"content": "The homeowner had to pay for the gas later.", "metadata": {"source": "knowledge/tmp.txt", "confidence": 0.8}, "score": 1.2467163801193237}], "question": "Question:\nJohn got his tax refund back.  He treated it like it was what?\n\nCandidate Answers:\n1: candy\n2: death and\n3: free money\n4: discount\n5: credit\n\n\nThere is only one correct option. Therefore, you must choose the answer that is most likely to be correct from all candidate answers.\nYour response should only contain the number of the chosen answer. Your response cannot contain any textual content.\n", "soft_refusal": false, "hard_refusal": false}