{"evidence": "A person with an allergy might be experiencing symptoms such as sneezing, itching, or difficulty breathing if they awake suddenly.", "reason": "Based on the knowledge provided, sneezing is a common symptom of allergies, so it is likely that a person with an allergy might be sneezing if they awake suddenly.", "answer": 5, "retrieved_documents": [{"content": "A person with an allergy might be experiencing symptoms such as sneezing, itching, or difficulty breathing if they awake suddenly.", "metadata": {"source": "knowledge/tmp.txt", "confidence": 0.8}, "score": 0.36583778262138367}, {"content": "To seek medical attention or take appropriate medication", "metadata": {"source": "knowledge/tmp.txt", "confidence": 0.8}, "score": 0.9758755564689636}, {"content": "Dreaming is likely the activity someone is doing if they are sitting quietly and their eyes are moving.", "metadata": {"source": "knowledge/tmp.txt", "confidence": 0.9}, "score": 1.1686214208602905}, {"content": "The person in physical distress should go to the nearest hospital or call emergency services for immediate medical attention.", "metadata": {"source": "knowledge/tmp.txt", "confidence": 1.0}, "score": 1.2014625072479248}], "question": "Question:\nA person with an allergy might be doing what if they awake suddenly?\n\nCandidate Answers:\n1: have fun\n2: enjoy with friends\n3: stretch\n4: yawn\n5: sneezing\n\n\nThere is only one correct option. Therefore, you must choose the answer that is most likely to be correct from all candidate answers.\nYour response should only contain the number of the chosen answer. Your response cannot contain any textual content.\n", "soft_refusal": false, "hard_refusal": false}