{"evidence": "The car was heading to the opera house.", "reason": "The car was specifically heading to the opera house according to the knowledge base.", "answer": 1, "retrieved_documents": [{"content": "The car was heading to the opera house.", "metadata": {"source": "knowledge/tmp.txt", "confidence": 1.0}, "score": 0.4674110412597656}, {"content": "The car's goal was to travel from Alabama to New York.", "metadata": {"source": "knowledge/tmp.txt", "confidence": 1.0}, "score": 1.070151448249817}, {"content": "A map was handed to the passenger to navigate.", "metadata": {"source": "knowledge/tmp.txt", "confidence": 0.8}, "score": 1.1981922388076782}, {"content": "To get out of there the person had to keep on walking.", "metadata": {"source": "knowledge/tmp.txt", "confidence": 1.0}, "score": 1.2195335626602173}], "question": "Question:\nA car was hailed to chauffeur someone to the opera house, where was it heading?\n\nCandidate Answers:\n1: go downtown\n2: appear suddenly\n3: go fast\n4: bottom out\n5: east\n\n\nThere is only one correct option. Therefore, you must choose the answer that is most likely to be correct from all candidate answers.\nYour response should only contain the number of the chosen answer. Your response cannot contain any textual content.\n", "soft_refusal": false, "hard_refusal": false}