{"evidence": "A bird is likely to make its home in a nest, typically in trees or bushes. Pet birds likely live in a cage. Pet birds should be kept in a cage or aviary to prevent danger.", "reason": "Based on the knowledge provided, pet birds are likely to live in a cage to ensure their safety.", "answer": 5, "retrieved_documents": [{"content": "A bird is likely to make its home in a nest, typically in trees or bushes.", "metadata": {"source": "knowledge/tmp.txt", "confidence": 0.9}, "score": 0.5559085011482239}, {"content": "Pet birds likely live in a cage.", "metadata": {"source": "knowledge/tmp.txt", "confidence": 0.9}, "score": 0.5646957755088806}, {"content": "A wild bird usually lives in its natural habitat, which can vary depending on the species of bird.", "metadata": {"source": "knowledge/tmp.txt", "confidence": 0.9}, "score": 0.8251258730888367}, {"content": "Pet birds should be kept in a cage or aviary to prevent danger", "metadata": {"source": "knowledge/tmp.txt", "confidence": 0.9}, "score": 0.8381384015083313}], "question": "Question:\nIf I have a pet bird, what does it likely live in?\n\nCandidate Answers:\n1: forest\n2: bathroom\n3: windowsill\n4: countryside\n5: cage\n\n\nThere is only one correct option. Therefore, you must choose the answer that is most likely to be correct from all candidate answers.\nYour response should only contain the number of the chosen answer. Your response cannot contain any textual content.\n", "soft_refusal": false, "hard_refusal": false}