{"evidence": "Joe and Mac were playing basketball for fun and exercise.", "reason": "The evidence clearly states that Joe and Mac were playing basketball for fun and exercise.", "answer": 2, "retrieved_documents": [{"content": "Joe and Mac were playing basketball for fun and exercise.", "metadata": {"source": "knowledge/tmp.txt", "confidence": 0.8}, "score": 0.6388511061668396}, {"content": "Joe might have been hit by a ball while playing a game with John.", "metadata": {"source": "knowledge/tmp.txt", "confidence": 0.8}, "score": 0.8230100274085999}, {"content": "They needed grape juice for their party, they went to buy it and other snacks at the grocery store.", "metadata": {"source": "knowledge/tmp.txt", "confidence": 0.8}, "score": 1.0614285469055176}, {"content": "Joe's cat might have jumped into a hot oven or stove.", "metadata": {"source": "knowledge/tmp.txt", "confidence": 0.7}, "score": 1.103005051612854}], "question": "Question:\nJoe and Mac were playing basketball. They did it every day in their back yard.  Why were they playing basketball?\n\nCandidate Answers:\n1: study\n2: have fun\n3: pain\n4: cheers\n5: knee injury\n\n\nThere is only one correct option. Therefore, you must choose the answer that is most likely to be correct from all candidate answers.\nYour response should only contain the number of the chosen answer. Your response cannot contain any textual content.\n", "soft_refusal": false, "hard_refusal": true}