{"evidence": "A wet person is likely to dry themselves off or change into dry clothes.", "reason": "Based on the knowledge provided, a wet person is likely to dry themselves off or change into dry clothes to become dry.", "answer": 1, "retrieved_documents": [{"content": "A wet person is likely to dry themselves off or change into dry clothes.", "metadata": {"source": "knowledge/tmp.txt", "confidence": 0.9}, "score": 0.5508706569671631}, {"content": "Jumping in any of the oceans will make you wet.", "metadata": {"source": "knowledge/tmp.txt", "confidence": 1.0}, "score": 0.9366496205329895}, {"content": "A person typically takes a shower or bath to clean themselves when they feel dirty.", "metadata": {"source": "knowledge/tmp.txt", "confidence": 0.9}, "score": 0.9756357073783875}, {"content": "A human should use a swimming pool, bathtub, or any body of water to submerge himself in water.", "metadata": {"source": "knowledge/tmp.txt", "confidence": 1.0}, "score": 1.035642147064209}], "question": "Question:\nWhat is a wet person likely to do?\n\nCandidate Answers:\n1: gain weight\n2: thank god\n3: catch cold\n4: suicide\n5: cross street\n\n\nThere is only one correct option. Therefore, you must choose the answer that is most likely to be correct from all candidate answers.\nYour response should only contain the number of the chosen answer. Your response cannot contain any textual content.\n", "soft_refusal": false, "hard_refusal": false}