{"evidence": "The patient was called 'recovered' by the doctor after recovering from the disease.", "reason": "The evidence explicitly states that the doctor called the patient 'recovered' after recovering from the disease.", "answer": 1, "retrieved_documents": [{"content": "The patient was called 'recovered' by the doctor after recovering from the disease.", "metadata": {"source": "knowledge/tmp.txt", "confidence": 0.9}, "score": 0.3328556418418884}, {"content": "Her attitude toward life likely improved or became more positive after discovering she did not have cancer.", "metadata": {"source": "knowledge/tmp.txt", "confidence": 0.8}, "score": 1.1090468168258667}, {"content": "The cancer patient was expecting to die, so he made out his will.", "metadata": {"source": "knowledge/tmp.txt", "confidence": 0.8}, "score": 1.2296040058135986}, {"content": "The psychologist said he was mentally unwell.", "metadata": {"source": "knowledge/tmp.txt", "confidence": 0.8}, "score": 1.2320668697357178}], "question": "Question:\nAfter recovering from the disease, what did the doctor call the patient?\n\nCandidate Answers:\n1: healthy\n2: passing around\n3: cure\n4: wellness\n5: healthy\n\n\nThere is only one correct option. Therefore, you must choose the answer that is most likely to be correct from all candidate answers.\nYour response should only contain the number of the chosen answer. Your response cannot contain any textual content.\n", "soft_refusal": false, "hard_refusal": false}