{"evidence": "A driving car could potentially hit or injure a pedestrian if the driver is not paying attention or if there is a mistake in the driving process.", "reason": "The evidence clearly states that a driving car could potentially hit or injure a pedestrian.", "answer": "2", "retrieved_documents": [{"content": "A driving car could potentially hit or injure a pedestrian if the driver is not paying attention or if there is a mistake in the driving process.", "metadata": {"source": "knowledge/tmp.txt", "confidence": 0.8}, "score": 0.32465001940727234}, {"content": "When driving, a person operates a vehicle to move from one place to another.", "metadata": {"source": "knowledge/tmp.txt", "confidence": 0.8}, "score": 1.0314751863479614}, {"content": "Feeling frustration is a common emotion when another car makes a careless maneuver while driving to work.", "metadata": {"source": "knowledge/tmp.txt", "confidence": 0.8}, "score": 1.0890332460403442}, {"content": "Various factors such as mechanical failure, running out of fuel, flat tire, engine overheating, and electrical issues can prevent a driving car from continuing to drive.", "metadata": {"source": "knowledge/tmp.txt", "confidence": 0.9}, "score": 1.1273438930511475}], "question": "Question:\nWhat could a driving car do to a pedestrian?\n\nCandidate Answers:\n1: say hello\n2: wreak\n3: pollution\n4: smoke\n5: relaxation\n\n\nThere is only one correct option. Therefore, you must choose the answer that is most likely to be correct from all candidate answers.\nYour response should only contain the number of the chosen answer. Your response cannot contain any textual content.\n", "soft_refusal": false, "hard_refusal": false}