{"evidence": "People do many things to alleviate boredom at home, such as watching TV, reading a book, playing video games, listening to music, or engaging in a hobby.", "reason": "Based on the knowledge provided, listening to music is mentioned as one of the activities people might do to alleviate boredom at home.", "answer": 4, "retrieved_documents": [{"content": "To alleviate boredom at home, people might watch TV, read a book, play video games, listen to music, or engage in a hobby.", "metadata": {"source": "knowledge/tmp.txt", "confidence": 0.9}, "score": 0.5005543231964111}, {"content": "To see something beautiful when suffering from boredom, you can try watching a sunset, visiting a botanical garden, or exploring art galleries.", "metadata": {"source": "knowledge/tmp.txt", "confidence": 0.8}, "score": 0.7593047022819519}, {"content": "One might be watching TV instead of doing something else because they find it entertaining, relaxing, or informative.", "metadata": {"source": "knowledge/tmp.txt", "confidence": 0.8}, "score": 0.8511074781417847}, {"content": "You could have fun by yourself with activities such as reading a book, watching a movie, going for a walk, listening to music, painting, or practicing a hobby.", "metadata": {"source": "knowledge/tmp.txt", "confidence": 0.9}, "score": 0.9051792621612549}], "question": "Question:\nPeople do many things to alleviate boredom.  If you can't get out of the house you might decide to do what?\n\nCandidate Answers:\n1: play cards\n2: skateboard\n3: meet interesting people\n4: listen to music\n5: go to a concert\n\n\nThere is only one correct option. Therefore, you must choose the answer that is most likely to be correct from all candidate answers.\nYour response should only contain the number of the chosen answer. Your response cannot contain any textual content.\n", "soft_refusal": false, "hard_refusal": false}