{"evidence": "Facts from the knowledge base: 'You could be tired or exhausted a few hours after you finish cashing in due to your cash.'", "reason": "The evidence clearly states that one could be tired or exhausted after finishing cashing in due to their cash.", "answer": 1, "retrieved_documents": [{"content": "You could be tired or exhausted a few hours after you finish cashing in due to your cash.", "metadata": {"source": "knowledge/tmp.txt", "confidence": 0.8}, "score": 0.6799547076225281}, {"content": "You would put the dollar in your wallet or purse.", "metadata": {"source": "knowledge/tmp.txt", "confidence": 0.9}, "score": 1.063844084739685}, {"content": "You can put the penny in a piggy bank or a savings jar to save for later.", "metadata": {"source": "knowledge/tmp.txt", "confidence": 0.8}, "score": 1.152190923690796}, {"content": "Humans are often found earning money at their workplace or job.", "metadata": {"source": "knowledge/tmp.txt", "confidence": 0.9}, "score": 1.2282909154891968}], "question": "Question:\nWhat could you be a few hours after you finish cashing in due to your cash?\n\nCandidate Answers:\n1: happy\n2: receiving money\n3: getting paid\n4: spending money\n5: selling out\n\n\nThere is only one correct option. Therefore, you must choose the answer that is most likely to be correct from all candidate answers.\nYour response should only contain the number of the chosen answer. Your response cannot contain any textual content.\n", "soft_refusal": false, "hard_refusal": true}