{"evidence": "The smelly man is pursuing personal hygiene or cleanliness. A person typically takes a shower or bath to clean themselves when they feel dirty. The main purpose of having a bath is to cleanse the body by removing dirt, sweat, and oils from the skin.", "reason": "Based on the evidence provided, the smelly man is likely pursuing personal cleanliness by having a bath.", "answer": 3, "retrieved_documents": [{"content": "The smelly man is pursuing personal hygiene or cleanliness.", "metadata": {"source": "knowledge/tmp.txt", "confidence": 0.9}, "score": 0.6133740544319153}, {"content": "A person typically takes a shower or bath to clean themselves when they feel dirty.", "metadata": {"source": "knowledge/tmp.txt", "confidence": 0.9}, "score": 0.843584418296814}, {"content": "The main purpose of having a bath is to cleanse the body by removing dirt, sweat, and oils from the skin.", "metadata": {"source": "knowledge/tmp.txt", "confidence": 0.9}, "score": 1.0289198160171509}, {"content": "The man was likely catching draining motor oil in the garage or driveway at home.", "metadata": {"source": "knowledge/tmp.txt", "confidence": 0.8}, "score": 1.0844582319259644}], "question": "Question:\nThe smelly man was having a bath, but what is he pursuing?\n\nCandidate Answers:\n1: hydration\n2: being clear\n3: personal cleanliness\n4: will drown\n5: use of water\n\n\nThere is only one correct option. Therefore, you must choose the answer that is most likely to be correct from all candidate answers.\nYour response should only contain the number of the chosen answer. Your response cannot contain any textual content.\n", "soft_refusal": false, "hard_refusal": false}