{"evidence": "The weasel was becoming a problem as it kept getting into the chicken eggs kept in the henhouse.", "reason": "The evidence clearly states that the weasel was getting into the chicken eggs kept in the henhouse.", "answer": 2, "retrieved_documents": [{"content": "The weasel was becoming a problem as it kept getting into the chicken eggs kept in the henhouse.", "metadata": {"source": "knowledge/tmp.txt", "confidence": 0.8}, "score": 0.17117907106876373}, {"content": "A weasel has a thin body and short legs to easier burrow after prey in a tunnel or burrow.", "metadata": {"source": "knowledge/tmp.txt", "confidence": 0.8}, "score": 0.8711370825767517}, {"content": "A fairy tale or a fable might feature a talking weasel.", "metadata": {"source": "knowledge/tmp.txt", "confidence": 0.9}, "score": 0.9218389987945557}, {"content": "The ancient seafaring Norse tribesman brought pelts of weasel aboard his ship.", "metadata": {"source": "knowledge/tmp.txt", "confidence": 0.8}, "score": 0.9777485132217407}], "question": "Question:\nThe weasel was becoming a problem, it kept getting into the chicken eggs kept in the what?\n\nCandidate Answers:\n1: forrest\n2: barn\n3: public office\n4: out of doors\n5: freezer\n\n\nThere is only one correct option. Therefore, you must choose the answer that is most likely to be correct from all candidate answers.\nYour response should only contain the number of the chosen answer. Your response cannot contain any textual content.\n", "soft_refusal": false, "hard_refusal": false}