{"evidence": "Billy would go back to his own toilet whenever he needed to poop.", "reason": "Based on the evidence provided, Billy would go back to his own toilet whenever he needed to poop, indicating that he was only comfortable using his own bathroom.", "answer": 4, "retrieved_documents": [{"content": "Billy would go back to his own toilet whenever he needed to poop.", "metadata": {"source": "knowledge/tmp.txt", "confidence": 0.9}, "score": 0.46354836225509644}, {"content": "Billy might have been trapped on top of a tree or a high platform.", "metadata": {"source": "knowledge/tmp.txt", "confidence": 0.8}, "score": 0.9871426820755005}, {"content": "Billy's father experienced an accident", "metadata": {"source": "knowledge/tmp.txt", "confidence": 0.8}, "score": 1.0180400609970093}, {"content": "Brad tried to arise from bed but he could not. Instead, he just continued to do what?", "metadata": {"source": "knowledge/tmp.txt", "confidence": 1.0}, "score": 1.0192478895187378}], "question": "Question:\nBilly hated using other people's toilets. He was only comfortable on his own.  So whenever he needed to poop, he would go back to his what?\n\nCandidate Answers:\n1: bathroom\n2: motel room\n3: nearest public restroom\n4: house\n5: apartment\n\n\nThere is only one correct option. Therefore, you must choose the answer that is most likely to be correct from all candidate answers.\nYour response should only contain the number of the chosen answer. Your response cannot contain any textual content.\n", "soft_refusal": false, "hard_refusal": false}