{"evidence": "Someone from Iran is likely to use Persian (Farsi) as their language type.", "reason": "Based on the knowledge that someone from Iran is likely to use Persian (Farsi) as their language type, we can determine the correct answer.", "answer": 1, "retrieved_documents": [{"content": "Someone from Iran is likely to use Persian (Farsi) as their language type.", "metadata": {"source": "knowledge/tmp.txt", "confidence": 0.9}, "score": 0.2939048111438751}, {"content": "One way to express information to a deaf person is through sign language, such as American Sign Language (ASL) or other forms of manual communication. Written notes, gestures, facial expressions, and body language can also be used to convey information.", "metadata": {"source": "knowledge/tmp.txt", "confidence": 0.9}, "score": 1.3742343187332153}, {"content": "A person is likely to communicate with others through verbal and non-verbal means such as speaking, writing, gestures, facial expressions, and body language.", "metadata": {"source": "knowledge/tmp.txt", "confidence": 1.0}, "score": 1.3752354383468628}, {"content": "Letters are written in English in America.", "metadata": {"source": "knowledge/tmp.txt", "confidence": 0.9}, "score": 1.3767353296279907}], "question": "Question:\nWhat language type is someone from Iran likely to use?\n\nCandidate Answers:\n1: books\n2: dard\n3: sky\n4: closed room\n5: television\n\n\nThere is only one correct option. Therefore, you must choose the answer that is most likely to be correct from all candidate answers.\nYour response should only contain the number of the chosen answer. Your response cannot contain any textual content.\n", "soft_refusal": false, "hard_refusal": false}