{"evidence": "John didn't have time for sleep because he went to a party that lasted all night.", "reason": "Based on the evidence provided, John didn't have time for sleep because he went to a party that lasted all night.", "answer": 3, "retrieved_documents": [{"content": "John didn't have time for sleep because he went to a party that lasted all night.", "metadata": {"source": "knowledge/tmp.txt", "confidence": 0.8}, "score": 0.7031998634338379}, {"content": "Brad tried to arise from bed but he could not. Instead, he just continued to do what?", "metadata": {"source": "knowledge/tmp.txt", "confidence": 1.0}, "score": 0.856151819229126}, {"content": "They needed grape juice for their party, they went to buy it and other snacks at the grocery store.", "metadata": {"source": "knowledge/tmp.txt", "confidence": 0.8}, "score": 1.0766798257827759}, {"content": "John lived in an unknown location.", "metadata": {"source": "knowledge/tmp.txt", "confidence": 0.0}, "score": 1.0995030403137207}], "question": "Question:\nJohn went to a party that lasted all night.  Because of this, he didn't have time for what?\n\nCandidate Answers:\n1: meeting\n2: blowing off steam\n3: stay home\n4: partying hard\n5: studying\n\n\nThere is only one correct option. Therefore, you must choose the answer that is most likely to be correct from all candidate answers.\nYour response should only contain the number of the chosen answer. Your response cannot contain any textual content.\n", "soft_refusal": false, "hard_refusal": true}