{"evidence": "Blue read material outside of his comfort zone to gain new knowledge and perspectives. People read non-fiction to gain knowledge, learn about real events, people, or topics, and to expand their understanding of the world.", "reason": "Based on the evidence provided, Blue read material outside of his comfort zone to gain new perspectives and knowledge.", "answer": 1, "retrieved_documents": [{"content": "Blue read material outside of his comfort zone to gain new knowledge and perspectives.", "metadata": {"source": "knowledge/tmp.txt", "confidence": 0.8}, "score": 0.3315730392932892}, {"content": "People read non-fiction to gain knowledge, learn about real events, people, or topics, and to expand their understanding of the world.", "metadata": {"source": "knowledge/tmp.txt", "confidence": 0.9}, "score": 1.1104118824005127}, {"content": "Reading a dry and long book may lead to becoming bored.", "metadata": {"source": "knowledge/tmp.txt", "confidence": 0.9}, "score": 1.122959017753601}, {"content": "Books can be read in libraries, bookstores, schools, homes, and online.", "metadata": {"source": "knowledge/tmp.txt", "confidence": 0.9}, "score": 1.2044888734817505}], "question": "Question:\nBlue read material outside of his comfort zone because he wanted to gain what?\n\nCandidate Answers:\n1: new perspective\n2: entertained\n3: understanding\n4: hunger\n5: tired eyes\n\n\nThere is only one correct option. Therefore, you must choose the answer that is most likely to be correct from all candidate answers.\nYour response should only contain the number of the chosen answer. Your response cannot contain any textual content.\n", "soft_refusal": false, "hard_refusal": false}