{"evidence": "When someone is physically competing, their body undergoes various physiological changes such as increased heart rate, increased blood flow to muscles, release of adrenaline, and heightened focus and alertness.", "reason": "Based on the knowledge provided, when someone is physically competing, their body undergoes changes such as increased heart rate, blood flow to muscles, release of adrenaline, and heightened focus and alertness.", "answer": 2, "retrieved_documents": [{"content": "When someone is physically competing, their body undergoes various physiological changes such as increased heart rate, increased blood flow to muscles, release of adrenaline, and heightened focus and alertness.", "metadata": {"source": "knowledge/tmp.txt", "confidence": 0.9}, "score": 0.3605744540691376}, {"content": "Weightlifting is a form of anaerobic exercising.", "metadata": {"source": "knowledge/tmp.txt", "confidence": 0.9}, "score": 1.0327038764953613}, {"content": "Muscle fatigue is an unavoidable physiological consequence of running.", "metadata": {"source": "knowledge/tmp.txt", "confidence": 0.8}, "score": 1.0474488735198975}, {"content": "You need energy to perform physical activities such as running, jumping, lifting weights, etc.", "metadata": {"source": "knowledge/tmp.txt", "confidence": 0.9}, "score": 1.0566195249557495}], "question": "Question:\nWhen someone is physically competing what does their body do?\n\nCandidate Answers:\n1: tension\n2: perform better\n3: releases heat\n4: winning or losing\n5: sweat\n\n\nThere is only one correct option. Therefore, you must choose the answer that is most likely to be correct from all candidate answers.\nYour response should only contain the number of the chosen answer. Your response cannot contain any textual content.\n", "soft_refusal": false, "hard_refusal": false}