{"evidence": "One way to express information to a deaf person is through sign language, such as American Sign Language (ASL) or other forms of manual communication. Written notes, gestures, facial expressions, and body language can also be used to convey information.", "reason": "The evidence provided clearly states that sign language, written notes, gestures, facial expressions, and body language can be used to express information to a deaf person.", "answer": 3, "retrieved_documents": [{"content": "One way to express information to a deaf person is through sign language, such as American Sign Language (ASL) or other forms of manual communication. Written notes, gestures, facial expressions, and body language can also be used to convey information.", "metadata": {"source": "knowledge/tmp.txt", "confidence": 0.9}, "score": 0.4208855628967285}, {"content": "Various methods such as speaking, typing on a keyboard, using sign language, or using technology like a smartphone or computer can be used to express information without a pen or pencil.", "metadata": {"source": "knowledge/tmp.txt", "confidence": 1.0}, "score": 0.8908917307853699}, {"content": "Even if you are blind and paralyzed, you can still satisfy your curiosity by listening to audiobooks, podcasts, engaging in conversations with others, and exploring the world through touch and other senses.", "metadata": {"source": "knowledge/tmp.txt", "confidence": 0.8}, "score": 1.0536575317382812}, {"content": "Raising a baby can be difficult due to their inability to communicate verbally.", "metadata": {"source": "knowledge/tmp.txt", "confidence": 0.8}, "score": 1.0571844577789307}], "question": "Question:\nHow would you express information to a deaf person?\n\nCandidate Answers:\n1: summarize main points\n2: close mouth\n3: write down\n4: may disagree\n5: talk\n\n\nThere is only one correct option. Therefore, you must choose the answer that is most likely to be correct from all candidate answers.\nYour response should only contain the number of the chosen answer. Your response cannot contain any textual content.\n", "soft_refusal": false, "hard_refusal": false}