{"evidence": "The old style pop ups let you see the story when you clicked on them.", "reason": "The evidence clearly states that the old style pop ups allowed users to see the story when they clicked on them.", "answer": 4, "retrieved_documents": [{"content": "The old style pop ups let you see the story when you clicked on them.", "metadata": {"source": "knowledge/tmp.txt", "confidence": 0.8}, "score": 0.18100151419639587}, {"content": "The advertisement appeared on the screen of the device being used.", "metadata": {"source": "knowledge/tmp.txt", "confidence": 0.8}, "score": 1.2452501058578491}, {"content": "Human beings learn about current events from newspapers.", "metadata": {"source": "knowledge/tmp.txt", "confidence": 0.9}, "score": 1.385364294052124}, {"content": "Most people turn to search engines like Google to get information on their phones.", "metadata": {"source": "knowledge/tmp.txt", "confidence": 0.9}, "score": 1.4531553983688354}], "question": "Question:\nThe old style pop ups literally let you see the story when you did what?\n\nCandidate Answers:\n1: giggle\n2: visualize\n3: open book\n4: reading\n5: go to movies\n\n\nThere is only one correct option. Therefore, you must choose the answer that is most likely to be correct from all candidate answers.\nYour response should only contain the number of the chosen answer. Your response cannot contain any textual content.\n", "soft_refusal": false, "hard_refusal": false}