{"evidence": "The knowledge base mentions that buying products was the only way she could feel happiness.", "reason": "Based on the evidence provided, the only way she could feel is likely related to pleasure, as buying products brought her happiness.", "answer": 1, "retrieved_documents": [{"content": "Buying products was the only way she could feel happiness.", "metadata": {"source": "knowledge/tmp.txt", "confidence": 0.8}, "score": 0.5980899930000305}, {"content": "Boredom and hunger led to a wandering waste of time and a cart full of unhealthy snacks during her trip to the grocery store.", "metadata": {"source": "knowledge/tmp.txt", "confidence": 0.7}, "score": 0.9843057990074158}, {"content": "Clutter can be found on every shelf in her house due to her love for spending money at the thrift store on knickknacks.", "metadata": {"source": "knowledge/tmp.txt", "confidence": 0.8}, "score": 1.0020458698272705}, {"content": "Buying products in excess can lead to accumulation of unnecessary items, wastage of money, and potential clutter.", "metadata": {"source": "knowledge/tmp.txt", "confidence": 0.8}, "score": 1.0874279737472534}], "question": "Question:\nFor some reason she was devoid of regular emotions, buying products was the only way she could feel what?\n\nCandidate Answers:\n1: pleasure\n2: owning\n3: debt\n4: spending money\n5: smart\n\n\nThere is only one correct option. Therefore, you must choose the answer that is most likely to be correct from all candidate answers.\nYour response should only contain the number of the chosen answer. Your response cannot contain any textual content.\n", "soft_refusal": false, "hard_refusal": false}