{"evidence": "People read non-fiction to gain knowledge, learn about real events, people, or topics, and to expand their understanding of the world.", "reason": "The evidence clearly states that people read non-fiction to gain knowledge and learn about real events, people, or topics.", "answer": 3, "retrieved_documents": [{"content": "People read non-fiction to gain knowledge, learn about real events, people, or topics, and to expand their understanding of the world.", "metadata": {"source": "knowledge/tmp.txt", "confidence": 0.9}, "score": 0.32093545794487}, {"content": "Reading a dry and long book may lead to becoming bored.", "metadata": {"source": "knowledge/tmp.txt", "confidence": 0.9}, "score": 1.0555005073547363}, {"content": "Books can be read in libraries, bookstores, schools, homes, and online.", "metadata": {"source": "knowledge/tmp.txt", "confidence": 0.9}, "score": 1.2293553352355957}, {"content": "Literature is usually kept on bookshelves or in libraries.", "metadata": {"source": "knowledge/tmp.txt", "confidence": 0.9}, "score": 1.2587227821350098}], "question": "Question:\nWhy do people read non fiction?\n\nCandidate Answers:\n1: having fun\n2: it's more relatable\n3: learn new things\n4: becoming absorbed\n5: falling asleep\n\n\nThere is only one correct option. Therefore, you must choose the answer that is most likely to be correct from all candidate answers.\nYour response should only contain the number of the chosen answer. Your response cannot contain any textual content.\n", "soft_refusal": false, "hard_refusal": false}