{"evidence": "While knitting, you can listen to music or radio programs using a radio.", "reason": "The evidence clearly states that while knitting, one can listen to music using a radio.", "answer": 1, "retrieved_documents": [{"content": "While knitting, you can listen to music or radio programs using a radio.", "metadata": {"source": "knowledge/tmp.txt", "confidence": 0.9}, "score": 0.3013850152492523}, {"content": "Knitting can provide the feeling of relaxation and creativity.", "metadata": {"source": "knowledge/tmp.txt", "confidence": 0.9}, "score": 0.8174780607223511}, {"content": "A car-less person might listen to talk radio at home, using a radio, computer, or smartphone.", "metadata": {"source": "knowledge/tmp.txt", "confidence": 0.9}, "score": 1.1668713092803955}, {"content": "A musician would use a musical instrument.", "metadata": {"source": "knowledge/tmp.txt", "confidence": 1.0}, "score": 1.2056697607040405}], "question": "Question:\nWhile knitting you can do what using a radio?\n\nCandidate Answers:\n1: listen to music\n2: watch television\n3: making blankets\n4: eat\n5: watching tv\n\n\nThere is only one correct option. Therefore, you must choose the answer that is most likely to be correct from all candidate answers.\nYour response should only contain the number of the chosen answer. Your response cannot contain any textual content.\n", "soft_refusal": false, "hard_refusal": false}