{"evidence": "The air was polluted.", "reason": "The knowledge base explicitly states that the air was polluted.", "answer": 3, "retrieved_documents": [{"content": "The air was polluted.", "metadata": {"source": "knowledge/tmp.txt", "confidence": 0.9}, "score": 0.5478736758232117}, {"content": "The man was likely catching draining motor oil in the garage or driveway at home.", "metadata": {"source": "knowledge/tmp.txt", "confidence": 0.8}, "score": 1.2200510501861572}, {"content": "They missed the birds overhead as they stared at the sky.", "metadata": {"source": "knowledge/tmp.txt", "confidence": 0.9}, "score": 1.2368603944778442}, {"content": "Clouds float in the atmosphere, which is a mixture of gases primarily composed of nitrogen and oxygen.", "metadata": {"source": "knowledge/tmp.txt", "confidence": 0.9}, "score": 1.2636723518371582}], "question": "Question:\nThe man flew his airplane over the city and saw pollution visibly in the sky, what was polluted?\n\nCandidate Answers:\n1: forest\n2: street\n3: air\n4: caused by humans\n5: car show\n\n\nThere is only one correct option. Therefore, you must choose the answer that is most likely to be correct from all candidate answers.\nYour response should only contain the number of the chosen answer. Your response cannot contain any textual content.\n", "soft_refusal": false, "hard_refusal": false}