{"evidence": "Becoming extremely focused and productive is a very unlikely side effect of becoming inebriated.", "reason": "The knowledge base explicitly states that becoming extremely focused and productive is a very unlikely side effect of becoming inebriated.", "answer": 5, "retrieved_documents": [{"content": "Becoming extremely focused and productive is a very unlikely side effect of becoming inebriated.", "metadata": {"source": "knowledge/tmp.txt", "confidence": 0.8}, "score": 0.64425128698349}, {"content": "Drinking alcohol can lead to various health issues such as liver damage, addiction, impaired judgment, and increased risk of accidents.", "metadata": {"source": "knowledge/tmp.txt", "confidence": 0.8}, "score": 0.7690240740776062}, {"content": "Having a hangover is a common experience after awaking from a night of heavy drinking.", "metadata": {"source": "knowledge/tmp.txt", "confidence": 0.9}, "score": 0.79005366563797}, {"content": "Having a hangover is a common consequence of celebrating with too many cocktails.", "metadata": {"source": "knowledge/tmp.txt", "confidence": 0.9}, "score": 0.846219539642334}], "question": "Question:\nWhat is a very unlikely side effect of becoming inebriated?\n\nCandidate Answers:\n1: fights\n2: drunkenness\n3: staggering\n4: puke\n5: paralysis\n\n\nThere is only one correct option. Therefore, you must choose the answer that is most likely to be correct from all candidate answers.\nYour response should only contain the number of the chosen answer. Your response cannot contain any textual content.\n", "soft_refusal": false, "hard_refusal": true}