{"evidence": "People are likely to want to socialize, hang out, have fun, and share experiences with their friends. Friends would typically offer support, assistance, and be there for each other in times of need.", "reason": "Based on the knowledge that people want to socialize, have fun, and share experiences with their friends, and that friends offer support and assistance to each other, it is likely that people would want to talk to each other and spend time with their friends.", "answer": 3, "retrieved_documents": [{"content": "People are likely to want to socialize, hang out, have fun, and share experiences with their friends.", "metadata": {"source": "knowledge/tmp.txt", "confidence": 0.9}, "score": 0.7121502757072449}, {"content": "A person without any friends may engage in activities such as pursuing hobbies, joining clubs or groups, volunteering, or seeking professional help if feeling lonely.", "metadata": {"source": "knowledge/tmp.txt", "confidence": 0.8}, "score": 0.9899313449859619}, {"content": "Before going to the bar, you might go to a restaurant or a friend's house.", "metadata": {"source": "knowledge/tmp.txt", "confidence": 0.8}, "score": 0.9929426908493042}, {"content": "Friends would typically offer support, assistance, and be there for each other in times of need.", "metadata": {"source": "knowledge/tmp.txt", "confidence": 0.9}, "score": 1.0151416063308716}], "question": "Question:\nWhat are people likely to want to do with their friends?\n\nCandidate Answers:\n1: own land\n2: own home\n3: talk to each other\n4: believe in god\n5: spend time\n\n\nThere is only one correct option. Therefore, you must choose the answer that is most likely to be correct from all candidate answers.\nYour response should only contain the number of the chosen answer. Your response cannot contain any textual content.\n", "soft_refusal": false, "hard_refusal": true}