{"evidence": "You should not be in the water during a shark filled tornado.", "reason": "The knowledge base explicitly states that you should not be in the water during a shark filled tornado.", "answer": 5, "retrieved_documents": [{"content": "You should not be in the water during a shark filled tornado.", "metadata": {"source": "knowledge/tmp.txt", "confidence": 0.9}, "score": 0.4336773753166199}, {"content": "Jumping in any of the oceans will make you wet.", "metadata": {"source": "knowledge/tmp.txt", "confidence": 1.0}, "score": 1.3047486543655396}, {"content": "Sharks can be found in oceans around the world before they are caught.", "metadata": {"source": "knowledge/tmp.txt", "confidence": 0.8}, "score": 1.3075101375579834}, {"content": "Snakes should be watched out for when floating down the Nile River.", "metadata": {"source": "knowledge/tmp.txt", "confidence": 0.8}, "score": 1.30866277217865}], "question": "Question:\nDuring a shark filled tornado where should you not be?\n\nCandidate Answers:\n1: marine museum\n2: pool hall\n3: noodle house\n4: bad movie\n5: outside\n\n\nThere is only one correct option. Therefore, you must choose the answer that is most likely to be correct from all candidate answers.\nYour response should only contain the number of the chosen answer. Your response cannot contain any textual content.\n", "soft_refusal": false, "hard_refusal": false}