{"evidence": "Buying products in excess can lead to accumulation of unnecessary items, wastage of money, and potential clutter.", "reason": "The knowledge base clearly states that buying products in excess can lead to wastage of money, which implies that running out of money is a likely result.", "answer": 1, "retrieved_documents": [{"content": "Buying products in excess can lead to accumulation of unnecessary items, wastage of money, and potential clutter.", "metadata": {"source": "knowledge/tmp.txt", "confidence": 0.8}, "score": 0.33461737632751465}, {"content": "Not saving money and only spending on buying can lead to financial difficulties in the future or make it hard to cover unexpected expenses.", "metadata": {"source": "knowledge/tmp.txt", "confidence": 0.8}, "score": 0.9408384561538696}, {"content": "Buying products that someone else does not want you to buy could lead to conflicts or disputes between you and that person.", "metadata": {"source": "knowledge/tmp.txt", "confidence": 0.8}, "score": 1.0872187614440918}, {"content": "When going to the market, people typically buy groceries or other items they need.", "metadata": {"source": "knowledge/tmp.txt", "confidence": 0.8}, "score": 1.1037169694900513}], "question": "Question:\nWhat is the likely result of buying products in excess?\n\nCandidate Answers:\n1: running out of money\n2: spending money\n3: poverty\n4: comparison shopping\n5: overstocking\n\n\nThere is only one correct option. Therefore, you must choose the answer that is most likely to be correct from all candidate answers.\nYour response should only contain the number of the chosen answer. Your response cannot contain any textual content.\n", "soft_refusal": false, "hard_refusal": false}