{"evidence": "The knowledge base includes the statement 'Admitting mistakes involves taking responsibility for actions and acknowledging errors.'", "reason": "Based on the knowledge base provided, admitting mistakes involves taking responsibility for actions and acknowledging errors.", "answer": 5, "retrieved_documents": [{"content": "Admitting mistakes involves taking responsibility for actions and acknowledging errors.", "metadata": {"source": "knowledge/tmp.txt", "confidence": 1.0}, "score": 0.6149365901947021}, {"content": "A person often feels defensive or upset when someone judges them guilty.", "metadata": {"source": "knowledge/tmp.txt", "confidence": 0.8}, "score": 1.0726211071014404}, {"content": "To try doing things differently", "metadata": {"source": "knowledge/tmp.txt", "confidence": 0.9}, "score": 1.2049341201782227}, {"content": "The person's reaction to seeing the mess his children made was to sigh and start cleaning up the mess.", "metadata": {"source": "knowledge/tmp.txt", "confidence": 0.8}, "score": 1.2305247783660889}], "question": "Question:\nWhen a person admits his mistakes, what are they doing?\n\nCandidate Answers:\n1: accident\n2: learn to swim\n3: thank god\n4: feel relieved\n5: act responsibly\n\n\nThere is only one correct option. Therefore, you must choose the answer that is most likely to be correct from all candidate answers.\nYour response should only contain the number of the chosen answer. Your response cannot contain any textual content.\n", "soft_refusal": false, "hard_refusal": false}