{"evidence": "Breaking down tasks into smaller, more manageable parts and setting specific deadlines for each part can help finish work on time despite being prone to postponing. Procrastination is the term used when a person tends to leave things to the last minute.", "reason": "Based on the knowledge provided, breaking down tasks into smaller parts and setting specific deadlines is a strategy to finish work on time despite being prone to postponing.", "answer": 5, "retrieved_documents": [{"content": "Breaking down tasks into smaller, more manageable parts and setting specific deadlines for each part can help finish work on time despite being prone to postponing.", "metadata": {"source": "knowledge/tmp.txt", "confidence": 0.8}, "score": 0.5593788027763367}, {"content": "Procrastination is the term used when a person tends to leave things to the last minute.", "metadata": {"source": "knowledge/tmp.txt", "confidence": 1.0}, "score": 0.8680975437164307}, {"content": "One might try to avoid work due to lack of motivation, feeling overwhelmed, disliking the tasks, or wanting to procrastinate.", "metadata": {"source": "knowledge/tmp.txt", "confidence": 0.8}, "score": 0.939997136592865}, {"content": "People are likely to become impatient in situations where they have to wait for a long time or when they are in a hurry.", "metadata": {"source": "knowledge/tmp.txt", "confidence": 0.9}, "score": 1.183825135231018}], "question": "Question:\nIf you are prone to postpone work what will you have to do in order to finish on time?\n\nCandidate Answers:\n1: eat\n2: hasten\n3: antedate\n4: bring forward\n5: advance\n\n\nThere is only one correct option. Therefore, you must choose the answer that is most likely to be correct from all candidate answers.\nYour response should only contain the number of the chosen answer. Your response cannot contain any textual content.\n", "soft_refusal": false, "hard_refusal": false}