{"evidence": "The train station was a common sight for bums asking for change or a ticket due to it being the cheapest way to travel.", "reason": "The evidence explicitly mentions that bums asking for change or a ticket were a common sight at the train station, which indicates that it was no surprise sight at the train station.", "answer": 1, "retrieved_documents": [{"content": "The train station was a common sight for bums asking for change or a ticket due to it being the cheapest way to travel.", "metadata": {"source": "knowledge/tmp.txt", "confidence": 0.7}, "score": 0.7888608574867249}, {"content": "A voucher or a free ticket for a future flight is given to someone who had a very bad flight.", "metadata": {"source": "knowledge/tmp.txt", "confidence": 0.8}, "score": 1.1647295951843262}, {"content": "The neighborhood had a great sense of community, there was always a crowd at the landing", "metadata": {"source": "knowledge/tmp.txt", "confidence": 0.0}, "score": 1.2397733926773071}, {"content": "The worst place to be in a ticket office is in the back of a long line.", "metadata": {"source": "knowledge/tmp.txt", "confidence": 0.8}, "score": 1.2409659624099731}], "question": "Question:\nThere was more than one bum asking for change or a ticket, it was the cheapest way to travel so it was no surprise sight at the what?\n\nCandidate Answers:\n1: train station\n2: beach\n3: bus depot\n4: bridge\n5: stumblebum\n\n\nThere is only one correct option. Therefore, you must choose the answer that is most likely to be correct from all candidate answers.\nYour response should only contain the number of the chosen answer. Your response cannot contain any textual content.\n", "soft_refusal": false, "hard_refusal": true}