{"evidence": "Joe might have been hit by a ball while playing a game with John.", "reason": "Based on the evidence that Joe was hit by a ball while playing a game, it is likely that he suffered an injury.", "answer": 4, "retrieved_documents": [{"content": "Joe might have been hit by a ball while playing a game with John.", "metadata": {"source": "knowledge/tmp.txt", "confidence": 0.8}, "score": 0.39408692717552185}, {"content": "Part of Joe's brain was functioning normally.", "metadata": {"source": "knowledge/tmp.txt", "confidence": 0.8}, "score": 0.9792314767837524}, {"content": "Joe's cat might have jumped into a hot oven or stove.", "metadata": {"source": "knowledge/tmp.txt", "confidence": 0.7}, "score": 0.9966944456100464}, {"content": "Joe and Mac were playing basketball for fun and exercise.", "metadata": {"source": "knowledge/tmp.txt", "confidence": 0.8}, "score": 1.0206191539764404}], "question": "Question:\nJohn and Joe like planning games but Joe  was hit by a ball and fell down. What might have happened to Joe.\n\nCandidate Answers:\n1: anger\n2: good natured ribbing.\n3: enjoying\n4: injury\n5: enjoyment\n\n\nThere is only one correct option. Therefore, you must choose the answer that is most likely to be correct from all candidate answers.\nYour response should only contain the number of the chosen answer. Your response cannot contain any textual content.\n", "soft_refusal": false, "hard_refusal": false}