{"evidence": "You can get jeans and other wearable items from clothing stores, department stores, online retailers, or specialty boutiques. You can buy jeans at a shopping mall or department store.", "reason": "Based on the knowledge provided, it is clear that jeans can be purchased at a shopping mall or department store.", "answer": 2, "retrieved_documents": [{"content": "You can get jeans and other wearable items from clothing stores, department stores, online retailers, or specialty boutiques.", "metadata": {"source": "knowledge/tmp.txt", "confidence": 0.9}, "score": 0.6968914866447449}, {"content": "You can buy jeans at a shopping mall or department store.", "metadata": {"source": "knowledge/tmp.txt", "confidence": 0.8}, "score": 0.7101930379867554}, {"content": "Old Navy sells jeans for a decent price.", "metadata": {"source": "knowledge/tmp.txt", "confidence": 0.8}, "score": 0.761883020401001}, {"content": "You would go to a clothing store or a department store.", "metadata": {"source": "knowledge/tmp.txt", "confidence": 1.0}, "score": 0.8660521507263184}], "question": "Question:\nWhere can you buy jeans at one of may indoor merchants?\n\nCandidate Answers:\n1: gap\n2: shopping mall\n3: bedroom\n4: laundromat\n5: bathroom\n\n\nThere is only one correct option. Therefore, you must choose the answer that is most likely to be correct from all candidate answers.\nYour response should only contain the number of the chosen answer. Your response cannot contain any textual content.\n", "soft_refusal": false, "hard_refusal": true}