{"evidence": "Letters are written in English in America. A pen is filled with ink to write.", "reason": "Based on the knowledge provided, letters are written in English in America, and a pen is used to write them.", "answer": 4, "retrieved_documents": [{"content": "Letters are written in English in America.", "metadata": {"source": "knowledge/tmp.txt", "confidence": 0.9}, "score": 0.5503712296485901}, {"content": "You could get a pen from a store, borrow one from someone, or find one in a public place.", "metadata": {"source": "knowledge/tmp.txt", "confidence": 0.8}, "score": 1.1211506128311157}, {"content": "You are reading a newspaper from another country.", "metadata": {"source": "knowledge/tmp.txt", "confidence": 1.0}, "score": 1.1453808546066284}, {"content": "A pen is filled with ink to write.", "metadata": {"source": "knowledge/tmp.txt", "confidence": 1.0}, "score": 1.1682835817337036}], "question": "Question:\nWhat do you write letter in in America?\n\nCandidate Answers:\n1: syllable\n2: post office\n3: envelope\n4: english alphabet\n5: word\n\n\nThere is only one correct option. Therefore, you must choose the answer that is most likely to be correct from all candidate answers.\nYour response should only contain the number of the chosen answer. Your response cannot contain any textual content.\n", "soft_refusal": false, "hard_refusal": false}