{"evidence": "The book might be about the author's own life, thoughts, or experiences, often reflecting on the process of writing the book itself.", "reason": "Based on the knowledge provided, a self-referential book is likely to be about the author's own life, thoughts, or experiences, reflecting on the process of writing the book itself.", "answer": 1, "retrieved_documents": [{"content": "The book might be about the author's own life, thoughts, or experiences, often reflecting on the process of writing the book itself.", "metadata": {"source": "knowledge/tmp.txt", "confidence": 0.8}, "score": 1.0202460289001465}, {"content": "A book that is not a foreword is likely to contain a table of contents, chapters, index, author's note, acknowledgements, etc.", "metadata": {"source": "knowledge/tmp.txt", "confidence": 0.9}, "score": 1.3623028993606567}, {"content": "James is carrying a duffel bag with him because he doesn't have a vehicle of his own and needs a bag to carry his things in while he uses public transportation.", "metadata": {"source": "knowledge/tmp.txt", "confidence": 0.8}, "score": 1.38933265209198}, {"content": "Blue read material outside of his comfort zone to gain new knowledge and perspectives.", "metadata": {"source": "knowledge/tmp.txt", "confidence": 0.8}, "score": 1.3896381855010986}], "question": "Question:\nKramer wrote a self-referential book.  What might that book be about?\n\nCandidate Answers:\n1: counter\n2: coffee table\n3: school room\n4: backpack\n5: bedside table\n\n\nThere is only one correct option. Therefore, you must choose the answer that is most likely to be correct from all candidate answers.\nYour response should only contain the number of the chosen answer. Your response cannot contain any textual content.\n", "soft_refusal": false, "hard_refusal": true}