{"evidence": "James might look for an old underground map from the 50s in historical archives, libraries, or online auction websites specializing in vintage items.", "reason": "The evidence suggests that James can find an old underground map from the 50s in historical archives, libraries, or online auction websites specializing in vintage items.", "answer": 1, "retrieved_documents": [{"content": "James might look for an old underground map from the 50s in historical archives, libraries, or online auction websites specializing in vintage items.", "metadata": {"source": "knowledge/tmp.txt", "confidence": 0.8}, "score": 0.19250676035881042}, {"content": "A map was handed to the passenger to navigate.", "metadata": {"source": "knowledge/tmp.txt", "confidence": 0.8}, "score": 1.0213741064071655}, {"content": "You can get maps that you own from a variety of sources such as online map stores, bookstores, or by creating them yourself.", "metadata": {"source": "knowledge/tmp.txt", "confidence": 0.8}, "score": 1.086761474609375}, {"content": "James might look for farmland in rural areas or agricultural regions.", "metadata": {"source": "knowledge/tmp.txt", "confidence": 0.8}, "score": 1.1024718284606934}], "question": "Question:\nJames wanted to find an old underground map from the 50s.  Where might he look for one?\n\nCandidate Answers:\n1: library\n2: subway station\n3: county engineer's office\n4: super market\n5: home\n\n\nThere is only one correct option. Therefore, you must choose the answer that is most likely to be correct from all candidate answers.\nYour response should only contain the number of the chosen answer. Your response cannot contain any textual content.\n", "soft_refusal": false, "hard_refusal": false}