{"evidence": "Foxes are found in a variety of habitats including forests, grasslands, mountains, and deserts.", "reason": "Based on the knowledge provided, foxes can be found in forests, grasslands, mountains, and deserts.", "answer": 5, "retrieved_documents": [{"content": "Foxes are found in a variety of habitats including forests, grasslands, mountains, and deserts.", "metadata": {"source": "knowledge/tmp.txt", "confidence": 0.8}, "score": 0.5575049519538879}, {"content": "John might have been in a location on the east coast where foxes are commonly found, such as the United States or Canada.", "metadata": {"source": "knowledge/tmp.txt", "confidence": 0.7}, "score": 0.8749948740005493}, {"content": "A fox that is made up can be found in a fictional story or artwork", "metadata": {"source": "knowledge/tmp.txt", "confidence": 0.9}, "score": 0.9212575554847717}, {"content": "Foxes should not be in your henhouse or near your livestock.", "metadata": {"source": "knowledge/tmp.txt", "confidence": 0.8}, "score": 0.9591625332832336}], "question": "Question:\nWhat is the habitat of the fox?\n\nCandidate Answers:\n1: hen house\n2: burrow\n3: california\n4: england\n5: mountains\n\n\nThere is only one correct option. Therefore, you must choose the answer that is most likely to be correct from all candidate answers.\nYour response should only contain the number of the chosen answer. Your response cannot contain any textual content.\n", "soft_refusal": false, "hard_refusal": false}