{"evidence": "People are better at using tools and technology. Animals make up a large part of the Biosphere. Society is made up of people.", "reason": "Based on the evidence provided, people are better at using tools and technology, which has secured their dominance over the planet.", "answer": 2, "retrieved_documents": [{"content": "People are better at using tools and technology.", "metadata": {"source": "knowledge/tmp.txt", "confidence": 0.8}, "score": 1.0742708444595337}, {"content": "Animals make up a large part of the Biosphere.", "metadata": {"source": "knowledge/tmp.txt", "confidence": 0.9}, "score": 1.1105663776397705}, {"content": "Society is made up of people.", "metadata": {"source": "knowledge/tmp.txt", "confidence": 1.0}, "score": 1.1522120237350464}, {"content": "Promoting understanding, empathy, and cooperation among individuals and communities can help achieve harmony in the world.", "metadata": {"source": "knowledge/tmp.txt", "confidence": 0.9}, "score": 1.2044612169265747}], "question": "Question:\nPeople are very much like the animals, but one thing has secured or dominance over the planet.  We're better at doing what?\n\nCandidate Answers:\n1: eat eggs\n2: make tools\n3: eat dosa\n4: talk to each other\n5: smoke pot\n\n\nThere is only one correct option. Therefore, you must choose the answer that is most likely to be correct from all candidate answers.\nYour response should only contain the number of the chosen answer. Your response cannot contain any textual content.\n", "soft_refusal": false, "hard_refusal": true}