{"evidence": "The back yard was a safe place for the children to play. Parents are the caretakers of a child.", "reason": "The evidence provided indicates that the parents loved that the back yard was a safe place for the children to play.", "answer": 3, "retrieved_documents": [{"content": "The back yard was a safe place for the children to play.", "metadata": {"source": "knowledge/tmp.txt", "confidence": 0.8}, "score": 0.6538467407226562}, {"content": "A house outside the center of a community is said to be in a suburban area.", "metadata": {"source": "knowledge/tmp.txt", "confidence": 0.8}, "score": 1.0834524631500244}, {"content": "The neighborhood had a great sense of community, there was always a crowd at the landing", "metadata": {"source": "knowledge/tmp.txt", "confidence": 0.0}, "score": 1.0907444953918457}, {"content": "Parents are the caretakers of a child.", "metadata": {"source": "knowledge/tmp.txt", "confidence": 1.0}, "score": 1.1507114171981812}], "question": "Question:\nThey children loved having a back yard, and the parents loved that it was a safe what?\n\nCandidate Answers:\n1: suburb\n2: neighborhood\n3: back of house\n4: roundabout\n5: property\n\n\nThere is only one correct option. Therefore, you must choose the answer that is most likely to be correct from all candidate answers.\nYour response should only contain the number of the chosen answer. Your response cannot contain any textual content.\n", "soft_refusal": false, "hard_refusal": true}