{"evidence": "Wishing wells originally had a pail to be lowered for their intended use. A pail is typically kept in the storage room or utility closet in a house.", "reason": "Based on the evidence provided, wishing wells originally had a pail to be lowered for their intended use, and a pail is typically kept in the storage room or utility closet in a house.", "answer": 4, "retrieved_documents": [{"content": "Wishing wells originally had a pail to be lowered for their intended use.", "metadata": {"source": "knowledge/tmp.txt", "confidence": 0.8}, "score": 0.5693708658218384}, {"content": "A pail is typically kept in the storage room or utility closet in a house.", "metadata": {"source": "knowledge/tmp.txt", "confidence": 0.8}, "score": 0.8122286796569824}, {"content": "Trash cans are commonly found on sidewalks in many towns and cities.", "metadata": {"source": "knowledge/tmp.txt", "confidence": 0.9}, "score": 1.1533812284469604}, {"content": "A maid typically empties a trash can in a designated trash receptacle or dumpster.", "metadata": {"source": "knowledge/tmp.txt", "confidence": 0.9}, "score": 1.1892344951629639}], "question": "Question:\nWhile people just throw coins down them now, what originally had a pail to be lowered for it's intended use?\n\nCandidate Answers:\n1: garage\n2: utility room\n3: slide\n4: wishing well\n5: garden\n\n\nThere is only one correct option. Therefore, you must choose the answer that is most likely to be correct from all candidate answers.\nYour response should only contain the number of the chosen answer. Your response cannot contain any textual content.\n", "soft_refusal": false, "hard_refusal": false}