{"evidence": "They passed an apple tree on their way to the racetrack, which is the biggest motorsport spectacle in the world.", "reason": "Based on the knowledge that the Indianapolis 500 is the biggest motorsport spectacle in the world and that apples form on the branches of an apple tree, it is most likely that they were going to watch the race in Indiana.", "answer": 2, "retrieved_documents": [{"content": "The Indianapolis 500 is the biggest motorsport spectacle in the world.", "metadata": {"source": "knowledge/tmp.txt", "confidence": 0.7}, "score": 1.0095919370651245}, {"content": "John is most likely at a race track or a car racing event.", "metadata": {"source": "knowledge/tmp.txt", "confidence": 0.8}, "score": 1.052199125289917}, {"content": "You are in Indiana, as Fort Wayne is a city in Indiana known for its apple orchards.", "metadata": {"source": "knowledge/tmp.txt", "confidence": 0.9}, "score": 1.2066268920898438}, {"content": "Apples form on the branches of an apple tree.", "metadata": {"source": "knowledge/tmp.txt", "confidence": 1.0}, "score": 1.2254189252853394}], "question": "Question:\nThey passed a apple tree on their way to the racetrack, the were going to watch the biggest motorsport spectacle in the world where?\n\nCandidate Answers:\n1: maryland\n2: indiana\n3: on tv\n4: park\n5: new jersey\n\n\nThere is only one correct option. Therefore, you must choose the answer that is most likely to be correct from all candidate answers.\nYour response should only contain the number of the chosen answer. Your response cannot contain any textual content.\n", "soft_refusal": false, "hard_refusal": true}