{"evidence": "People play chess on the weekends as a way to relax, challenge themselves mentally, and socialize with others. All the parts are important in a chess game.", "reason": "The evidence provided clearly states the reasons why people play chess on the weekends, such as relaxation, mental challenge, and socialization.", "answer": 1, "retrieved_documents": [{"content": "People play chess on the weekends as a way to relax, challenge themselves mentally, and socialize with others.", "metadata": {"source": "knowledge/tmp.txt", "confidence": 0.8}, "score": 0.3412792682647705}, {"content": "Competing in a chess game on a cold day can potentially lead to decreased focus and concentration due to the discomfort caused by the cold temperature.", "metadata": {"source": "knowledge/tmp.txt", "confidence": 0.8}, "score": 1.0250612497329712}, {"content": "The guys had a regular poker game on Saturday night, rather than going to the movies.", "metadata": {"source": "knowledge/tmp.txt", "confidence": 0.8}, "score": 1.0615801811218262}, {"content": "All the parts are important in a chess game.", "metadata": {"source": "knowledge/tmp.txt", "confidence": 0.9}, "score": 1.1163411140441895}], "question": "Question:\nWhy do people play chess on the weekends?\n\nCandidate Answers:\n1: satisfaction\n2: have fun\n3: thrilling\n4: made\n5: smart\n\n\nThere is only one correct option. Therefore, you must choose the answer that is most likely to be correct from all candidate answers.\nYour response should only contain the number of the chosen answer. Your response cannot contain any textual content.\n", "soft_refusal": false, "hard_refusal": false}