{"evidence": "All humans are mortal. People aim to earn a living, pursue their passions, gain personal fulfillment, and contribute to society.", "reason": "Based on the knowledge that all humans are mortal and people have various aims in life, we can infer that the correct answer is related to a common aspect of being human.", "answer": 5, "retrieved_documents": [{"content": "Everyone has a unique perspective and experience in relation to other people.", "metadata": {"source": "knowledge/tmp.txt", "confidence": 0.8}, "score": 0.9752568602561951}, {"content": "All humans are mortal.", "metadata": {"source": "knowledge/tmp.txt", "confidence": 1.0}, "score": 1.0405431985855103}, {"content": "Society is made up of people.", "metadata": {"source": "knowledge/tmp.txt", "confidence": 1.0}, "score": 1.0967626571655273}, {"content": "People aim to earn a living, pursue their passions, gain personal fulfillment, and contribute to society.", "metadata": {"source": "knowledge/tmp.txt", "confidence": 0.9}, "score": 1.1203604936599731}], "question": "Question:\nWe are all human, and we all what?\n\nCandidate Answers:\n1: write\n2: eat cake\n3: smile\n4: think critically\n5: die\n\n\nThere is only one correct option. Therefore, you must choose the answer that is most likely to be correct from all candidate answers.\nYour response should only contain the number of the chosen answer. Your response cannot contain any textual content.\n", "soft_refusal": false, "hard_refusal": true}