{"evidence": "The goal of a person going to bed is likely to rest and sleep.", "reason": "Based on the knowledge provided, the goal of a person going to bed is to rest and sleep.", "answer": 3, "retrieved_documents": [{"content": "The goal of a person going to bed is likely to rest and sleep.", "metadata": {"source": "knowledge/tmp.txt", "confidence": 0.9}, "score": 0.7231853604316711}, {"content": "People aim to earn a living, pursue their passions, gain personal fulfillment, and contribute to society.", "metadata": {"source": "knowledge/tmp.txt", "confidence": 0.9}, "score": 1.0156837701797485}, {"content": "Brad tried to arise from bed but he could not. Instead, he just continued to do what?", "metadata": {"source": "knowledge/tmp.txt", "confidence": 1.0}, "score": 1.1671702861785889}, {"content": "It is recommended to start the day with a healthy breakfast, some light exercise, and setting goals for the day.", "metadata": {"source": "knowledge/tmp.txt", "confidence": 0.8}, "score": 1.1910721063613892}], "question": "Question:\nIf a person were going to bed, what would be their goal?\n\nCandidate Answers:\n1: lazy\n2: insomnia\n3: rest\n4: falling asleep\n5: dreaming of\n\n\nThere is only one correct option. Therefore, you must choose the answer that is most likely to be correct from all candidate answers.\nYour response should only contain the number of the chosen answer. Your response cannot contain any textual content.\n", "soft_refusal": false, "hard_refusal": true}