{"evidence": "Candles are good for eliminating odors.", "reason": "Based on the knowledge that candles are good for eliminating odors, we can conclude that candles are good for eliminating unwanted smells.", "answer": 5, "retrieved_documents": [{"content": "Candles are good for eliminating odors.", "metadata": {"source": "knowledge/tmp.txt", "confidence": 0.9}, "score": 0.6807537078857422}, {"content": "A modern light source in a living room is likely to be an LED light.", "metadata": {"source": "knowledge/tmp.txt", "confidence": 0.8}, "score": 1.2985341548919678}, {"content": "Releasing energy that has built up can feel relieving, cathartic, or even euphoric.", "metadata": {"source": "knowledge/tmp.txt", "confidence": 0.8}, "score": 1.3424283266067505}, {"content": "To relax at night, someone might read a book, watch TV, take a bath, meditate, or listen to music.", "metadata": {"source": "knowledge/tmp.txt", "confidence": 0.8}, "score": 1.352561593055725}], "question": "Question:\nWhat are candles good for eliminating?\n\nCandidate Answers:\n1: shelf\n2: board\n3: church\n4: table\n5: dark\n\n\nThere is only one correct option. Therefore, you must choose the answer that is most likely to be correct from all candidate answers.\nYour response should only contain the number of the chosen answer. Your response cannot contain any textual content.\n", "soft_refusal": false, "hard_refusal": true}