{"evidence": "The player was likely a member of a marching band or a musical ensemble. A musician would use a musical instrument. Cricket is the game they were playing. The opponent was skilled and experienced.", "reason": "Based on the evidence provided, we can infer that the player was most likely a member of a marching band, as they were playing a musical instrument (cornet) in rhythm, which is a common activity in marching bands.", "answer": 3, "retrieved_documents": [{"content": "The player was likely a member of a marching band or a musical ensemble.", "metadata": {"source": "knowledge/tmp.txt", "confidence": 0.8}, "score": 0.5398793816566467}, {"content": "A musician would use a musical instrument.", "metadata": {"source": "knowledge/tmp.txt", "confidence": 1.0}, "score": 1.0397472381591797}, {"content": "Cricket is the game they were playing.", "metadata": {"source": "knowledge/tmp.txt", "confidence": 0.8}, "score": 1.1275743246078491}, {"content": "The opponent was skilled and experienced.", "metadata": {"source": "knowledge/tmp.txt", "confidence": 0.7}, "score": 1.1691187620162964}], "question": "Question:\nThe player lifted his cornet and walked in rhythm, what was the player a member of?\n\nCandidate Answers:\n1: museum\n2: high school band\n3: marching band\n4: orchestra\n5: band\n\n\nThere is only one correct option. Therefore, you must choose the answer that is most likely to be correct from all candidate answers.\nYour response should only contain the number of the chosen answer. Your response cannot contain any textual content.\n", "soft_refusal": false, "hard_refusal": false}