{"evidence": "Most companies do not want to have excess supply relative to demand.", "reason": "The knowledge base explicitly states that most companies do not want to have excess supply relative to demand.", "answer": 1, "retrieved_documents": [{"content": "Most companies do not want to have excess supply relative to demand.", "metadata": {"source": "knowledge/tmp.txt", "confidence": 0.9}, "score": 0.5876836180686951}, {"content": "People want to acquire financial success, independence, and the ability to pursue their passion from opening a business.", "metadata": {"source": "knowledge/tmp.txt", "confidence": 0.9}, "score": 1.0503288507461548}, {"content": "Desires and needs vary from person to person, making it difficult to determine what every person wants.", "metadata": {"source": "knowledge/tmp.txt", "confidence": 0.5}, "score": 1.3012291193008423}, {"content": "Buying products in excess can lead to accumulation of unnecessary items, wastage of money, and potential clutter.", "metadata": {"source": "knowledge/tmp.txt", "confidence": 0.8}, "score": 1.3326528072357178}], "question": "Question:\nWhat do most companies not want to have relative to demand?\n\nCandidate Answers:\n1: oversupply\n2: plentitude\n3: stockpile\n4: superabundance\n5: busy\n\n\nThere is only one correct option. Therefore, you must choose the answer that is most likely to be correct from all candidate answers.\nYour response should only contain the number of the chosen answer. Your response cannot contain any textual content.\n", "soft_refusal": false, "hard_refusal": false}