{"evidence": "The traveler's groceries got soaked by the rain due to limited mass transit in the city. Bus stops are more common in urban areas and near public transportation hubs. A mountie might be in Toronto if he got off at a subway stop.", "reason": "Based on the evidence provided, the traveler's groceries getting soaked at a bus stop is directly related to the limited mass transit in the city.", "answer": 1, "retrieved_documents": [{"content": "Groceries of a traveler waiting at a bus stop got soaked by the rain due to limited mass transit in the city.", "metadata": {"source": "knowledge/tmp.txt", "confidence": 0.8}, "score": 0.6492458581924438}, {"content": "Bus stops are more common in urban areas and near public transportation hubs.", "metadata": {"source": "knowledge/tmp.txt", "confidence": 0.8}, "score": 1.138898253440857}, {"content": "A mountie might be in Toronto if he got off at a subway stop.", "metadata": {"source": "knowledge/tmp.txt", "confidence": 0.8}, "score": 1.170824646949768}, {"content": "The process of going somewhere typically involves moving from one location to another, either by walking, driving, flying, or using other modes of transportation.", "metadata": {"source": "knowledge/tmp.txt", "confidence": 0.9}, "score": 1.1835713386535645}], "question": "Question:\nA traveler laments the fact that mass transit is limited in his city when his groceries get soaked by the rain as he waits where?\n\nCandidate Answers:\n1: bus stop\n2: library\n3: motel\n4: airport\n5: subway\n\n\nThere is only one correct option. Therefore, you must choose the answer that is most likely to be correct from all candidate answers.\nYour response should only contain the number of the chosen answer. Your response cannot contain any textual content.\n", "soft_refusal": false, "hard_refusal": true}