{"evidence": "The person in physical distress should go to the nearest hospital or call emergency services for immediate medical attention.", "reason": "Based on the knowledge provided, it is clear that a person in physical distress should seek immediate medical attention, which can be obtained by going to the nearest hospital.", "answer": 3, "retrieved_documents": [{"content": "The person in physical distress should go to the nearest hospital or call emergency services for immediate medical attention.", "metadata": {"source": "knowledge/tmp.txt", "confidence": 1.0}, "score": 0.465664803981781}, {"content": "To seek medical attention or take appropriate medication", "metadata": {"source": "knowledge/tmp.txt", "confidence": 0.8}, "score": 0.8902063369750977}, {"content": "The victim was going to testify or give a statement in court.", "metadata": {"source": "knowledge/tmp.txt", "confidence": 0.9}, "score": 1.0977097749710083}, {"content": "Survival of the individual attempting suicide may result in an unsuccessful suicide attempt.", "metadata": {"source": "knowledge/tmp.txt", "confidence": 1.0}, "score": 1.111733317375183}], "question": "Question:\nThe person was in physical distress, where should he go?\n\nCandidate Answers:\n1: synagogue\n2: for help\n3: hospital\n4: bus stop\n5: building\n\n\nThere is only one correct option. Therefore, you must choose the answer that is most likely to be correct from all candidate answers.\nYour response should only contain the number of the chosen answer. Your response cannot contain any textual content.\n", "soft_refusal": false, "hard_refusal": false}