{"evidence": "Partying all night can lead to feeling tired even when just beginning work. Having a hangover is a common consequence of celebrating with too many cocktails.", "reason": "Based on the knowledge provided, it is stated that partying all night can lead to feeling tired even when just beginning work, which implies that the correct answer is 'getting tired'.", "answer": 1, "retrieved_documents": [{"content": "Partying all night can lead to feeling tired even when just beginning work.", "metadata": {"source": "knowledge/tmp.txt", "confidence": 0.8}, "score": 0.7199358344078064}, {"content": "Having a hangover is a common experience after awaking from a night of heavy drinking.", "metadata": {"source": "knowledge/tmp.txt", "confidence": 0.9}, "score": 1.0643528699874878}, {"content": "Becoming extremely focused and productive is a very unlikely side effect of becoming inebriated.", "metadata": {"source": "knowledge/tmp.txt", "confidence": 0.8}, "score": 1.0856825113296509}, {"content": "Having a hangover is a common consequence of celebrating with too many cocktails.", "metadata": {"source": "knowledge/tmp.txt", "confidence": 0.9}, "score": 1.1699531078338623}], "question": "Question:\nIf you partied all night you could find yourself already what, even when just beginning work?\n\nCandidate Answers:\n1: getting tired\n2: working\n3: procrastination\n4: jumping\n5: sitting down\n\n\nThere is only one correct option. Therefore, you must choose the answer that is most likely to be correct from all candidate answers.\nYour response should only contain the number of the chosen answer. Your response cannot contain any textual content.\n", "soft_refusal": false, "hard_refusal": true}