{"evidence": "Cats are often known for their agility, independence, and hunting skills.", "reason": "Based on the knowledge that cats are agile and independent, they would likely do everything they can to avoid falling.", "answer": 3, "retrieved_documents": [{"content": "The person in the cat's actions are unclear due to a typographical error or confusion in the sentence.", "metadata": {"source": "knowledge/tmp.txt", "confidence": 0.7}, "score": 0.9223964214324951}, {"content": "Cats are often known for their agility, independence, and hunting skills.", "metadata": {"source": "knowledge/tmp.txt", "confidence": 0.9}, "score": 1.012305498123169}, {"content": "The kitten slid across the floor when it tried to stop.", "metadata": {"source": "knowledge/tmp.txt", "confidence": 0.8}, "score": 1.0450934171676636}, {"content": "A cat could want attention, play, sleep, explore, groom itself, or exhibit territorial behavior.", "metadata": {"source": "knowledge/tmp.txt", "confidence": 0.9}, "score": 1.0708645582199097}], "question": "Question:\nThe cat carefully navigated the area, they do everything they can to avoid what?\n\nCandidate Answers:\n1: get wet\n2: eat vegetables\n3: falling\n4: wool sweater\n5: sharp claws\n\n\nThere is only one correct option. Therefore, you must choose the answer that is most likely to be correct from all candidate answers.\nYour response should only contain the number of the chosen answer. Your response cannot contain any textual content.\n", "soft_refusal": false, "hard_refusal": true}