{"evidence": "Office or school supplies store is where pens, computers, text books, and paper clips can all be found. Papers are likely to be set on a desk or table while working on them. A handy place to store a steel pen in your office is in a pen holder on your desk.", "reason": "Based on the knowledge provided, it is clear that pens, computers, text books, and paper clips can all be found in an office or school supplies store.", "answer": 4, "retrieved_documents": [{"content": "Office or school supplies store is where pens, computers, text books, and paper clips can all be found.", "metadata": {"source": "knowledge/tmp.txt", "confidence": 0.9}, "score": 0.542778730392456}, {"content": "Papers are likely to be set on a desk or table while working on them.", "metadata": {"source": "knowledge/tmp.txt", "confidence": 0.9}, "score": 0.8262945413589478}, {"content": "A handy place to store a steel pen in your office is in a pen holder on your desk.", "metadata": {"source": "knowledge/tmp.txt", "confidence": 0.8}, "score": 0.8539771437644958}, {"content": "Literature is usually kept on bookshelves or in libraries.", "metadata": {"source": "knowledge/tmp.txt", "confidence": 0.9}, "score": 0.8717344999313354}], "question": "Question:\nPens, computers, text books and paper clips can all be found where?\n\nCandidate Answers:\n1: desktop\n2: university\n3: drawer\n4: table\n5: work\n\n\nThere is only one correct option. Therefore, you must choose the answer that is most likely to be correct from all candidate answers.\nYour response should only contain the number of the chosen answer. Your response cannot contain any textual content.\n", "soft_refusal": false, "hard_refusal": false}