{"evidence": "Lizards are likely to be found in warm and dry geographic areas such as deserts, grasslands, and rocky areas. Bob the lizard probably lives in a tropical rainforest or a wetland area.", "reason": "Based on the knowledge provided, lizards are likely to be found in warm and dry areas like deserts, grasslands, and rocky areas. Bob the lizard is mentioned to live in a tropical rainforest or wetland area.", "answer": 5, "retrieved_documents": [{"content": "Lizards are likely to be found in warm and dry geographic areas such as deserts, grasslands, and rocky areas.", "metadata": {"source": "knowledge/tmp.txt", "confidence": 0.8}, "score": 0.5498329401016235}, {"content": "Bob the lizard probably lives in a tropical rainforest or a wetland area.", "metadata": {"source": "knowledge/tmp.txt", "confidence": 0.8}, "score": 0.6956773996353149}, {"content": "You can get a lizard to keep in your home from pet stores, breeders, or online reptile shops.", "metadata": {"source": "knowledge/tmp.txt", "confidence": 0.8}, "score": 1.0250715017318726}, {"content": "The lizard has become accustomed to being fed by people and may rely on them for food.", "metadata": {"source": "knowledge/tmp.txt", "confidence": 0.8}, "score": 1.0349916219711304}], "question": "Question:\nWhat geographic area is a lizard likely to be?\n\nCandidate Answers:\n1: ball stopped\n2: west texas\n3: arid regions\n4: garden\n5: warm place\n\n\nThere is only one correct option. Therefore, you must choose the answer that is most likely to be correct from all candidate answers.\nYour response should only contain the number of the chosen answer. Your response cannot contain any textual content.\n", "soft_refusal": false, "hard_refusal": false}