{"evidence": "A briefcase is typically carried using your hand or shoulder.", "reason": "Based on the knowledge that a briefcase is typically carried using your hand or shoulder, we can determine the correct answer.", "answer": 5, "retrieved_documents": [{"content": "A briefcase is typically carried using your hand or shoulder.", "metadata": {"source": "knowledge/tmp.txt", "confidence": 0.9}, "score": 0.43797069787979126}, {"content": "A backpack or a book sleeve can be used to store a book while traveling.", "metadata": {"source": "knowledge/tmp.txt", "confidence": 0.9}, "score": 0.8256176114082336}, {"content": "Traveling clothes are often kept in a suitcase or a travel bag.", "metadata": {"source": "knowledge/tmp.txt", "confidence": 0.9}, "score": 1.0528812408447266}, {"content": "A pillow case that is not in use can be stored in a closet or a drawer.", "metadata": {"source": "knowledge/tmp.txt", "confidence": 0.9}, "score": 1.1202008724212646}], "question": "Question:\nWhat do you use to carry your briefcase?\n\nCandidate Answers:\n1: office building\n2: school\n3: courtroom\n4: airport\n5: hand\n\n\nThere is only one correct option. Therefore, you must choose the answer that is most likely to be correct from all candidate answers.\nYour response should only contain the number of the chosen answer. Your response cannot contain any textual content.\n", "soft_refusal": false, "hard_refusal": false}