{"evidence": "The man wanted to run faster or reach his destination quicker. The runner was beginning to push harder. The man was hoping to improve his physical fitness and overall health by learning jogging.", "reason": "Based on the evidence provided, the man's intention was to go faster by picking up his pace to a run.", "answer": 5, "retrieved_documents": [{"content": "He wanted to run faster or reach his destination quicker.", "metadata": {"source": "knowledge/tmp.txt", "confidence": 0.8}, "score": 0.40682294964790344}, {"content": "The runner was beginning to push harder.", "metadata": {"source": "knowledge/tmp.txt", "confidence": 0.9}, "score": 0.7123662233352661}, {"content": "The man was hoping to improve his physical fitness and overall health by learning jogging.", "metadata": {"source": "knowledge/tmp.txt", "confidence": 0.9}, "score": 0.9410504698753357}, {"content": "The pitcher may have felt nervous, anxious, or pressured.", "metadata": {"source": "knowledge/tmp.txt", "confidence": 0.8}, "score": 1.0588597059249878}], "question": "Question:\nHe picked up his pace to a run, he wanted to do what?\n\nCandidate Answers:\n1: learn to walk\n2: frightened\n3: get away from\n4: exercise\n5: go faster\n\n\nThere is only one correct option. Therefore, you must choose the answer that is most likely to be correct from all candidate answers.\nYour response should only contain the number of the chosen answer. Your response cannot contain any textual content.\n", "soft_refusal": false, "hard_refusal": false}