{"evidence": "When you first meet a child, you can ask them their name or how they are doing.", "reason": "The evidence clearly states that when you first meet a child, you can ask them their name or how they are doing.", "answer": 4, "retrieved_documents": [{"content": "When you first meet a child, you can ask them their name or how they are doing.", "metadata": {"source": "knowledge/tmp.txt", "confidence": 0.9}, "score": 0.6349226832389832}, {"content": "Parents may tell a child to do chores, homework, play outside, spend time with family, or relax on the weekend.", "metadata": {"source": "knowledge/tmp.txt", "confidence": 0.8}, "score": 0.8508428335189819}, {"content": "Using a computer to talk to their granddaughter might cause feelings of connection, communication, and joy for the person.", "metadata": {"source": "knowledge/tmp.txt", "confidence": 0.8}, "score": 1.1631373167037964}, {"content": "The child could help set the table, clear the table, or assist in serving food in the dining room.", "metadata": {"source": "knowledge/tmp.txt", "confidence": 0.9}, "score": 1.2011973857879639}], "question": "Question:\nWhat do you ask a child to do when you first meet her?\n\nCandidate Answers:\n1: ask questions\n2: count to ten\n3: costume\n4: state name\n5: dress herself\n\n\nThere is only one correct option. Therefore, you must choose the answer that is most likely to be correct from all candidate answers.\nYour response should only contain the number of the chosen answer. Your response cannot contain any textual content.\n", "soft_refusal": false, "hard_refusal": false}