{"evidence": "Ice melts when exposed to the sun due to the increase in temperature causing it to change from a solid to a liquid state. The sun could shine in.", "reason": "Based on the knowledge provided, it is clear that ice melts when exposed to the sun due to the increase in temperature.", "answer": 2, "retrieved_documents": [{"content": "Ice melts when exposed to the sun due to the increase in temperature causing it to change from a solid to a liquid state.", "metadata": {"source": "knowledge/tmp.txt", "confidence": 0.9}, "score": 0.43306922912597656}, {"content": "The water in clouds turns into ice crystals when it gets cold.", "metadata": {"source": "knowledge/tmp.txt", "confidence": 0.9}, "score": 0.8188115358352661}, {"content": "A snowflake forms in a cloud when water vapor condenses and freezes around a dust particle.", "metadata": {"source": "knowledge/tmp.txt", "confidence": 0.9}, "score": 1.0649892091751099}, {"content": "The sun could shine in.", "metadata": {"source": "knowledge/tmp.txt", "confidence": 0.8}, "score": 1.0675328969955444}], "question": "Question:\nWhat happens when to ice when it is in the sun?\n\nCandidate Answers:\n1: carved\n2: melted\n3: ice cream\n4: antarctica\n5: sculptured\n\n\nThere is only one correct option. Therefore, you must choose the answer that is most likely to be correct from all candidate answers.\nYour response should only contain the number of the chosen answer. Your response cannot contain any textual content.\n", "soft_refusal": false, "hard_refusal": false}