{"evidence": "Dishes can be stored in a kitchen cabinet or cupboard.", "reason": "Based on the knowledge that dishes can be stored in a kitchen cabinet or cupboard, we can determine the most likely location for storing dishes.", "answer": 5, "retrieved_documents": [{"content": "Dishes can be stored in a kitchen cabinet or cupboard.", "metadata": {"source": "knowledge/tmp.txt", "confidence": 0.9}, "score": 0.4245939254760742}, {"content": "You can buy storage containers or boxes to put your spare unused things.", "metadata": {"source": "knowledge/tmp.txt", "confidence": 0.9}, "score": 0.8821325898170471}, {"content": "A pail is typically kept in the storage room or utility closet in a house.", "metadata": {"source": "knowledge/tmp.txt", "confidence": 0.8}, "score": 0.9427409172058105}, {"content": "A salt shaker is most often kept on the dining table or kitchen counter.", "metadata": {"source": "knowledge/tmp.txt", "confidence": 0.9}, "score": 1.0487611293792725}], "question": "Question:\nWhere can you store your dishes in your dwelling?\n\nCandidate Answers:\n1: drawer\n2: shelf\n3: pantry\n4: apartment\n5: cabinet\n\n\nThere is only one correct option. Therefore, you must choose the answer that is most likely to be correct from all candidate answers.\nYour response should only contain the number of the chosen answer. Your response cannot contain any textual content.\n", "soft_refusal": false, "hard_refusal": false}