{"evidence": "The man was laying on the soft moss.", "reason": "Based on the fact that the man was laying on the soft moss, it is likely that he was in a forest.", "answer": 2, "retrieved_documents": [{"content": "The man was laying on the soft moss.", "metadata": {"source": "knowledge/tmp.txt", "confidence": 1.0}, "score": 0.6729823350906372}, {"content": "He was likely at the beach or by a pool.", "metadata": {"source": "knowledge/tmp.txt", "confidence": 0.8}, "score": 1.0142285823822021}, {"content": "John lived in an unknown location.", "metadata": {"source": "knowledge/tmp.txt", "confidence": 0.0}, "score": 1.1565889120101929}, {"content": "Brad tried to arise from bed but he could not. Instead, he just continued to do what?", "metadata": {"source": "knowledge/tmp.txt", "confidence": 1.0}, "score": 1.187886357307434}], "question": "Question:\nThe man laid on the soft moss and looked up at the trees, where was the man?\n\nCandidate Answers:\n1: niagra falls\n2: forest\n3: waterfall\n4: ground\n5: tree\n\n\nThere is only one correct option. Therefore, you must choose the answer that is most likely to be correct from all candidate answers.\nYour response should only contain the number of the chosen answer. Your response cannot contain any textual content.\n", "soft_refusal": false, "hard_refusal": false}