{"evidence": "Dreaming is likely the activity someone is doing if they are sitting quietly and their eyes are moving.", "reason": "Based on the knowledge provided, when someone is sitting quietly and their eyes are moving, they are likely dreaming.", "answer": 5, "retrieved_documents": [{"content": "Dreaming is likely the activity someone is doing if they are sitting quietly and their eyes are moving.", "metadata": {"source": "knowledge/tmp.txt", "confidence": 0.9}, "score": 0.6307258009910583}, {"content": "Listening is what someone is usually doing if someone else is talking to him or her.", "metadata": {"source": "knowledge/tmp.txt", "confidence": 1.0}, "score": 1.049946904182434}, {"content": "A person might be watching a scene from a movie or a TV show where a character is involved in illegal activities such as robbery or money laundering.", "metadata": {"source": "knowledge/tmp.txt", "confidence": 0.8}, "score": 1.1875427961349487}, {"content": "Her goal is to relax and unwind", "metadata": {"source": "knowledge/tmp.txt", "confidence": 0.8}, "score": 1.2263084650039673}], "question": "Question:\nWhat is someone doing if he or she is sitting quietly and his or her eyes are moving?\n\nCandidate Answers:\n1: reading\n2: meditate\n3: fall asleep\n4: bunk\n5: think\n\n\nThere is only one correct option. Therefore, you must choose the answer that is most likely to be correct from all candidate answers.\nYour response should only contain the number of the chosen answer. Your response cannot contain any textual content.\n", "soft_refusal": false, "hard_refusal": false}