{"evidence": "A toy soldier being played with can be found in a child's playroom or in a child's hands. Children who want to play are likely to want toys or games to play with.", "reason": "Based on the knowledge provided, a toy soldier being played with is likely to be found in a child's playroom or in a child's hands.", "answer": 3, "retrieved_documents": [{"content": "A toy soldier being played with can be found in a child's playroom or in a child's hands.", "metadata": {"source": "knowledge/tmp.txt", "confidence": 0.9}, "score": 0.35176655650138855}, {"content": "Children who want to play are likely to want toys or games to play with.", "metadata": {"source": "knowledge/tmp.txt", "confidence": 0.9}, "score": 0.9603260159492493}, {"content": "A well used toy car is likely to be found in a child's play area or in a toy box.", "metadata": {"source": "knowledge/tmp.txt", "confidence": 0.8}, "score": 1.0805264711380005}, {"content": "Children can play with animals at petting zoos, farms, or animal sanctuaries.", "metadata": {"source": "knowledge/tmp.txt", "confidence": 0.8}, "score": 1.228055715560913}], "question": "Question:\nWhere would you find a toy soldier that is being played with?\n\nCandidate Answers:\n1: toy box\n2: movies\n3: child's hand\n4: toybos\n5: child park\n\n\nThere is only one correct option. Therefore, you must choose the answer that is most likely to be correct from all candidate answers.\nYour response should only contain the number of the chosen answer. Your response cannot contain any textual content.\n", "soft_refusal": false, "hard_refusal": false}