{"evidence": "You are at the airport or at the airline check-in counter when you're about to use your plane ticket.", "reason": "Based on the knowledge provided, the most likely place to be when you're about to use your plane ticket is at the airport.", "answer": 3, "retrieved_documents": [{"content": "You are at the airport or at the airline check-in counter when you're about to use your plane ticket.", "metadata": {"source": "knowledge/tmp.txt", "confidence": 0.9}, "score": 0.5257642269134521}, {"content": "You are at an airport security checkpoint.", "metadata": {"source": "knowledge/tmp.txt", "confidence": 1.0}, "score": 1.0413235425949097}, {"content": "The worst place to be in a ticket office is in the back of a long line.", "metadata": {"source": "knowledge/tmp.txt", "confidence": 0.8}, "score": 1.045699119567871}, {"content": "A voucher or a free ticket for a future flight is given to someone who had a very bad flight.", "metadata": {"source": "knowledge/tmp.txt", "confidence": 0.8}, "score": 1.1250643730163574}], "question": "Question:\nWhere are you when you're about to use your plane ticket?\n\nCandidate Answers:\n1: pocket\n2: terrorists hands\n3: airport\n4: sea ship\n5: briefcase\n\n\nThere is only one correct option. Therefore, you must choose the answer that is most likely to be correct from all candidate answers.\nYour response should only contain the number of the chosen answer. Your response cannot contain any textual content.\n", "soft_refusal": false, "hard_refusal": false}