{"evidence": "A police officer is likely to work for a law enforcement agency or a police department. A police officer typically patrols a specific jurisdiction or area assigned to them, such as a neighborhood, city, or district.", "reason": "Based on the knowledge provided, a police officer is likely to work for a law enforcement agency or a police department, where they are assigned to patrol specific jurisdictions.", "answer": 3, "retrieved_documents": [{"content": "A police officer is likely to work for a law enforcement agency or a police department.", "metadata": {"source": "knowledge/tmp.txt", "confidence": 1.0}, "score": 0.47884872555732727}, {"content": "A police officer typically patrols a specific jurisdiction or area assigned to them, such as a neighborhood, city, or district.", "metadata": {"source": "knowledge/tmp.txt", "confidence": 0.9}, "score": 0.8432368636131287}, {"content": "Pretending to be a police officer is illegal and can result in criminal charges.", "metadata": {"source": "knowledge/tmp.txt", "confidence": 1.0}, "score": 1.145799160003662}, {"content": "The detective was finding information from witnesses to gather evidence and testimonies related to a crime or incident.", "metadata": {"source": "knowledge/tmp.txt", "confidence": 0.9}, "score": 1.3231828212738037}], "question": "Question:\nWho is a police officer likely to work for?\n\nCandidate Answers:\n1: beat\n2: direct traffic\n3: city\n4: street\n5: president\n\n\nThere is only one correct option. Therefore, you must choose the answer that is most likely to be correct from all candidate answers.\nYour response should only contain the number of the chosen answer. Your response cannot contain any textual content.\n", "soft_refusal": false, "hard_refusal": false}