{"evidence": "Batman settled for cans because there were no bottles available.", "reason": "Based on the evidence provided, Batman settled for cans because there were no bottles available.", "answer": 4, "retrieved_documents": [{"content": "Batman settled for cans because there were no bottles available.", "metadata": {"source": "knowledge/tmp.txt", "confidence": 1.0}, "score": 0.4646858870983124}, {"content": "Brad tried to arise from bed but he could not. Instead, he just continued to do what?", "metadata": {"source": "knowledge/tmp.txt", "confidence": 1.0}, "score": 1.1375552415847778}, {"content": "They needed grape juice for their party, they went to buy it and other snacks at the grocery store.", "metadata": {"source": "knowledge/tmp.txt", "confidence": 0.8}, "score": 1.2081800699234009}, {"content": "To get the key to the bathroom at McDonald's, one also had to buy something", "metadata": {"source": "knowledge/tmp.txt", "confidence": 0.8}, "score": 1.2460871934890747}], "question": "Question:\nBatman bought beer.  There were no bottles available.  He had to settle for what?.\n\nCandidate Answers:\n1: shelf\n2: soccer game\n3: keg\n4: can\n5: refrigerator\n\n\nThere is only one correct option. Therefore, you must choose the answer that is most likely to be correct from all candidate answers.\nYour response should only contain the number of the chosen answer. Your response cannot contain any textual content.\n", "soft_refusal": false, "hard_refusal": false}