{"evidence": "Monkeys can be found in the rainforests of West Africa, including countries like Nigeria, Cameroon, and Gabon. South America is the large land mass that is home to the most monkeys.", "reason": "Based on the knowledge provided, monkeys can be found in the rainforests of West Africa, including countries like Nigeria, Cameroon, and Gabon. South America is mentioned as the large land mass that is home to the most monkeys.", "answer": 5, "retrieved_documents": [{"content": "Monkeys can be found in the rainforests of West Africa, including countries like Nigeria, Cameroon, and Gabon.", "metadata": {"source": "knowledge/tmp.txt", "confidence": 0.8}, "score": 0.5602864623069763}, {"content": "Monkeys can be found in the wild in tropical forests, jungles, and savannas.", "metadata": {"source": "knowledge/tmp.txt", "confidence": 0.9}, "score": 0.7648796439170837}, {"content": "A monkey is likely to enjoy being in a jungle or a forest where it can climb trees and find food.", "metadata": {"source": "knowledge/tmp.txt", "confidence": 0.8}, "score": 0.8871406316757202}, {"content": "South America is the large land mass that is home to the most monkeys.", "metadata": {"source": "knowledge/tmp.txt", "confidence": 0.8}, "score": 1.0171946287155151}], "question": "Question:\nYou can find a monkey in what West African region on the Gulf of Guinea\n\nCandidate Answers:\n1: south american country\n2: rain forest\n3: pay debts\n4: works\n5: nigeria\n\n\nThere is only one correct option. Therefore, you must choose the answer that is most likely to be correct from all candidate answers.\nYour response should only contain the number of the chosen answer. Your response cannot contain any textual content.\n", "soft_refusal": false, "hard_refusal": false}