{"evidence": "A dining area is likely to be small in urban areas with limited space or in small apartments/homes.", "reason": "Based on the knowledge provided, a dining area is likely to be small in urban areas or small apartments/homes.", "answer": 2, "retrieved_documents": [{"content": "A dining area is likely to be small in urban areas with limited space or in small apartments/homes.", "metadata": {"source": "knowledge/tmp.txt", "confidence": 0.8}, "score": 0.29971209168434143}, {"content": "A dining room is likely to have a sideboard on the counter.", "metadata": {"source": "knowledge/tmp.txt", "confidence": 0.8}, "score": 0.7761171460151672}, {"content": "A large dining room containing a fancy chandelier is typically found in a luxury hotel or a high-end restaurant.", "metadata": {"source": "knowledge/tmp.txt", "confidence": 0.8}, "score": 0.9692332148551941}, {"content": "A side table is normally found near a side chair.", "metadata": {"source": "knowledge/tmp.txt", "confidence": 0.9}, "score": 0.9852887392044067}], "question": "Question:\nWhere is a dining area likely to be small?\n\nCandidate Answers:\n1: cruise ship\n2: home\n3: mall\n4: restaurant\n5: dark cave\n\n\nThere is only one correct option. Therefore, you must choose the answer that is most likely to be correct from all candidate answers.\nYour response should only contain the number of the chosen answer. Your response cannot contain any textual content.\n", "soft_refusal": false, "hard_refusal": false}