{"evidence": "You can get a lizard to keep in your home from pet stores, breeders, or online reptile shops. Lizards are likely to be found in warm and dry geographic areas such as deserts, grasslands, and rocky areas.", "reason": "Based on the knowledge provided, lizards can be obtained from pet stores, breeders, or online reptile shops, and they are commonly found in warm and dry areas like deserts.", "answer": 3, "retrieved_documents": [{"content": "You can get a lizard to keep in your home from pet stores, breeders, or online reptile shops.", "metadata": {"source": "knowledge/tmp.txt", "confidence": 0.8}, "score": 0.436247855424881}, {"content": "Bob the lizard probably lives in a tropical rainforest or a wetland area.", "metadata": {"source": "knowledge/tmp.txt", "confidence": 0.8}, "score": 0.7755996584892273}, {"content": "Lizards are likely to be found in warm and dry geographic areas such as deserts, grasslands, and rocky areas.", "metadata": {"source": "knowledge/tmp.txt", "confidence": 0.8}, "score": 0.8370486497879028}, {"content": "The lizard has become accustomed to being fed by people and may rely on them for food.", "metadata": {"source": "knowledge/tmp.txt", "confidence": 0.8}, "score": 0.8479148745536804}], "question": "Question:\nWhere can you get a lizard to keep in your home?\n\nCandidate Answers:\n1: desert country\n2: dessert\n3: pet shop\n4: tropical areas\n5: zoo\n\n\nThere is only one correct option. Therefore, you must choose the answer that is most likely to be correct from all candidate answers.\nYour response should only contain the number of the chosen answer. Your response cannot contain any textual content.\n", "soft_refusal": false, "hard_refusal": false}