{"evidence": "Leftover cake can be put in the refrigerator to keep it fresh.", "reason": "The knowledge base explicitly states that leftover cake can be put in the refrigerator.", "answer": 2, "retrieved_documents": [{"content": "Leftover cake can be put in the refrigerator to keep it fresh.", "metadata": {"source": "knowledge/tmp.txt", "confidence": 0.9}, "score": 0.5946835279464722}, {"content": "A plate should be put in the sink or dishwasher immediately after eating from it.", "metadata": {"source": "knowledge/tmp.txt", "confidence": 0.9}, "score": 1.1837643384933472}, {"content": "After the meal, there would be a messy plate.", "metadata": {"source": "knowledge/tmp.txt", "confidence": 0.8}, "score": 1.1885539293289185}, {"content": "A good place to put a hamburger is on a plate or a bun.", "metadata": {"source": "knowledge/tmp.txt", "confidence": 0.8}, "score": 1.2194774150848389}], "question": "Question:\nIf you have leftover cake, where would you put it?\n\nCandidate Answers:\n1: quandry\n2: refrigerator\n3: oven\n4: night stand\n5: bakery\n\n\nThere is only one correct option. Therefore, you must choose the answer that is most likely to be correct from all candidate answers.\nYour response should only contain the number of the chosen answer. Your response cannot contain any textual content.\n", "soft_refusal": false, "hard_refusal": false}