{"evidence": "The likely venue for a reception held with hotel guests walking by is the hotel lobby or a designated event space within the hotel.", "reason": "Based on the knowledge provided, the hotel lobby or a designated event space within the hotel are the likely venues for a reception with hotel guests walking by.", "answer": 3, "retrieved_documents": [{"content": "The likely venue for a reception held with hotel guests walking by is the hotel lobby or a designated event space within the hotel.", "metadata": {"source": "knowledge/tmp.txt", "confidence": 0.8}, "score": 0.23184050619602203}, {"content": "The place might be a hotel or a rental property.", "metadata": {"source": "knowledge/tmp.txt", "confidence": 0.7}, "score": 0.7670601010322571}, {"content": "A large dining room containing a fancy chandelier is typically found in a luxury hotel or a high-end restaurant.", "metadata": {"source": "knowledge/tmp.txt", "confidence": 0.8}, "score": 0.9727414846420288}, {"content": "When you're in a reception area, you are waiting alongside other people who are also waiting.", "metadata": {"source": "knowledge/tmp.txt", "confidence": 0.9}, "score": 0.9893321990966797}], "question": "Question:\nIf a reception is held with hotel guests walking by, what is the likely venue?\n\nCandidate Answers:\n1: room service\n2: church basement\n3: lobby\n4: large room\n5: country club\n\n\nThere is only one correct option. Therefore, you must choose the answer that is most likely to be correct from all candidate answers.\nYour response should only contain the number of the chosen answer. Your response cannot contain any textual content.\n", "soft_refusal": false, "hard_refusal": false}