{"evidence": "A bar or a pub is a place that is far away from your house where you could consume beer.", "reason": "Based on the knowledge that a bar is a place far away from your house where you could consume beer, we can determine the correct answer.", "answer": 1, "retrieved_documents": [{"content": "A bar or a pub is a place that is far away from your house where you could consume beer.", "metadata": {"source": "knowledge/tmp.txt", "confidence": 0.9}, "score": 0.6491975784301758}, {"content": "People can get beer at a bar or a casino's bar after a bit of gambling.", "metadata": {"source": "knowledge/tmp.txt", "confidence": 0.8}, "score": 0.9760223627090454}, {"content": "You could go to a city or a large urban area with a high concentration of restaurants.", "metadata": {"source": "knowledge/tmp.txt", "confidence": 0.8}, "score": 1.079304814338684}, {"content": "Milwaukee is a Wisconsin city known for beer.", "metadata": {"source": "knowledge/tmp.txt", "confidence": 0.8}, "score": 1.1577914953231812}], "question": "Question:\nWhat is a place that is far away from your house and where you could consume beer?\n\nCandidate Answers:\n1: refrigerator\n2: friend's house\n3: keg\n4: neighbor's house\n5: kitchen\n\n\nThere is only one correct option. Therefore, you must choose the answer that is most likely to be correct from all candidate answers.\nYour response should only contain the number of the chosen answer. Your response cannot contain any textual content.\n", "soft_refusal": false, "hard_refusal": false}