{"evidence": "A likely cause for a court case being dismissed after hearing testimony is insufficient evidence or lack of legal basis for the case.", "reason": "Based on the knowledge provided, the likely cause for a court case being dismissed after hearing testimony is due to insufficient evidence or lack of legal basis for the case.", "answer": 1, "retrieved_documents": [{"content": "A likely cause for a court case being dismissed after hearing testimony is insufficient evidence or lack of legal basis for the case.", "metadata": {"source": "knowledge/tmp.txt", "confidence": 0.8}, "score": 0.2566176652908325}, {"content": "The victim was going to testify or give a statement in court.", "metadata": {"source": "knowledge/tmp.txt", "confidence": 0.9}, "score": 1.0567169189453125}, {"content": "The juror was conveying he was hearing testimony by nodding or making occasional eye contact.", "metadata": {"source": "knowledge/tmp.txt", "confidence": 0.8}, "score": 1.1889421939849854}, {"content": "He was found guilty of perjury.", "metadata": {"source": "knowledge/tmp.txt", "confidence": 0.8}, "score": 1.1953099966049194}], "question": "Question:\nIf a court case is dismissed after hearing testimony, what would be a likely cause?\n\nCandidate Answers:\n1: change of heart\n2: anguish\n3: anger\n4: boredom\n5: anxiety\n\n\nThere is only one correct option. Therefore, you must choose the answer that is most likely to be correct from all candidate answers.\nYour response should only contain the number of the chosen answer. Your response cannot contain any textual content.\n", "soft_refusal": false, "hard_refusal": false}