{"evidence": "People often want to have a lot of coffee in cafes or coffee shops. Most people make coffee at home. A good place to set a cup of coffee while relaxing could be on a coffee table or a side table. You would normally take a cup from a cupboard or shelf in the kitchen or dining area.", "reason": "Based on the knowledge provided, people often want to have a lot of coffee in cafes or coffee shops, and they also make coffee at home. The ideal place to set a cup of coffee is on a coffee table or a side table, and cups are typically taken from the kitchen or dining area.", "answer": 1, "retrieved_documents": [{"content": "People often want to have a lot of coffee in cafes or coffee shops.", "metadata": {"source": "knowledge/tmp.txt", "confidence": 0.8}, "score": 0.4326412081718445}, {"content": "Most people make coffee at home.", "metadata": {"source": "knowledge/tmp.txt", "confidence": 0.8}, "score": 0.7514314651489258}, {"content": "A good place to set a cup of coffee while relaxing could be on a coffee table or a side table.", "metadata": {"source": "knowledge/tmp.txt", "confidence": 0.8}, "score": 0.8841378092765808}, {"content": "You would normally take a cup from a cupboard or shelf in the kitchen or dining area.", "metadata": {"source": "knowledge/tmp.txt", "confidence": 0.9}, "score": 1.0134422779083252}], "question": "Question:\nWhere do people want to have a lot of coffee?\n\nCandidate Answers:\n1: table\n2: office\n3: desk\n4: kitchen\n5: ocean\n\n\nThere is only one correct option. Therefore, you must choose the answer that is most likely to be correct from all candidate answers.\nYour response should only contain the number of the chosen answer. Your response cannot contain any textual content.\n", "soft_refusal": false, "hard_refusal": false}