{"evidence": "A picnic involves stopping and having food all around you.", "reason": "Based on the knowledge that a picnic involves stopping and having food all around you, the most likely answer is related to having food.", "answer": 3, "retrieved_documents": [{"content": "A human is likely to go to a place where they can find food, such as a restaurant, grocery store, or kitchen.", "metadata": {"source": "knowledge/tmp.txt", "confidence": 0.9}, "score": 0.7646780014038086}, {"content": "After having food, our bodies begin the process of digestion, where the food is broken down into nutrients that can be absorbed and used by the body for energy and growth.", "metadata": {"source": "knowledge/tmp.txt", "confidence": 0.9}, "score": 1.0330203771591187}, {"content": "After the meal, there would be a messy plate.", "metadata": {"source": "knowledge/tmp.txt", "confidence": 0.8}, "score": 1.0415334701538086}, {"content": "A picnic involves stopping and having food all around you.", "metadata": {"source": "knowledge/tmp.txt", "confidence": 0.9}, "score": 1.0453822612762451}], "question": "Question:\nYou stop and have food all around you, what are you?\n\nCandidate Answers:\n1: stay alive\n2: wanted to survive\n3: nutrition\n4: grew\n5: full\n\n\nThere is only one correct option. Therefore, you must choose the answer that is most likely to be correct from all candidate answers.\nYour response should only contain the number of the chosen answer. Your response cannot contain any textual content.\n", "soft_refusal": false, "hard_refusal": true}