{"evidence": "James and his friend wanted to relax and take it easy.", "reason": "Based on the evidence provided, James and his friend wanted to relax and take it easy, indicating that they just wanted relaxation.", "answer": 1, "retrieved_documents": [{"content": "James and his friend wanted to relax and take it easy.", "metadata": {"source": "knowledge/tmp.txt", "confidence": 0.8}, "score": 0.9868859648704529}, {"content": "It is unclear what she wanted to do with the man as the question is vague and lacks context.", "metadata": {"source": "knowledge/tmp.txt", "confidence": 0.5}, "score": 1.0151838064193726}, {"content": "Brad tried to arise from bed but he could not. Instead, he just continued to do what?", "metadata": {"source": "knowledge/tmp.txt", "confidence": 1.0}, "score": 1.0539361238479614}, {"content": "James is carrying a duffel bag with him because he doesn't have a vehicle of his own and needs a bag to carry his things in while he uses public transportation.", "metadata": {"source": "knowledge/tmp.txt", "confidence": 0.8}, "score": 1.056990623474121}], "question": "Question:\nJames was meeting a friend.  They had planed a slow day. They didn't want to do much.  They just wanted what?\n\nCandidate Answers:\n1: relaxation\n2: panic\n3: alarm\n4: joy\n5: cheer\n\n\nThere is only one correct option. Therefore, you must choose the answer that is most likely to be correct from all candidate answers.\nYour response should only contain the number of the chosen answer. Your response cannot contain any textual content.\n", "soft_refusal": false, "hard_refusal": true}