{"evidence": "The car he considered purchasing was fuel-efficient. A well used toy car is likely to be found in a child's play area or in a toy box. A used car, if purchased, is hoped to function properly and meet transportation needs.", "reason": "Based on the knowledge provided, the man considered purchasing the car because he needed something small and fuel-efficient.", "answer": null, "retrieved_documents": [{"content": "The car he considered purchasing was fuel-efficient.", "metadata": {"source": "knowledge/tmp.txt", "confidence": 0.7}, "score": 1.129014253616333}, {"content": "A well used toy car is likely to be found in a child's play area or in a toy box.", "metadata": {"source": "knowledge/tmp.txt", "confidence": 0.8}, "score": 1.134782314300537}, {"content": "A used car, if purchased, is hoped to function properly and meet transportation needs.", "metadata": {"source": "knowledge/tmp.txt", "confidence": 0.8}, "score": 1.1408319473266602}, {"content": "The man was likely catching draining motor oil in the garage or driveway at home.", "metadata": {"source": "knowledge/tmp.txt", "confidence": 0.8}, "score": 1.2777469158172607}], "question": "Question:\nThe car's steering seem quite loose, but he still considered purchasing it because he needed something small and what?\n\nCandidate Answers:\n1: sturdy\n2: faithful\n3: bound\n4: compact\n5: packaged\n\n\nThere is only one correct option. Therefore, you must choose the answer that is most likely to be correct from all candidate answers.\nYour response should only contain the number of the chosen answer. Your response cannot contain any textual content.\n", "soft_refusal": true, "hard_refusal": true}