{"evidence": "The cat kept pestering its owner because it was feeding time.", "reason": "Based on the evidence provided, the cat was pestering its owner because it was hungry.", "answer": 3, "retrieved_documents": [{"content": "The cat kept pestering its owner because it was feeding time.", "metadata": {"source": "knowledge/tmp.txt", "confidence": 0.8}, "score": 0.8151107430458069}, {"content": "The person in the cat's actions are unclear due to a typographical error or confusion in the sentence.", "metadata": {"source": "knowledge/tmp.txt", "confidence": 0.7}, "score": 0.965126633644104}, {"content": "Joe's cat might have jumped into a hot oven or stove.", "metadata": {"source": "knowledge/tmp.txt", "confidence": 0.7}, "score": 0.9753550887107849}, {"content": "Brad tried to arise from bed but he could not. Instead, he just continued to do what?", "metadata": {"source": "knowledge/tmp.txt", "confidence": 1.0}, "score": 1.034106731414795}], "question": "Question:\nThe cat kept pestering it's owner, it was that time of the day and it was what?\n\nCandidate Answers:\n1: litter tray\n2: whiskers\n3: hungry\n4: feline\n5: thirsty\n\n\nThere is only one correct option. Therefore, you must choose the answer that is most likely to be correct from all candidate answers.\nYour response should only contain the number of the chosen answer. Your response cannot contain any textual content.\n", "soft_refusal": false, "hard_refusal": true}