{"evidence": "John might live in a country estate or a manor house.", "reason": "Based on the knowledge that John might live in a country estate or manor house, it is likely that he would live in a place like England where such properties are common.", "answer": 1, "retrieved_documents": [{"content": "John might have been in a location on the east coast where foxes are commonly found, such as the United States or Canada.", "metadata": {"source": "knowledge/tmp.txt", "confidence": 0.7}, "score": 0.43389225006103516}, {"content": "John might live in a country estate or a manor house.", "metadata": {"source": "knowledge/tmp.txt", "confidence": 0.8}, "score": 0.6021796464920044}, {"content": "John lived in an unknown location.", "metadata": {"source": "knowledge/tmp.txt", "confidence": 0.0}, "score": 0.6197746396064758}, {"content": "Foxes are found in a variety of habitats including forests, grasslands, mountains, and deserts.", "metadata": {"source": "knowledge/tmp.txt", "confidence": 0.8}, "score": 0.9706809520721436}], "question": "Question:\nJohn was an aristocratic fox hunter.  Where might he live?\n\nCandidate Answers:\n1: england\n2: new hampshire\n3: street\n4: arkansas\n5: north dakota\n\n\nThere is only one correct option. Therefore, you must choose the answer that is most likely to be correct from all candidate answers.\nYour response should only contain the number of the chosen answer. Your response cannot contain any textual content.\n", "soft_refusal": false, "hard_refusal": false}