{"evidence": "Literature is usually kept on bookshelves or in libraries. A backpack or a book sleeve can be used to store a book while traveling.", "reason": "Based on the knowledge provided, literature is typically kept on bookshelves or in libraries, so the most likely answer is where books are stored.", "answer": 4, "retrieved_documents": [{"content": "Literature is usually kept on bookshelves or in libraries.", "metadata": {"source": "knowledge/tmp.txt", "confidence": 0.9}, "score": 0.32921043038368225}, {"content": "A good place to store pamphlets in your home or office is in a filing cabinet or a designated drawer.", "metadata": {"source": "knowledge/tmp.txt", "confidence": 0.8}, "score": 0.8049303889274597}, {"content": "A backpack or a book sleeve can be used to store a book while traveling.", "metadata": {"source": "knowledge/tmp.txt", "confidence": 0.9}, "score": 0.9347513914108276}, {"content": "A library is a room where you would find many bookcases and is used for contemplation.", "metadata": {"source": "knowledge/tmp.txt", "confidence": 0.9}, "score": 0.9740968346595764}], "question": "Question:\nWhere does one usually keep literature?\n\nCandidate Answers:\n1: books and magazines\n2: own home\n3: kitchen\n4: shelf\n5: meeting\n\n\nThere is only one correct option. Therefore, you must choose the answer that is most likely to be correct from all candidate answers.\nYour response should only contain the number of the chosen answer. Your response cannot contain any textual content.\n", "soft_refusal": false, "hard_refusal": false}