{"evidence": "A split keyboard is made up of one or more pipe divisions.", "reason": "Based on the knowledge provided, a split keyboard is the type of keyboard made up of one or more pipe divisions.", "answer": 2, "retrieved_documents": [{"content": "A split keyboard is made up of one or more pipe divisions.", "metadata": {"source": "knowledge/tmp.txt", "confidence": 0.8}, "score": 0.3173764944076538}, {"content": "A typewriter uses a ribbon to put words on paper.", "metadata": {"source": "knowledge/tmp.txt", "confidence": 0.9}, "score": 1.2478989362716675}, {"content": "A ruler would be placed on the tabletop of a table.", "metadata": {"source": "knowledge/tmp.txt", "confidence": 0.9}, "score": 1.308924913406372}, {"content": "The end of the barrel of a matchlock musket is bell shaped.", "metadata": {"source": "knowledge/tmp.txt", "confidence": 0.8}, "score": 1.3483891487121582}], "question": "Question:\nWHat type of keyboard is made up of one or more pipe divisions?\n\nCandidate Answers:\n1: killing\n2: typewriter\n3: office\n4: terminal\n5: organ\n\n\nThere is only one correct option. Therefore, you must choose the answer that is most likely to be correct from all candidate answers.\nYour response should only contain the number of the chosen answer. Your response cannot contain any textual content.\n", "soft_refusal": false, "hard_refusal": false}