{"evidence": "Bob the lizard probably lives in a tropical rainforest or a wetland area. Lizards are likely to be found in warm and dry geographic areas such as deserts, grasslands, and rocky areas.", "reason": "Based on the knowledge provided, Bob the lizard is likely to live in a warm and wet environment, such as a tropical rainforest.", "answer": 2, "retrieved_documents": [{"content": "Bob the lizard probably lives in a tropical rainforest or a wetland area.", "metadata": {"source": "knowledge/tmp.txt", "confidence": 0.8}, "score": 0.250068724155426}, {"content": "Lizards are likely to be found in warm and dry geographic areas such as deserts, grasslands, and rocky areas.", "metadata": {"source": "knowledge/tmp.txt", "confidence": 0.8}, "score": 0.8000341653823853}, {"content": "Joe, being a squirrel, probably lives in a forest or wooded area.", "metadata": {"source": "knowledge/tmp.txt", "confidence": 0.8}, "score": 0.9309405088424683}, {"content": "Bob is in a natural environment, such as a park or forest.", "metadata": {"source": "knowledge/tmp.txt", "confidence": 0.8}, "score": 0.9414200782775879}], "question": "Question:\nBob the lizard lives in a warm place with lots of water.  Where does he probably live?\n\nCandidate Answers:\n1: rock\n2: tropical rainforest\n3: jazz club\n4: new mexico\n5: rocky places\n\n\nThere is only one correct option. Therefore, you must choose the answer that is most likely to be correct from all candidate answers.\nYour response should only contain the number of the chosen answer. Your response cannot contain any textual content.\n", "soft_refusal": false, "hard_refusal": false}