{"evidence": "You can borrow furniture from friends, family, or rental companies.", "reason": "Based on the knowledge that furniture can be borrowed from friends, family, or rental companies, it is likely that borrowing furniture from a neighbor's house is a possible option.", "answer": 2, "retrieved_documents": [{"content": "You can borrow furniture from friends, family, or rental companies.", "metadata": {"source": "knowledge/tmp.txt", "confidence": 0.9}, "score": 0.4021996259689331}, {"content": "You can go to furniture stores or home decor stores to find a new ottoman.", "metadata": {"source": "knowledge/tmp.txt", "confidence": 0.8}, "score": 1.0315624475479126}, {"content": "It might be hard to get furniture to remote or isolated areas.", "metadata": {"source": "knowledge/tmp.txt", "confidence": 0.8}, "score": 1.0707439184188843}, {"content": "A side table is normally found near a side chair.", "metadata": {"source": "knowledge/tmp.txt", "confidence": 0.9}, "score": 1.113463282585144}], "question": "Question:\nWhere would you borrow furniture if you do not have any?\n\nCandidate Answers:\n1: sewer\n2: neighbor's house\n3: apartment\n4: room\n5: floor\n\n\nThere is only one correct option. Therefore, you must choose the answer that is most likely to be correct from all candidate answers.\nYour response should only contain the number of the chosen answer. Your response cannot contain any textual content.\n", "soft_refusal": false, "hard_refusal": false}