{"evidence": "For an animal and its offspring to continue living, the animal must reproduce successfully and provide care for its offspring.", "reason": "The evidence clearly states that for an animal and its offspring to continue living, the animal must reproduce successfully.", "answer": 3, "retrieved_documents": [{"content": "For an animal and its offspring to continue living, the animal must reproduce successfully and provide care for its offspring.", "metadata": {"source": "knowledge/tmp.txt", "confidence": 0.9}, "score": 0.41686299443244934}, {"content": "When wildlife reproduce we often refer to what comes out as offspring.", "metadata": {"source": "knowledge/tmp.txt", "confidence": 0.9}, "score": 0.79325270652771}, {"content": "At birth, a living being takes its first breath and begins to adapt to its new environment.", "metadata": {"source": "knowledge/tmp.txt", "confidence": 0.8}, "score": 0.9068836569786072}, {"content": "Animals will digest the food to extract nutrients and energy for their bodies.", "metadata": {"source": "knowledge/tmp.txt", "confidence": 0.9}, "score": 1.119982123374939}], "question": "Question:\nWhat must happen for an animal to and it's offspring to continue livng?\n\nCandidate Answers:\n1: death\n2: flying\n3: reproducing\n4: food consumed\n5: eventually die\n\n\nThere is only one correct option. Therefore, you must choose the answer that is most likely to be correct from all candidate answers.\nYour response should only contain the number of the chosen answer. Your response cannot contain any textual content.\n", "soft_refusal": false, "hard_refusal": false}