{"evidence": "If your date does not show up, it is advisable to try to contact them to check if everything is okay. If there is no response, waiting for a reasonable amount of time before considering other plans or rescheduling is recommended.", "reason": "The evidence provided in the knowledge base clearly states that if your date does not show up, you should try to contact them and wait for a reasonable amount of time before making other plans.", "answer": 1, "retrieved_documents": [{"content": "If your date does not show up, it is advisable to try to contact them to check if everything is okay. If there is no response, waiting for a reasonable amount of time before considering other plans or rescheduling is recommended.", "metadata": {"source": "knowledge/tmp.txt", "confidence": 0.8}, "score": 0.6177574992179871}, {"content": "You could go to a park, a restaurant, a movie theater, or a bowling alley.", "metadata": {"source": "knowledge/tmp.txt", "confidence": 0.8}, "score": 1.26952064037323}, {"content": "Before going to the bar, you might go to a restaurant or a friend's house.", "metadata": {"source": "knowledge/tmp.txt", "confidence": 0.8}, "score": 1.3904293775558472}, {"content": "She would cook for him", "metadata": {"source": "knowledge/tmp.txt", "confidence": 0.8}, "score": 1.4312745332717896}], "question": "Question:\nWhat would you do if your date does not show up?\n\nCandidate Answers:\n1: wait for\n2: bathe\n3: go for haircut\n4: plan revenge\n5: dress nice\n\n\nThere is only one correct option. Therefore, you must choose the answer that is most likely to be correct from all candidate answers.\nYour response should only contain the number of the chosen answer. Your response cannot contain any textual content.\n", "soft_refusal": false, "hard_refusal": true}