{"evidence": "August needed money to pay rent or mortgage. He began doing housework to get his house in order and clean. He made new money making shrewd trades in the stock market. He had a belief that he would get away with it.", "reason": "From the evidence provided, it is clear that August needed money to pay rent or mortgage, indicating that he needed money to pay bills.", "answer": 2, "retrieved_documents": [{"content": "August needed money to pay rent or mortgage.", "metadata": {"source": "knowledge/tmp.txt", "confidence": 0.8}, "score": 0.6895753145217896}, {"content": "He began doing housework to get his house in order and clean.", "metadata": {"source": "knowledge/tmp.txt", "confidence": 0.9}, "score": 1.1660523414611816}, {"content": "He made new money making shrewd trades in the stock market.", "metadata": {"source": "knowledge/tmp.txt", "confidence": 0.8}, "score": 1.1780816316604614}, {"content": "He had a belief that he would get away with it", "metadata": {"source": "knowledge/tmp.txt", "confidence": 0.8}, "score": 1.1782810688018799}], "question": "Question:\nAugust needed  money because he was afraid that he'd be kicked out of his house.  What did he need money to do?\n\nCandidate Answers:\n1: control people\n2: pay bills\n3: hurt people\n4: buy food\n5: get things\n\n\nThere is only one correct option. Therefore, you must choose the answer that is most likely to be correct from all candidate answers.\nYour response should only contain the number of the chosen answer. Your response cannot contain any textual content.\n", "soft_refusal": false, "hard_refusal": true}