{"evidence": "The sun could shine in. Clouds block sunshine by absorbing or reflecting sunlight.", "reason": "Based on the knowledge that the sun could shine in and that clouds block sunshine, it is likely that Brawn opened the curtains so that the sun could shine brightly.", "answer": 4, "retrieved_documents": [{"content": "The sun could shine in.", "metadata": {"source": "knowledge/tmp.txt", "confidence": 0.8}, "score": 0.9596074819564819}, {"content": "Brad tried to arise from bed but he could not. Instead, he just continued to do what?", "metadata": {"source": "knowledge/tmp.txt", "confidence": 1.0}, "score": 1.128104329109192}, {"content": "Clouds block sunshine by absorbing or reflecting sunlight.", "metadata": {"source": "knowledge/tmp.txt", "confidence": 0.9}, "score": 1.1800671815872192}, {"content": "The string began at the kite", "metadata": {"source": "knowledge/tmp.txt", "confidence": 1.0}, "score": 1.1832102537155151}], "question": "Question:\nBrawn opened the curtains so that the sun could do what?\n\nCandidate Answers:\n1: dry clothes\n2: warm house\n3: warm room\n4: shine brightly\n5: get dark\n\n\nThere is only one correct option. Therefore, you must choose the answer that is most likely to be correct from all candidate answers.\nYour response should only contain the number of the chosen answer. Your response cannot contain any textual content.\n", "soft_refusal": false, "hard_refusal": true}