{"evidence": "Clouds float in the atmosphere, which is a mixture of gases primarily composed of nitrogen and oxygen.", "reason": "Based on the knowledge that clouds float in the atmosphere, we can infer that clouds float in the air.", "answer": 3, "retrieved_documents": [{"content": "Clouds float in the atmosphere, which is a mixture of gases primarily composed of nitrogen and oxygen.", "metadata": {"source": "knowledge/tmp.txt", "confidence": 0.9}, "score": 0.4609718322753906}, {"content": "The water in clouds turns into ice crystals when it gets cold.", "metadata": {"source": "knowledge/tmp.txt", "confidence": 0.9}, "score": 0.7848566770553589}, {"content": "A snowflake forms in a cloud when water vapor condenses and freezes around a dust particle.", "metadata": {"source": "knowledge/tmp.txt", "confidence": 0.9}, "score": 0.9872339367866516}, {"content": "Clouds block sunshine by absorbing or reflecting sunlight.", "metadata": {"source": "knowledge/tmp.txt", "confidence": 0.9}, "score": 1.0453853607177734}], "question": "Question:\nIn what substance do clouds float?\n\nCandidate Answers:\n1: sky\n2: top of mountain\n3: air\n4: ground level\n5: outer space\n\n\nThere is only one correct option. Therefore, you must choose the answer that is most likely to be correct from all candidate answers.\nYour response should only contain the number of the chosen answer. Your response cannot contain any textual content.\n", "soft_refusal": false, "hard_refusal": false}