{"evidence": "The large area location of the empire state building is in New York City, USA", "reason": "Based on the knowledge that the empire state building is located in New York City, the correct answer is the option that mentions New York City.", "answer": 5, "retrieved_documents": [{"content": "The large area location of the empire state building is in New York City, USA", "metadata": {"source": "knowledge/tmp.txt", "confidence": 1.0}, "score": 0.3999483287334442}, {"content": "A public monument is likely to be erected in a prominent location within a city, such as a park, square, or historical site.", "metadata": {"source": "knowledge/tmp.txt", "confidence": 0.9}, "score": 1.1146082878112793}, {"content": "A storey containing a panoramic view would be in a building or a skyscraper.", "metadata": {"source": "knowledge/tmp.txt", "confidence": 0.8}, "score": 1.1196575164794922}, {"content": "Skyscrapers have the most top floor.", "metadata": {"source": "knowledge/tmp.txt", "confidence": 0.9}, "score": 1.1540940999984741}], "question": "Question:\nWhere is the large area location of the empire state building?\n\nCandidate Answers:\n1: manhattan\n2: office\n3: the city\n4: fifth avenue\n5: new york city\n\n\nThere is only one correct option. Therefore, you must choose the answer that is most likely to be correct from all candidate answers.\nYour response should only contain the number of the chosen answer. Your response cannot contain any textual content.\n", "soft_refusal": false, "hard_refusal": false}