{"evidence": "Many people needed to move to urban areas or cities. People live in various places such as houses, apartments, villages, towns, and cities. A house outside the center of a community is said to be in a suburban area. John might live in a country estate or a manor house.", "reason": "Based on the knowledge provided, people who wanted to leave their country estates would most likely need to move to a city.", "answer": 4, "retrieved_documents": [{"content": "Many people needed to move to urban areas or cities.", "metadata": {"source": "knowledge/tmp.txt", "confidence": 0.9}, "score": 0.8893449306488037}, {"content": "People live in various places such as houses, apartments, villages, towns, and cities.", "metadata": {"source": "knowledge/tmp.txt", "confidence": 0.9}, "score": 1.001739263534546}, {"content": "A house outside the center of a community is said to be in a suburban area.", "metadata": {"source": "knowledge/tmp.txt", "confidence": 0.8}, "score": 1.0186604261398315}, {"content": "John might live in a country estate or a manor house.", "metadata": {"source": "knowledge/tmp.txt", "confidence": 0.8}, "score": 1.074765920639038}], "question": "Question:\nMany people wanted to leave their country estates for row houses, what did they need to move to?\n\nCandidate Answers:\n1: living less expensively\n2: england\n3: prison\n4: city\n5: town\n\n\nThere is only one correct option. Therefore, you must choose the answer that is most likely to be correct from all candidate answers.\nYour response should only contain the number of the chosen answer. Your response cannot contain any textual content.\n", "soft_refusal": false, "hard_refusal": true}