{"evidence": "Someone can get a new saw at hardware stores, home improvement stores, online retailers, or specialty tool shops.", "reason": "Based on the knowledge provided, the options for obtaining a new saw are hardware stores, home improvement stores, online retailers, or specialty tool shops.", "answer": 1, "retrieved_documents": [{"content": "Someone can get a new saw at hardware stores, home improvement stores, online retailers, or specialty tool shops.", "metadata": {"source": "knowledge/tmp.txt", "confidence": 0.9}, "score": 0.3102427124977112}, {"content": "You can buy a replacement ax handle at hardware stores, online retailers, or specialty tool shops.", "metadata": {"source": "knowledge/tmp.txt", "confidence": 0.8}, "score": 1.0065128803253174}, {"content": "You can purchase knives from stores that sell kitchen supplies, outdoor equipment stores, or online retailers.", "metadata": {"source": "knowledge/tmp.txt", "confidence": 0.8}, "score": 1.0673344135284424}, {"content": "You can obtain wood from a hardware store, lumberyard, or by cutting down trees in a forest.", "metadata": {"source": "knowledge/tmp.txt", "confidence": 0.9}, "score": 1.1745563745498657}], "question": "Question:\nWhere can someone get a new saw?\n\nCandidate Answers:\n1: hardware store\n2: toolbox\n3: logging camp\n4: tool kit\n5: auger\n\n\nThere is only one correct option. Therefore, you must choose the answer that is most likely to be correct from all candidate answers.\nYour response should only contain the number of the chosen answer. Your response cannot contain any textual content.\n", "soft_refusal": false, "hard_refusal": false}