{"evidence": "The knowledge base includes information about where to buy clothes, such as clothing stores, department stores, shopping malls, and online retailers.", "reason": "Based on the knowledge base provided, the most likely place to go if you want to buy some clothes would be a clothing store, department store, shopping mall, or online retailer.", "answer": 1, "retrieved_documents": [{"content": "You would go to a clothing store or a department store.", "metadata": {"source": "knowledge/tmp.txt", "confidence": 1.0}, "score": 0.6190691590309143}, {"content": "Many stores with clothing can be found in shopping malls, department stores, and retail districts.", "metadata": {"source": "knowledge/tmp.txt", "confidence": 0.9}, "score": 0.6437956094741821}, {"content": "You can get jeans and other wearable items from clothing stores, department stores, online retailers, or specialty boutiques.", "metadata": {"source": "knowledge/tmp.txt", "confidence": 0.9}, "score": 0.6832188963890076}, {"content": "You can buy jeans at a shopping mall or department store.", "metadata": {"source": "knowledge/tmp.txt", "confidence": 0.8}, "score": 0.7444945573806763}], "question": "Question:\nWhere would you go if you want to buy some clothes?\n\nCandidate Answers:\n1: mall\n2: grocery store\n3: grocery store\n4: shop\n5: supermarket\n\n\nThere is only one correct option. Therefore, you must choose the answer that is most likely to be correct from all candidate answers.\nYour response should only contain the number of the chosen answer. Your response cannot contain any textual content.\n", "soft_refusal": false, "hard_refusal": false}