{"evidence": "The knowledge base mentions that one might be watching TV instead of doing something else because they find it entertaining, relaxing, or informative.", "reason": "Based on the knowledge base, the woman is likely watching television to relax and unwind, which aligns with the options of entertainment and relaxation.", "answer": 5, "retrieved_documents": [{"content": "Her goal is to relax and unwind", "metadata": {"source": "knowledge/tmp.txt", "confidence": 0.8}, "score": 0.7186475396156311}, {"content": "One might be watching TV instead of doing something else because they find it entertaining, relaxing, or informative.", "metadata": {"source": "knowledge/tmp.txt", "confidence": 0.8}, "score": 1.0425540208816528}, {"content": "It is unclear what she wanted to do with the man as the question is vague and lacks context.", "metadata": {"source": "knowledge/tmp.txt", "confidence": 0.5}, "score": 1.1518136262893677}, {"content": "The goal of a person going to bed is likely to rest and sleep.", "metadata": {"source": "knowledge/tmp.txt", "confidence": 0.9}, "score": 1.2292155027389526}], "question": "Question:\nThe woman is watching television and trying to forget her day, what is her goal?\n\nCandidate Answers:\n1: entertainment\n2: falling asleep\n3: getting fat\n4: crying\n5: relaxation\n\n\nThere is only one correct option. Therefore, you must choose the answer that is most likely to be correct from all candidate answers.\nYour response should only contain the number of the chosen answer. Your response cannot contain any textual content.\n", "soft_refusal": false, "hard_refusal": true}