{"evidence": "Going public about a common problem can gain sympathy and support from the public for a celebrity.", "reason": "The evidence clearly states that going public about a common problem can lead to gaining sympathy and support from the public for a celebrity.", "answer": 1, "retrieved_documents": [{"content": "Going public about a common problem can gain sympathy and support from the public for a celebrity.", "metadata": {"source": "knowledge/tmp.txt", "confidence": 0.8}, "score": 0.2015100121498108}, {"content": "People may stop caring about their problems due to feeling overwhelmed, lack of support, or feeling hopeless.", "metadata": {"source": "knowledge/tmp.txt", "confidence": 0.8}, "score": 1.238064169883728}, {"content": "The person with mental illness has likely received treatment to help manage their symptoms and improve their overall well-being.", "metadata": {"source": "knowledge/tmp.txt", "confidence": 0.9}, "score": 1.2981898784637451}, {"content": "Writers with a great bestseller can amass a large fortune.", "metadata": {"source": "knowledge/tmp.txt", "confidence": 0.8}, "score": 1.3164440393447876}], "question": "Question:\nGoing public about a common problem can gain what for a celebrity?\n\nCandidate Answers:\n1: wide acceptance\n2: a degree\n3: pain\n4: getting high\n5: press coverage\n\n\nThere is only one correct option. Therefore, you must choose the answer that is most likely to be correct from all candidate answers.\nYour response should only contain the number of the chosen answer. Your response cannot contain any textual content.\n", "soft_refusal": false, "hard_refusal": false}