{"evidence": "The audience was most likely watching the performance in a concert hall or theater. They might have been in a movie theater or a similar venue where it would be dangerous to move around in the dark.", "reason": "Based on the evidence provided, the audience was most likely in a concert hall or theater where it would be dangerous to move around in the dark.", "answer": 2, "retrieved_documents": [{"content": "They might have been in a movie theater or a similar venue where it would be dangerous to move around in the dark.", "metadata": {"source": "knowledge/tmp.txt", "confidence": 0.8}, "score": 0.7037574648857117}, {"content": "The audience was most likely watching the performance in a concert hall or theater.", "metadata": {"source": "knowledge/tmp.txt", "confidence": 0.8}, "score": 1.161759376525879}, {"content": "To get out of there the person had to keep on walking.", "metadata": {"source": "knowledge/tmp.txt", "confidence": 1.0}, "score": 1.2175594568252563}, {"content": "The stage they were about to take was the theater stage.", "metadata": {"source": "knowledge/tmp.txt", "confidence": 0.8}, "score": 1.231318473815918}], "question": "Question:\nThe electricity went out and everyone was shrouded in darkness.  They all remained in their seats, because it would have been dangerous to try to find there way out.  Where mihgt they have been?\n\nCandidate Answers:\n1: opera\n2: concert\n3: basement\n4: bedroom\n5: grand canyon\n\n\nThere is only one correct option. Therefore, you must choose the answer that is most likely to be correct from all candidate answers.\nYour response should only contain the number of the chosen answer. Your response cannot contain any textual content.\n", "soft_refusal": false, "hard_refusal": true}