{"evidence": "A niece limb needs to be added to the family tree if someone found out their brother was having a daughter.", "reason": "The evidence clearly states that if someone's brother is having a daughter, they would need to add a niece limb to the family tree.", "answer": 4, "retrieved_documents": [{"content": "A niece limb needs to be added to the family tree if someone found out their brother was having a daughter.", "metadata": {"source": "knowledge/tmp.txt", "confidence": 0.9}, "score": 0.2405584752559662}, {"content": "You would run into a niece you only see every once in a while at a family gathering or event.", "metadata": {"source": "knowledge/tmp.txt", "confidence": 0.8}, "score": 1.1143109798431396}, {"content": "This question does not have a factual answer as it seems to be a hypothetical or creative scenario.", "metadata": {"source": "knowledge/tmp.txt", "confidence": 0.0}, "score": 1.2838107347488403}, {"content": "She would cook for him", "metadata": {"source": "knowledge/tmp.txt", "confidence": 0.8}, "score": 1.3631923198699951}], "question": "Question:\nIf someone found out their brother was having a daughter, they would have to add a niece limb to the what?\n\nCandidate Answers:\n1: family picture book\n2: family reunion\n3: brother's house\n4: family tree\n5: baby shower\n\n\nThere is only one correct option. Therefore, you must choose the answer that is most likely to be correct from all candidate answers.\nYour response should only contain the number of the chosen answer. Your response cannot contain any textual content.\n", "soft_refusal": false, "hard_refusal": false}