{"evidence": "The bank teller tried to convince the criminal that there were other ways in life and this was not the right path.", "reason": "Based on the evidence provided, the bank teller tried to convince the criminal that there were other ways in life and this was not the right path, indicating that the criminal should not do the crime.", "answer": 3, "retrieved_documents": [{"content": "The bank teller tried to convince the criminal that there were other ways in life and this was not the right path.", "metadata": {"source": "knowledge/tmp.txt", "confidence": 0.8}, "score": 0.3295915126800537}, {"content": "He had a belief that he would get away with it", "metadata": {"source": "knowledge/tmp.txt", "confidence": 0.8}, "score": 1.028348445892334}, {"content": "Brad tried to arise from bed but he could not. Instead, he just continued to do what?", "metadata": {"source": "knowledge/tmp.txt", "confidence": 1.0}, "score": 1.2030292749404907}, {"content": "A person might be watching a scene from a movie or a TV show where a character is involved in illegal activities such as robbery or money laundering.", "metadata": {"source": "knowledge/tmp.txt", "confidence": 0.8}, "score": 1.227726936340332}], "question": "Question:\nThe criminal insisted he must do the crime to the bank teller, but she tried to convince him there were other ways in life and this was what?\n\nCandidate Answers:\n1: willing\n2: optional\n3: should not\n4: have to\n5: unnecessary\n\n\nThere is only one correct option. Therefore, you must choose the answer that is most likely to be correct from all candidate answers.\nYour response should only contain the number of the chosen answer. Your response cannot contain any textual content.\n", "soft_refusal": false, "hard_refusal": false}