{"evidence": "Sage loved communicating with his peers by talking and sharing ideas. Conversation is the term used when you are talking to someone. A person is likely to communicate with others through verbal and non-verbal means such as speaking, writing, gestures, facial expressions, and body language.", "reason": "Based on the evidence provided, Sage loved communicating with his peers by talking and sharing ideas, which indicates that he liked exchanging ideas with them.", "answer": 1, "retrieved_documents": [{"content": "Sage loved communicating with his peers by talking and sharing ideas.", "metadata": {"source": "knowledge/tmp.txt", "confidence": 0.8}, "score": 0.39678117632865906}, {"content": "Conversation is the term used when you are talking to someone.", "metadata": {"source": "knowledge/tmp.txt", "confidence": 1.0}, "score": 1.2043575048446655}, {"content": "A person is likely to communicate with others through verbal and non-verbal means such as speaking, writing, gestures, facial expressions, and body language.", "metadata": {"source": "knowledge/tmp.txt", "confidence": 1.0}, "score": 1.2286876440048218}, {"content": "Engaging in conversations, giving speeches, participating in debates, conducting interviews, and delivering presentations are activities that involve talking.", "metadata": {"source": "knowledge/tmp.txt", "confidence": 1.0}, "score": 1.2466788291931152}], "question": "Question:\nSage loved communicating  He liked doing what with his peers?\n\nCandidate Answers:\n1: exchanging ideas\n2: confusion\n3: peer pressure\n4: response\n5: learning\n\n\nThere is only one correct option. Therefore, you must choose the answer that is most likely to be correct from all candidate answers.\nYour response should only contain the number of the chosen answer. Your response cannot contain any textual content.\n", "soft_refusal": false, "hard_refusal": false}