{"evidence": "A person might be watching a scene from a movie or a TV show where a character is involved in illegal activities such as robbery or money laundering. Traveling clothes are often kept in a suitcase or a travel bag.", "reason": "Based on the knowledge provided, a person watching a scene with a man carrying a suitcase full of money is likely to be watching a movie or a TV show depicting illegal activities.", "answer": 2, "retrieved_documents": [{"content": "A person might be watching a scene from a movie or a TV show where a character is involved in illegal activities such as robbery or money laundering.", "metadata": {"source": "knowledge/tmp.txt", "confidence": 0.8}, "score": 0.8978185057640076}, {"content": "You would put the dollar in your wallet or purse.", "metadata": {"source": "knowledge/tmp.txt", "confidence": 0.9}, "score": 1.148734211921692}, {"content": "Traveling clothes are often kept in a suitcase or a travel bag.", "metadata": {"source": "knowledge/tmp.txt", "confidence": 0.9}, "score": 1.1796138286590576}, {"content": "A gentleman carrying equipment for golf is likely to have golf clubs, golf balls, tees, a golf bag, golf gloves, and golf shoes.", "metadata": {"source": "knowledge/tmp.txt", "confidence": 0.9}, "score": 1.2033565044403076}], "question": "Question:\nWhat might a person be watching if they see a man with a suitcase full of money?\n\nCandidate Answers:\n1: baggage compartment\n2: movie\n3: subway\n4: airplane\n5: cargo hold\n\n\nThere is only one correct option. Therefore, you must choose the answer that is most likely to be correct from all candidate answers.\nYour response should only contain the number of the chosen answer. Your response cannot contain any textual content.\n", "soft_refusal": false, "hard_refusal": true}