{"evidence": "The knowledge base mentions 'His name should be put on a plaque or trophy to recognize his accomplishment.'", "reason": "Based on the knowledge that his name should be put on a plaque or trophy to recognize his accomplishment, the most appropriate answer would be a certificate.", "answer": 1, "retrieved_documents": [{"content": "His name should be put on a plaque or trophy to recognize his accomplishment.", "metadata": {"source": "knowledge/tmp.txt", "confidence": 0.8}, "score": 0.5866409540176392}, {"content": "The people were adroit at remembering the event.", "metadata": {"source": "knowledge/tmp.txt", "confidence": 0.7}, "score": 1.2175400257110596}, {"content": "The man should have taken a respectful and solemn attitude at the funeral.", "metadata": {"source": "knowledge/tmp.txt", "confidence": 0.9}, "score": 1.232650637626648}, {"content": "He hoped for success at his job.", "metadata": {"source": "knowledge/tmp.txt", "confidence": 0.8}, "score": 1.3337231874465942}], "question": "Question:\nThey wanted to recognize his accomplishment, where should they put his name?\n\nCandidate Answers:\n1: certificate\n2: directory\n3: phone book\n4: lineup\n5: roster\n\n\nThere is only one correct option. Therefore, you must choose the answer that is most likely to be correct from all candidate answers.\nYour response should only contain the number of the chosen answer. Your response cannot contain any textual content.\n", "soft_refusal": false, "hard_refusal": false}