{"evidence": "Procrastination is the term used when a person tends to leave things to the last minute.", "reason": "The knowledge base explicitly states that procrastination is the term used for leaving things to the last minute.", "answer": 1, "retrieved_documents": [{"content": "Procrastination is the term used when a person tends to leave things to the last minute.", "metadata": {"source": "knowledge/tmp.txt", "confidence": 1.0}, "score": 0.22702303528785706}, {"content": "Breaking down tasks into smaller, more manageable parts and setting specific deadlines for each part can help finish work on time despite being prone to postponing.", "metadata": {"source": "knowledge/tmp.txt", "confidence": 0.8}, "score": 0.906260073184967}, {"content": "When people think too quickly, they may make impulsive decisions or overlook important details.", "metadata": {"source": "knowledge/tmp.txt", "confidence": 0.8}, "score": 1.0961558818817139}, {"content": "People are likely to become impatient in situations where they have to wait for a long time or when they are in a hurry.", "metadata": {"source": "knowledge/tmp.txt", "confidence": 0.9}, "score": 1.1195564270019531}], "question": "Question:\nWhat is it called when a person tends to leave things to the last minute?\n\nCandidate Answers:\n1: procrastinate\n2: complete collection\n3: headache\n4: good time management\n5: have to hold\n\n\nThere is only one correct option. Therefore, you must choose the answer that is most likely to be correct from all candidate answers.\nYour response should only contain the number of the chosen answer. Your response cannot contain any textual content.\n", "soft_refusal": false, "hard_refusal": false}