{"evidence": "Jane spends a lot of time at the Capitol building. Donald likely spends a lot of time in Washington, D.C.", "reason": "Based on the evidence provided, Jane spends a lot of time at the Capitol building, which is located in Washington, D.C.", "answer": 1, "retrieved_documents": [{"content": "Jane spends a lot of time at the Capitol building.", "metadata": {"source": "knowledge/tmp.txt", "confidence": 0.9}, "score": 0.5746415853500366}, {"content": "A bureau as well as many politicians can be found in a government building or a political office.", "metadata": {"source": "knowledge/tmp.txt", "confidence": 0.8}, "score": 1.156283974647522}, {"content": "Sally might work in a school, office, or any other place where she needs to organize papers and call out names.", "metadata": {"source": "knowledge/tmp.txt", "confidence": 0.8}, "score": 1.1763564348220825}, {"content": "Donald likely spends a lot of time in Washington, D.C.", "metadata": {"source": "knowledge/tmp.txt", "confidence": 0.9}, "score": 1.1786130666732788}], "question": "Question:\nJane works for the government as a senator, where does she spend a lot of time?\n\nCandidate Answers:\n1: capitol building\n2: everything\n3: washington d.c\n4: russia\n5: canada\n\n\nThere is only one correct option. Therefore, you must choose the answer that is most likely to be correct from all candidate answers.\nYour response should only contain the number of the chosen answer. Your response cannot contain any textual content.\n", "soft_refusal": false, "hard_refusal": false}