{"evidence": "You can find a restaurant's phone number on their website, social media pages, online directories, or by calling the restaurant directly.", "reason": "The evidence clearly states where one can find a restaurant's phone number.", "answer": 5, "retrieved_documents": [{"content": "You can find a restaurant's phone number on their website, social media pages, online directories, or by calling the restaurant directly.", "metadata": {"source": "knowledge/tmp.txt", "confidence": 0.9}, "score": 0.43417689204216003}, {"content": "The place might be a hotel or a rental property.", "metadata": {"source": "knowledge/tmp.txt", "confidence": 0.7}, "score": 0.9764445424079895}, {"content": "In a hotel room, there is a telephone book in almost every room.", "metadata": {"source": "knowledge/tmp.txt", "confidence": 0.8}, "score": 1.0269949436187744}, {"content": "You could go to a city or a large urban area with a high concentration of restaurants.", "metadata": {"source": "knowledge/tmp.txt", "confidence": 0.8}, "score": 1.0506473779678345}], "question": "Question:\nWhere can you find a restaurant's phone number?\n\nCandidate Answers:\n1: yellow pages\n2: town\n3: business sector\n4: town\n5: at hotel\n\n\nThere is only one correct option. Therefore, you must choose the answer that is most likely to be correct from all candidate answers.\nYour response should only contain the number of the chosen answer. Your response cannot contain any textual content.\n", "soft_refusal": false, "hard_refusal": false}