{"evidence": "John needed to bring his violin to work because he was the first violin. A musician would use a musical instrument. Playing a violin involves fiddling on a violin. Joe might play in a band or orchestra.", "reason": "Based on the evidence provided, John needed to bring his violin to work because he was the first violin, and a musician would use a musical instrument, specifically a violin.", "answer": 5, "retrieved_documents": [{"content": "John needed to bring his violin to work because he was the first violin.", "metadata": {"source": "knowledge/tmp.txt", "confidence": 0.9}, "score": 0.5280789732933044}, {"content": "A musician would use a musical instrument.", "metadata": {"source": "knowledge/tmp.txt", "confidence": 1.0}, "score": 1.0343241691589355}, {"content": "Playing a violin involves fiddling on a violin.", "metadata": {"source": "knowledge/tmp.txt", "confidence": 1.0}, "score": 1.1066904067993164}, {"content": "Joe might play in a band or orchestra.", "metadata": {"source": "knowledge/tmp.txt", "confidence": 0.8}, "score": 1.1179217100143433}], "question": "Question:\nBecause John was first violin, he had to bring something important to work ever day. What did he need to bring to work?\n\nCandidate Answers:\n1: music store\n2: obesity\n3: symphony orchestra\n4: ochestra\n5: violin case\n\n\nThere is only one correct option. Therefore, you must choose the answer that is most likely to be correct from all candidate answers.\nYour response should only contain the number of the chosen answer. Your response cannot contain any textual content.\n", "soft_refusal": false, "hard_refusal": false}