{"evidence": "You can get a shower curtain from a department store, home goods store, or online retailer. A single shower curtain is typically found being used in a bathroom.", "reason": "Based on the knowledge provided, a shower curtain can be obtained from a department store, home goods store, or online retailer, and it is typically used in a bathroom.", "answer": 1, "retrieved_documents": [{"content": "You can get a shower curtain from a department store, home goods store, or online retailer.", "metadata": {"source": "knowledge/tmp.txt", "confidence": 0.9}, "score": 0.36343181133270264}, {"content": "A single shower curtain is typically found being used in a bathroom.", "metadata": {"source": "knowledge/tmp.txt", "confidence": 0.9}, "score": 0.6631765961647034}, {"content": "A bath towel can be borrowed from hotels, gyms, swimming pools, or some public facilities.", "metadata": {"source": "knowledge/tmp.txt", "confidence": 0.8}, "score": 0.9144020676612854}, {"content": "A rubber bath mat is usually kept in the bathroom.", "metadata": {"source": "knowledge/tmp.txt", "confidence": 0.9}, "score": 0.9651246070861816}], "question": "Question:\nWhere would you get a shower curtain if you do not have one?\n\nCandidate Answers:\n1: department store\n2: restaurant\n3: hotel\n4: dime store\n5: bathtub\n\n\nThere is only one correct option. Therefore, you must choose the answer that is most likely to be correct from all candidate answers.\nYour response should only contain the number of the chosen answer. Your response cannot contain any textual content.\n", "soft_refusal": false, "hard_refusal": false}