{"evidence": "The neighborhood had a great sense of community, there was always a crowd at the landing", "reason": "Based on the evidence provided, the landing is where the crowd gathers in the neighborhood, indicating that the correct answer is related to the landing.", "answer": 1, "retrieved_documents": [{"content": "The neighborhood had a great sense of community, there was always a crowd at the landing", "metadata": {"source": "knowledge/tmp.txt", "confidence": 0.0}, "score": 0.1431749165058136}, {"content": "A house outside the center of a community is said to be in a suburban area.", "metadata": {"source": "knowledge/tmp.txt", "confidence": 0.8}, "score": 0.9437029361724854}, {"content": "The people were adroit at remembering the event.", "metadata": {"source": "knowledge/tmp.txt", "confidence": 0.7}, "score": 1.1436254978179932}, {"content": "The hostess was good at her job, she always had a smile when she would welcome guests or greet customers", "metadata": {"source": "knowledge/tmp.txt", "confidence": 0.8}, "score": 1.2329355478286743}], "question": "Question:\nThe neighborhood had a great sense of community, there was always a crowd at the landing of the what?\n\nCandidate Answers:\n1: stairwell\n2: arena\n3: ocean\n4: airport\n5: apartment building\n\n\nThere is only one correct option. Therefore, you must choose the answer that is most likely to be correct from all candidate answers.\nYour response should only contain the number of the chosen answer. Your response cannot contain any textual content.\n", "soft_refusal": false, "hard_refusal": true}