{"evidence": "A kind person might show empathy, help others in need, listen actively, and treat others with respect and compassion. Providing assistance to those in need is generally considered a positive and empathetic act. Seeing a homeless person shivering outside your window while eating breakfast in bed may cause you to feel guilty or empathetic. The man gave assistance by offering money or other forms of help to the pan handler.", "reason": "Based on the evidence provided, a kind person is likely to help others in need, show empathy, listen actively, and treat others with respect and compassion.", "answer": 3, "retrieved_documents": [{"content": "A kind person might show empathy, help others in need, listen actively, and treat others with respect and compassion.", "metadata": {"source": "knowledge/tmp.txt", "confidence": 0.9}, "score": 0.866841197013855}, {"content": "Providing assistance to those in need is generally considered a positive and empathetic act.", "metadata": {"source": "knowledge/tmp.txt", "confidence": 0.8}, "score": 1.1096493005752563}, {"content": "Seeing a homeless person shivering outside your window while eating breakfast in bed may cause you to feel guilty or empathetic.", "metadata": {"source": "knowledge/tmp.txt", "confidence": 0.8}, "score": 1.1790708303451538}, {"content": "The man gave assistance by offering money or other forms of help to the pan handler.", "metadata": {"source": "knowledge/tmp.txt", "confidence": 0.8}, "score": 1.2146224975585938}], "question": "Question:\nWhat might a kind person do?\n\nCandidate Answers:\n1: cross street\n2: talk to themselves\n3: open doors\n4: throw away\n5: study greek\n\n\nThere is only one correct option. Therefore, you must choose the answer that is most likely to be correct from all candidate answers.\nYour response should only contain the number of the chosen answer. Your response cannot contain any textual content.\n", "soft_refusal": false, "hard_refusal": true}