{"evidence": "Most people turn to search engines like Google to get information on their phones. Access to vast amounts of information quickly. In a hotel room, there is a telephone book in almost every room. Libraries are known to be a wealth of information.", "reason": "Based on the evidence provided, it is clear that most people turn to search engines like Google to get information on their phones.", "answer": 4, "retrieved_documents": [{"content": "Most people turn to search engines like Google to get information on their phones.", "metadata": {"source": "knowledge/tmp.txt", "confidence": 0.9}, "score": 0.35959672927856445}, {"content": "Access to vast amounts of information quickly", "metadata": {"source": "knowledge/tmp.txt", "confidence": 0.8}, "score": 1.0944461822509766}, {"content": "In a hotel room, there is a telephone book in almost every room.", "metadata": {"source": "knowledge/tmp.txt", "confidence": 0.8}, "score": 1.1094868183135986}, {"content": "Libraries are known to be a wealth of information.", "metadata": {"source": "knowledge/tmp.txt", "confidence": 0.9}, "score": 1.2657767534255981}], "question": "Question:\nWhere do most people turn to get information on their phones?\n\nCandidate Answers:\n1: internet\n2: book\n3: online\n4: google\n5: manual\n\n\nThere is only one correct option. Therefore, you must choose the answer that is most likely to be correct from all candidate answers.\nYour response should only contain the number of the chosen answer. Your response cannot contain any textual content.\n", "soft_refusal": false, "hard_refusal": false}