{"evidence": "After death, the body undergoes a process called decomposition where it breaks down into simpler organic matter. Humans typically bury or cremate the bodies of deceased individuals. When someone is dead, they stop breathing, their heart stops beating, and their brain activity ceases. Your body can be a part of a funeral or burial service.", "reason": "The evidence provided clearly states that after death, the body undergoes decomposition, which is the breakdown of the body into simpler organic matter.", "answer": 4, "retrieved_documents": [{"content": "After death, the body undergoes a process called decomposition where it breaks down into simpler organic matter.", "metadata": {"source": "knowledge/tmp.txt", "confidence": 0.8}, "score": 0.47304457426071167}, {"content": "Humans typically bury or cremate the bodies of deceased individuals.", "metadata": {"source": "knowledge/tmp.txt", "confidence": 0.9}, "score": 0.7265273332595825}, {"content": "When someone is dead, they stop breathing, their heart stops beating, and their brain activity ceases.", "metadata": {"source": "knowledge/tmp.txt", "confidence": 1.0}, "score": 0.78264981508255}, {"content": "Your body can be a part of a funeral or burial service.", "metadata": {"source": "knowledge/tmp.txt", "confidence": 0.8}, "score": 0.8428627848625183}], "question": "Question:\nWhat happens to a body after death?\n\nCandidate Answers:\n1: rebirth\n2: human experience\n3: sadness\n4: decomposition\n5: obesity\n\n\nThere is only one correct option. Therefore, you must choose the answer that is most likely to be correct from all candidate answers.\nYour response should only contain the number of the chosen answer. Your response cannot contain any textual content.\n", "soft_refusal": false, "hard_refusal": false}