{"evidence": "Clam Chowder is a type of non-vegetarian soup that one is likely to find a potato in. Individual potatoes are likely put in the produce section or in a bin with other individual potatoes at a grocery store. To cook a potato, Joan should place it in an oven or microwave.", "reason": "Based on the knowledge provided, Clam Chowder is mentioned as a type of non-vegetarian soup that one is likely to find a potato in.", "answer": 3, "retrieved_documents": [{"content": "Clam Chowder is a type of non-vegetarian soup that one is likely to find a potato in.", "metadata": {"source": "knowledge/tmp.txt", "confidence": 0.8}, "score": 0.5267693400382996}, {"content": "Individual potatoes are likely put in the produce section or in a bin with other individual potatoes at a grocery store.", "metadata": {"source": "knowledge/tmp.txt", "confidence": 0.9}, "score": 0.9717174768447876}, {"content": "A potato is likely to be stored in a cool, dark, and dry place like a cellar.", "metadata": {"source": "knowledge/tmp.txt", "confidence": 0.8}, "score": 1.0153082609176636}, {"content": "To cook a potato, Joan should place it in an oven or microwave.", "metadata": {"source": "knowledge/tmp.txt", "confidence": 0.8}, "score": 1.0817173719406128}], "question": "Question:\nWhat type of non-vegetarian soup is one likely to find a potato?\n\nCandidate Answers:\n1: beef stew\n2: own kitchen\n3: clam chowder\n4: kitchen cabinet\n5: pantry\n\n\nThere is only one correct option. Therefore, you must choose the answer that is most likely to be correct from all candidate answers.\nYour response should only contain the number of the chosen answer. Your response cannot contain any textual content.\n", "soft_refusal": false, "hard_refusal": false}