{"evidence": "Her encouraging and positive coach saw potential and talent in her despite her disability.", "reason": "The evidence explicitly states that her coach saw potential and talent in her, indicating that the coach recognized her strength and abilities.", "answer": 5, "retrieved_documents": [{"content": "Her encouraging and positive coach saw potential and talent in her despite her disability.", "metadata": {"source": "knowledge/tmp.txt", "confidence": 0.8}, "score": 0.15954722464084625}, {"content": "Her attitude toward life likely improved or became more positive after discovering she did not have cancer.", "metadata": {"source": "knowledge/tmp.txt", "confidence": 0.8}, "score": 0.9361701607704163}, {"content": "The child had love and support for his mother despite not knowing the problems she was going through.", "metadata": {"source": "knowledge/tmp.txt", "confidence": 0.8}, "score": 1.015474796295166}, {"content": "Helping at the senior center brought her fulfillment and satisfaction.", "metadata": {"source": "knowledge/tmp.txt", "confidence": 0.8}, "score": 1.1085498332977295}], "question": "Question:\nThough she had a disability, what did her encouraging and positive coach see in her?\n\nCandidate Answers:\n1: qualification\n2: strength\n3: pity\n4: competence\n5: potential\n\n\nThere is only one correct option. Therefore, you must choose the answer that is most likely to be correct from all candidate answers.\nYour response should only contain the number of the chosen answer. Your response cannot contain any textual content.\n", "soft_refusal": false, "hard_refusal": false}