{"evidence": "The knowledge base mentions that extra clothing can be kept in a backpack or a daypack on a hike.", "reason": "Based on the knowledge base, it is mentioned that items like extra clothing can be kept in a backpack on a hike, so it is likely that he put the food can in his backpack.", "answer": 4, "retrieved_documents": [{"content": "He put the food can in his backpack.", "metadata": {"source": "knowledge/tmp.txt", "confidence": 0.8}, "score": 0.5769327878952026}, {"content": "Brad tried to arise from bed but he could not. Instead, he just continued to do what?", "metadata": {"source": "knowledge/tmp.txt", "confidence": 1.0}, "score": 1.1471829414367676}, {"content": "Extra clothing can be kept in a backpack or a daypack on a hike.", "metadata": {"source": "knowledge/tmp.txt", "confidence": 0.9}, "score": 1.1684898138046265}, {"content": "A human is likely to go to a place where they can find food, such as a restaurant, grocery store, or kitchen.", "metadata": {"source": "knowledge/tmp.txt", "confidence": 0.9}, "score": 1.1685527563095093}], "question": "Question:\nThey were getting ready for a really long hike, he put the food can in his what?\n\nCandidate Answers:\n1: cabinet\n2: house\n3: recycling center\n4: backpack\n5: make person sick\n\n\nThere is only one correct option. Therefore, you must choose the answer that is most likely to be correct from all candidate answers.\nYour response should only contain the number of the chosen answer. Your response cannot contain any textual content.\n", "soft_refusal": false, "hard_refusal": false}