{"evidence": "Brad tried to arise from bed but he could not. Instead, he just continued to do what?", "reason": "The evidence clearly states that Brad tried to arise from bed but could not, indicating that he continued to do something else.", "answer": 3, "retrieved_documents": [{"content": "Brad tried to arise from bed but he could not. Instead, he just continued to do what?", "metadata": {"source": "knowledge/tmp.txt", "confidence": 1.0}, "score": 3.95149109830642e-13}, {"content": "Bob was in a room or a box.", "metadata": {"source": "knowledge/tmp.txt", "confidence": 0.8}, "score": 1.1643500328063965}, {"content": "John might be in bed.", "metadata": {"source": "knowledge/tmp.txt", "confidence": 0.8}, "score": 1.1672636270523071}, {"content": "Dan was actually asleep.", "metadata": {"source": "knowledge/tmp.txt", "confidence": 0.8}, "score": 1.200624942779541}], "question": "Question:\nBrad tried to arise from bed but he could not.  Instead, he just continued to do what?\n\nCandidate Answers:\n1: go down\n2: fall down\n3: lie down\n4: lie to himself\n5: sit down\n\n\nThere is only one correct option. Therefore, you must choose the answer that is most likely to be correct from all candidate answers.\nYour response should only contain the number of the chosen answer. Your response cannot contain any textual content.\n", "soft_refusal": false, "hard_refusal": false}