{"evidence": "A high-quality heifer might be taken to a cattle show.", "reason": "Based on the knowledge that a high-quality heifer might be taken to a cattle show, it is likely that if a heifer is really high quality, you might take her to a cattle show.", "answer": 3, "retrieved_documents": [{"content": "A high-quality heifer might be taken to a cattle show.", "metadata": {"source": "knowledge/tmp.txt", "confidence": 0.8}, "score": 0.5101698637008667}, {"content": "A heifer's master lives in the same place as the heifer.", "metadata": {"source": "knowledge/tmp.txt", "confidence": 0.8}, "score": 0.9120134711265564}, {"content": "The kitten should spend most of its time around its mother to learn hunting skills and behavior.", "metadata": {"source": "knowledge/tmp.txt", "confidence": 0.8}, "score": 1.2971444129943848}, {"content": "John might have been in a location on the east coast where foxes are commonly found, such as the United States or Canada.", "metadata": {"source": "knowledge/tmp.txt", "confidence": 0.7}, "score": 1.3108271360397339}], "question": "Question:\nIf a heifer is really high quality, you might take her where?\n\nCandidate Answers:\n1: home\n2: dairy farm\n3: cattle show\n4: dairy barn\n5: corral\n\n\nThere is only one correct option. Therefore, you must choose the answer that is most likely to be correct from all candidate answers.\nYour response should only contain the number of the chosen answer. Your response cannot contain any textual content.\n", "soft_refusal": false, "hard_refusal": false}