{"evidence": "People want to acquire financial success, independence, and the ability to pursue their passion from opening a business.", "reason": "The evidence clearly states that people aim to acquire financial success, independence, and pursue their passion from opening a business.", "answer": 2, "retrieved_documents": [{"content": "People want to acquire financial success, independence, and the ability to pursue their passion from opening a business.", "metadata": {"source": "knowledge/tmp.txt", "confidence": 0.9}, "score": 0.35950660705566406}, {"content": "People aim to earn a living, pursue their passions, gain personal fulfillment, and contribute to society.", "metadata": {"source": "knowledge/tmp.txt", "confidence": 0.9}, "score": 0.9693952202796936}, {"content": "When a person is beginning work, they are typically building their career or professional experience.", "metadata": {"source": "knowledge/tmp.txt", "confidence": 0.8}, "score": 1.1458102464675903}, {"content": "Humans are often found earning money at their workplace or job.", "metadata": {"source": "knowledge/tmp.txt", "confidence": 0.9}, "score": 1.2396159172058105}], "question": "Question:\nWhat do people want to acquire from opening business?\n\nCandidate Answers:\n1: home\n2: wealth\n3: bankruptcy\n4: lose money\n5: get rich\n\n\nThere is only one correct option. Therefore, you must choose the answer that is most likely to be correct from all candidate answers.\nYour response should only contain the number of the chosen answer. Your response cannot contain any textual content.\n", "soft_refusal": false, "hard_refusal": false}