{"evidence": "Someone who has finished their undergraduate has completed their bachelor's degree.", "reason": "The knowledge base explicitly states that finishing undergraduate means completing a bachelor's degree.", "answer": 1, "retrieved_documents": [{"content": "Someone who has finished their undergraduate has completed their bachelor's degree.", "metadata": {"source": "knowledge/tmp.txt", "confidence": 1.0}, "score": 0.7615598440170288}, {"content": "You would sit in a classroom or study area while working toward an advanced degree.", "metadata": {"source": "knowledge/tmp.txt", "confidence": 0.9}, "score": 0.8941676020622253}, {"content": "Many poor college students gain knowledge, skills, and opportunities for personal and professional growth by learning about the world.", "metadata": {"source": "knowledge/tmp.txt", "confidence": 0.9}, "score": 1.2215946912765503}, {"content": "She signed up for computer classes to learn more about the computer.", "metadata": {"source": "knowledge/tmp.txt", "confidence": 0.8}, "score": 1.3195182085037231}], "question": "Question:\nWhat has someone who had finished their undergraduate done?\n\nCandidate Answers:\n1: graduated\n2: masters\n3: postgraduate\n4: phd\n5: professor\n\n\nThere is only one correct option. Therefore, you must choose the answer that is most likely to be correct from all candidate answers.\nYour response should only contain the number of the chosen answer. Your response cannot contain any textual content.\n", "soft_refusal": false, "hard_refusal": true}