{"evidence": "Lemurs are wild animals native to Madagascar and are not commonly found in markets.", "reason": "Based on the knowledge provided, lemurs are not commonly found in markets but are native to Madagascar.", "answer": 4, "retrieved_documents": [{"content": "Lemurs are wild animals native to Madagascar and are not commonly found in markets.", "metadata": {"source": "knowledge/tmp.txt", "confidence": 0.8}, "score": 0.669948935508728}, {"content": "Marmots are typically found in mountainous regions.", "metadata": {"source": "knowledge/tmp.txt", "confidence": 0.9}, "score": 1.0600088834762573}, {"content": "Marmots are likely to be found in mountainous green areas.", "metadata": {"source": "knowledge/tmp.txt", "confidence": 0.8}, "score": 1.0757945775985718}, {"content": "Marmots can be found in various regions of Canada, particularly in mountainous areas such as the Rocky Mountains and the Coast Mountains.", "metadata": {"source": "knowledge/tmp.txt", "confidence": 0.8}, "score": 1.0963598489761353}], "question": "Question:\nWhere might a lemur frolic in the market?\n\nCandidate Answers:\n1: desert\n2: hole\n3: india\n4: cage\n5: rain forest\n\n\nThere is only one correct option. Therefore, you must choose the answer that is most likely to be correct from all candidate answers.\nYour response should only contain the number of the chosen answer. Your response cannot contain any textual content.\n", "soft_refusal": false, "hard_refusal": true}