{"evidence": "Furniture pads or felt pads can be placed under the furniture to protect the floor.", "reason": "The knowledge base mentions that furniture pads or felt pads can be placed under the furniture to protect the floor.", "answer": 1, "retrieved_documents": [{"content": "Furniture pads or felt pads can be placed under the furniture to protect the floor.", "metadata": {"source": "knowledge/tmp.txt", "confidence": 0.9}, "score": 0.5909675359725952}, {"content": "Various things could go on top of wood, such as paint, varnish, wax, or other finishes.", "metadata": {"source": "knowledge/tmp.txt", "confidence": 0.8}, "score": 0.9555104374885559}, {"content": "A side table is normally found near a side chair.", "metadata": {"source": "knowledge/tmp.txt", "confidence": 0.9}, "score": 0.9827002286911011}, {"content": "Putting a rug or a mat under the table can help catch crumbs.", "metadata": {"source": "knowledge/tmp.txt", "confidence": 0.8}, "score": 0.9851333498954773}], "question": "Question:\nWhat might I place under the furniture?\n\nCandidate Answers:\n1: rug\n2: room\n3: toy\n4: friend's house\n5: building\n\n\nThere is only one correct option. Therefore, you must choose the answer that is most likely to be correct from all candidate answers.\nYour response should only contain the number of the chosen answer. Your response cannot contain any textual content.\n", "soft_refusal": false, "hard_refusal": false}