{"evidence": "Students are required to carry books all day at school.", "reason": "The evidence clearly states that students are required to carry books all day at school.", "answer": 2, "retrieved_documents": [{"content": "Students are required to carry books all day at school.", "metadata": {"source": "knowledge/tmp.txt", "confidence": 0.9}, "score": 0.526856005191803}, {"content": "Literature is usually kept on bookshelves or in libraries.", "metadata": {"source": "knowledge/tmp.txt", "confidence": 0.9}, "score": 0.7109773755073547}, {"content": "A backpack or a book sleeve can be used to store a book while traveling.", "metadata": {"source": "knowledge/tmp.txt", "confidence": 0.9}, "score": 0.8397740125656128}, {"content": "Books can be read in libraries, bookstores, schools, homes, and online.", "metadata": {"source": "knowledge/tmp.txt", "confidence": 0.9}, "score": 0.8633374571800232}], "question": "Question:\nWhere are required to carry books all day?\n\nCandidate Answers:\n1: friend's house\n2: university\n3: large city\n4: storage\n5: table\n\n\nThere is only one correct option. Therefore, you must choose the answer that is most likely to be correct from all candidate answers.\nYour response should only contain the number of the chosen answer. Your response cannot contain any textual content.\n", "soft_refusal": false, "hard_refusal": false}