{"evidence": "Cooked steak can be stored in the refrigerator for 3-4 days in an airtight container or wrapped tightly in foil or plastic wrap.", "reason": "Based on the knowledge that cooked steak can be stored in the refrigerator for 3-4 days, we can determine the correct way to store cooked steak.", "answer": 4, "retrieved_documents": [{"content": "Cooked steak can be stored in the refrigerator for 3-4 days in an airtight container or wrapped tightly in foil or plastic wrap.", "metadata": {"source": "knowledge/tmp.txt", "confidence": 0.9}, "score": 0.4774254262447357}, {"content": "Food that can be stored at room temperature should be kept in the refrigerator once opened.", "metadata": {"source": "knowledge/tmp.txt", "confidence": 0.9}, "score": 1.08305823802948}, {"content": "Uncooked crab meat should be stored in the refrigerator to keep it fresh.", "metadata": {"source": "knowledge/tmp.txt", "confidence": 0.8}, "score": 1.1656928062438965}, {"content": "You should store your bucket in a dry and secure location, such as a shed or garage.", "metadata": {"source": "knowledge/tmp.txt", "confidence": 0.8}, "score": 1.176322340965271}], "question": "Question:\nhow can i store cooked steak?\n\nCandidate Answers:\n1: oven\n2: freezer\n3: plate\n4: tupperware\n5: grill\n\n\nThere is only one correct option. Therefore, you must choose the answer that is most likely to be correct from all candidate answers.\nYour response should only contain the number of the chosen answer. Your response cannot contain any textual content.\n", "soft_refusal": false, "hard_refusal": false}