{"evidence": "The knowledge base mentions that ceiling fan blades might be the hardest to dust and that James needed to clean out dirt.", "reason": "Based on the knowledge base, it is implied that dusting ceiling fan blades might be a challenging task, so it is likely that John might find it hardest to dust the ceiling fan blades.", "answer": 1, "retrieved_documents": [{"content": "Ceiling fan blades might be the hardest to dust.", "metadata": {"source": "knowledge/tmp.txt", "confidence": 0.8}, "score": 0.8755767345428467}, {"content": "James needed to clean out dirt.", "metadata": {"source": "knowledge/tmp.txt", "confidence": 1.0}, "score": 1.0039951801300049}, {"content": "A vacuum cleaner probably has a lot of dust in the back.", "metadata": {"source": "knowledge/tmp.txt", "confidence": 0.8}, "score": 1.068087100982666}, {"content": "He began doing housework to get his house in order and clean.", "metadata": {"source": "knowledge/tmp.txt", "confidence": 0.9}, "score": 1.1760776042938232}], "question": "Question:\nJohn wanted to clean all of the dust out of his place before settling down to watch his favorite shows.  What might he hardest do dust?\n\nCandidate Answers:\n1: closet\n2: under the bed\n3: television\n4: attic\n5: most buildings\n\n\nThere is only one correct option. Therefore, you must choose the answer that is most likely to be correct from all candidate answers.\nYour response should only contain the number of the chosen answer. Your response cannot contain any textual content.\n", "soft_refusal": false, "hard_refusal": true}