{"evidence": "The audience was spectating a sports event, most likely a soccer match. Audiences clap to show appreciation or approval for a performance or presentation. The audience was most likely watching the performance in a concert hall or theater.", "reason": "Based on the knowledge provided, the audience was most likely spectating a sports event, such as a soccer match, where they would cheer for a goal being scored.", "answer": 2, "retrieved_documents": [{"content": "The audience was spectating a sports event, most likely a soccer match.", "metadata": {"source": "knowledge/tmp.txt", "confidence": 0.9}, "score": 0.6854403018951416}, {"content": "Audiences clap to show appreciation or approval for a performance or presentation.", "metadata": {"source": "knowledge/tmp.txt", "confidence": 0.9}, "score": 0.8639098405838013}, {"content": "The audience was most likely watching the performance in a concert hall or theater.", "metadata": {"source": "knowledge/tmp.txt", "confidence": 0.8}, "score": 0.921531617641449}, {"content": "In a comedy film, you would expect to hear laughter from the audience.", "metadata": {"source": "knowledge/tmp.txt", "confidence": 1.0}, "score": 1.1379507780075073}], "question": "Question:\nThe audience cheered when a goal was scored, what were they spectating?\n\nCandidate Answers:\n1: school\n2: sporting event\n3: concert hall\n4: show\n5: television\n\n\nThere is only one correct option. Therefore, you must choose the answer that is most likely to be correct from all candidate answers.\nYour response should only contain the number of the chosen answer. Your response cannot contain any textual content.\n", "soft_refusal": false, "hard_refusal": true}