{"evidence": "California has thousands of miles of shore.", "reason": "The knowledge base explicitly states that California has thousands of miles of shore.", "answer": 4, "retrieved_documents": [{"content": "California has thousands of miles of shore.", "metadata": {"source": "knowledge/tmp.txt", "confidence": 0.9}, "score": 0.5827012658119202}, {"content": "The Bering Sea is a very cold area in the east where a crab can be found.", "metadata": {"source": "knowledge/tmp.txt", "confidence": 0.8}, "score": 1.2074390649795532}, {"content": "Anemones can be found off the eastern U.S. in the Atlantic Ocean.", "metadata": {"source": "knowledge/tmp.txt", "confidence": 0.8}, "score": 1.2186528444290161}, {"content": "Bald eagles are likely to be found near bodies of water, such as lakes, rivers, or coastlines.", "metadata": {"source": "knowledge/tmp.txt", "confidence": 0.8}, "score": 1.2483789920806885}], "question": "Question:\nWhat western state has thousands of miles of shore?\n\nCandidate Answers:\n1: picture of sea side\n2: seaside town\n3: beach\n4: california\n5: see side picture\n\n\nThere is only one correct option. Therefore, you must choose the answer that is most likely to be correct from all candidate answers.\nYour response should only contain the number of the chosen answer. Your response cannot contain any textual content.\n", "soft_refusal": false, "hard_refusal": false}