{"evidence": "Slurred speech is a common symptom of being drunk and can make it difficult for others to understand you. Having a hangover is a common experience after awaking from a night of heavy drinking.", "reason": "Based on the knowledge provided, slurred speech is a common symptom of being drunk, which can make it difficult for others to understand you.", "answer": 2, "retrieved_documents": [{"content": "Slurred speech is a common symptom of being drunk and can make it difficult for others to understand you.", "metadata": {"source": "knowledge/tmp.txt", "confidence": 0.8}, "score": 0.8812201023101807}, {"content": "Having a hangover is a common consequence of celebrating with too many cocktails.", "metadata": {"source": "knowledge/tmp.txt", "confidence": 0.9}, "score": 1.0941358804702759}, {"content": "Having a hangover is a common experience after awaking from a night of heavy drinking.", "metadata": {"source": "knowledge/tmp.txt", "confidence": 0.9}, "score": 1.1209251880645752}, {"content": "The teens' behavior gave away that they were trying to hide that they get drink.", "metadata": {"source": "knowledge/tmp.txt", "confidence": 0.8}, "score": 1.242456078529358}], "question": "Question:\nIf I was getting drunk, and people couldn't understand me, what might I be having?\n\nCandidate Answers:\n1: a seizure\n2: slurred speech\n3: death\n4: forgetfulness\n5: pass out\n\n\nThere is only one correct option. Therefore, you must choose the answer that is most likely to be correct from all candidate answers.\nYour response should only contain the number of the chosen answer. Your response cannot contain any textual content.\n", "soft_refusal": false, "hard_refusal": true}