{"evidence": "A public monument is likely to be erected in a prominent location within a city, such as a park, square, or historical site.", "reason": "Based on the knowledge that public monuments are likely to be erected in prominent locations within a city, such as parks, squares, or historical sites, we can infer that a municipal park is the most likely option for where a public monument would be erected.", "answer": 1, "retrieved_documents": [{"content": "A public monument is likely to be erected in a prominent location within a city, such as a park, square, or historical site.", "metadata": {"source": "knowledge/tmp.txt", "confidence": 0.9}, "score": 0.3037051260471344}, {"content": "The large area location of the empire state building is in New York City, USA", "metadata": {"source": "knowledge/tmp.txt", "confidence": 1.0}, "score": 1.1613942384719849}, {"content": "Cities with high population density and limited space for parking, such as New York City or Tokyo, are likely to have many parking structures.", "metadata": {"source": "knowledge/tmp.txt", "confidence": 0.8}, "score": 1.186905860900879}, {"content": "People can be found standing in a line outside various places such as banks, movie theaters, amusement parks, concert venues, and popular restaurants.", "metadata": {"source": "knowledge/tmp.txt", "confidence": 0.9}, "score": 1.313214659690857}], "question": "Question:\nWhere is a public monument likely to be erected by a city?\n\nCandidate Answers:\n1: municipal park\n2: office\n3: state park\n4: cemetary\n5: public gardens\n\n\nThere is only one correct option. Therefore, you must choose the answer that is most likely to be correct from all candidate answers.\nYour response should only contain the number of the chosen answer. Your response cannot contain any textual content.\n", "soft_refusal": false, "hard_refusal": false}