{"evidence": "A person could live in a remote or isolated area such as a cabin in the woods, a desert, or a private island. People live in various places such as houses, apartments, villages, towns, and cities. A house outside the center of a community is said to be in a suburban area. Humans usually find shelter in homes, buildings, or other structures.", "reason": "Based on the knowledge provided, a person who wants no neighbors would most likely live in a remote or isolated area such as a cabin in the woods, desert, or a private island.", "answer": 4, "retrieved_documents": [{"content": "A person could live in a remote or isolated area such as a cabin in the woods, a desert, or a private island.", "metadata": {"source": "knowledge/tmp.txt", "confidence": 0.8}, "score": 0.6815584301948547}, {"content": "People live in various places such as houses, apartments, villages, towns, and cities.", "metadata": {"source": "knowledge/tmp.txt", "confidence": 0.9}, "score": 0.9586086869239807}, {"content": "A house outside the center of a community is said to be in a suburban area.", "metadata": {"source": "knowledge/tmp.txt", "confidence": 0.8}, "score": 0.9870737195014954}, {"content": "Humans usually find shelter in homes, buildings, or other structures.", "metadata": {"source": "knowledge/tmp.txt", "confidence": 0.9}, "score": 1.0623986721038818}], "question": "Question:\nWhere would a person live if they wanted no neighbors?\n\nCandidate Answers:\n1: housing estate\n2: neighborhood\n3: mars\n4: woods\n5: suburbs\n\n\nThere is only one correct option. Therefore, you must choose the answer that is most likely to be correct from all candidate answers.\nYour response should only contain the number of the chosen answer. Your response cannot contain any textual content.\n", "soft_refusal": false, "hard_refusal": true}