{"evidence": "The control room that controls a Pressurized Water Reactor (PWR) is typically located on-site at the nuclear power plant.", "reason": "The knowledge base explicitly states that the control room for a PWR is located at the nuclear power plant.", "answer": 5, "retrieved_documents": [{"content": "The control room that controls a Pressurized Water Reactor (PWR) is typically located on-site at the nuclear power plant.", "metadata": {"source": "knowledge/tmp.txt", "confidence": 0.9}, "score": 0.4028964340686798}, {"content": "A control room is needed in situations where there is a potential for a wide spread disaster, such as in emergency response operations, nuclear power plants, chemical plants, and other critical infrastructure facilities.", "metadata": {"source": "knowledge/tmp.txt", "confidence": 0.9}, "score": 0.9526474475860596}, {"content": "The likely venue for a reception held with hotel guests walking by is the hotel lobby or a designated event space within the hotel.", "metadata": {"source": "knowledge/tmp.txt", "confidence": 0.8}, "score": 1.4158587455749512}, {"content": "Entering a room or building", "metadata": {"source": "knowledge/tmp.txt", "confidence": 0.9}, "score": 1.4204198122024536}], "question": "Question:\nWhere is the control room that controls a PWR located?\n\nCandidate Answers:\n1: building\n2: factory\n3: window\n4: prison\n5: nuclear power plant\n\n\nThere is only one correct option. Therefore, you must choose the answer that is most likely to be correct from all candidate answers.\nYour response should only contain the number of the chosen answer. Your response cannot contain any textual content.\n", "soft_refusal": false, "hard_refusal": false}