{"evidence": "Falling asleep while attending school is likely due to boredom or fatigue.", "reason": "Based on the knowledge provided, falling asleep while attending school is likely due to boredom or fatigue.", "answer": 1, "retrieved_documents": [{"content": "Falling asleep while attending school is likely due to boredom or fatigue.", "metadata": {"source": "knowledge/tmp.txt", "confidence": 0.8}, "score": 0.4209352433681488}, {"content": "The goal of a person going to bed is likely to rest and sleep.", "metadata": {"source": "knowledge/tmp.txt", "confidence": 0.9}, "score": 1.0998916625976562}, {"content": "Dreaming is likely the activity someone is doing if they are sitting quietly and their eyes are moving.", "metadata": {"source": "knowledge/tmp.txt", "confidence": 0.9}, "score": 1.1186509132385254}, {"content": "During sleep, the body goes through various stages including light sleep, deep sleep, and REM sleep. The body repairs tissues, consolidates memories, and regulates hormones during sleep.", "metadata": {"source": "knowledge/tmp.txt", "confidence": 0.9}, "score": 1.1517879962921143}], "question": "Question:\nIf you're attending school and are falling asleep you're likely experiencing what?\n\nCandidate Answers:\n1: boredom\n2: malaria\n3: graduate\n4: inspiration\n5: detention\n\n\nThere is only one correct option. Therefore, you must choose the answer that is most likely to be correct from all candidate answers.\nYour response should only contain the number of the chosen answer. Your response cannot contain any textual content.\n", "soft_refusal": false, "hard_refusal": false}