{"evidence": "A battle that involves words could take place in a debate or argument.", "reason": "Based on the knowledge provided, battles involving words are likely to occur in debates or arguments.", "answer": 1, "retrieved_documents": [{"content": "A battle that involves words could take place in a debate or argument.", "metadata": {"source": "knowledge/tmp.txt", "confidence": 0.9}, "score": 0.35620173811912537}, {"content": "Participating in a fight", "metadata": {"source": "knowledge/tmp.txt", "confidence": 0.8}, "score": 0.9768257737159729}, {"content": "Anger leads to punching.", "metadata": {"source": "knowledge/tmp.txt", "confidence": 0.9}, "score": 1.2931036949157715}, {"content": "Conversation is the term used when you are talking to someone.", "metadata": {"source": "knowledge/tmp.txt", "confidence": 1.0}, "score": 1.3178174495697021}], "question": "Question:\nWhere could there be a battle that involves words?\n\nCandidate Answers:\n1: court room\n2: war\n3: video game\n4: iraq\n5: church\n\n\nThere is only one correct option. Therefore, you must choose the answer that is most likely to be correct from all candidate answers.\nYour response should only contain the number of the chosen answer. Your response cannot contain any textual content.\n", "soft_refusal": false, "hard_refusal": false}