{"evidence": "The process of going somewhere typically involves moving from one location to another, either by walking, driving, flying, or using other modes of transportation.", "reason": "The evidence clearly states that the process of going somewhere involves moving from one location to another using various modes of transportation.", "answer": 4, "retrieved_documents": [{"content": "The process of going somewhere typically involves moving from one location to another, either by walking, driving, flying, or using other modes of transportation.", "metadata": {"source": "knowledge/tmp.txt", "confidence": 0.9}, "score": 0.31613144278526306}, {"content": "You would walk through a central passage to catch an elevator in a building or a structure with multiple floors", "metadata": {"source": "knowledge/tmp.txt", "confidence": 0.9}, "score": 0.9908730983734131}, {"content": "Traveling from new place to new place is likely to be exciting and adventurous.", "metadata": {"source": "knowledge/tmp.txt", "confidence": 0.8}, "score": 1.0937427282333374}, {"content": "A human is likely to go to a place where they can find food, such as a restaurant, grocery store, or kitchen.", "metadata": {"source": "knowledge/tmp.txt", "confidence": 0.9}, "score": 1.0964604616165161}], "question": "Question:\nWhat is the process of going somewhere?\n\nCandidate Answers:\n1: fire\n2: energy\n3: car\n4: transporting\n5: staying in place\n\n\nThere is only one correct option. Therefore, you must choose the answer that is most likely to be correct from all candidate answers.\nYour response should only contain the number of the chosen answer. Your response cannot contain any textual content.\n", "soft_refusal": false, "hard_refusal": false}