{"evidence": "The old man would lie down on the couch and take a short nap. The goal of a person going to bed is likely to rest and sleep.", "reason": "Based on the evidence provided, we can infer that the old man would lie down on the couch to rest and take a short nap, similar to the goal of a person going to bed.", "answer": 5, "retrieved_documents": [{"content": "The old man would lie down on the couch and take a short nap.", "metadata": {"source": "knowledge/tmp.txt", "confidence": 0.8}, "score": 0.5942907929420471}, {"content": "Brad tried to arise from bed but he could not. Instead, he just continued to do what?", "metadata": {"source": "knowledge/tmp.txt", "confidence": 1.0}, "score": 0.8558168411254883}, {"content": "A cat would snuggle up with their human on a couch, bed, or any comfortable surface where they can be close to their human.", "metadata": {"source": "knowledge/tmp.txt", "confidence": 0.9}, "score": 1.1639981269836426}, {"content": "The goal of a person going to bed is likely to rest and sleep.", "metadata": {"source": "knowledge/tmp.txt", "confidence": 0.9}, "score": 1.1745857000350952}], "question": "Question:\nThe old man needed to have rest multiple times a day, he would do what on the couch and catnap?\n\nCandidate Answers:\n1: lay in bed\n2: lay in bed\n3: go to bed\n4: relax\n5: lie down\n\n\nThere is only one correct option. Therefore, you must choose the answer that is most likely to be correct from all candidate answers.\nYour response should only contain the number of the chosen answer. Your response cannot contain any textual content.\n", "soft_refusal": false, "hard_refusal": false}