{"evidence": "Many humans enjoy fishing and enjoy listening to music at the same time. Fish can be found in a market if not in a stream. You would be going fishing to catch fish to eat and satisfy your hunger. Fishermen can store their rods in a rod holder or rod rack when on a fishing trip.", "reason": "Based on the knowledge provided, the activity that many humans enjoy while fishing is not explicitly mentioned. However, since fishing is often considered a relaxing activity, sitting quietly is a plausible option for another relaxing activity that people may enjoy while fishing.", "answer": 5, "retrieved_documents": [{"content": "Many humans enjoy fishing and enjoy listening to music at the same time.", "metadata": {"source": "knowledge/tmp.txt", "confidence": 0.8}, "score": 0.702109158039093}, {"content": "Fish can be found in a market if not in a stream.", "metadata": {"source": "knowledge/tmp.txt", "confidence": 1.0}, "score": 1.072853446006775}, {"content": "You would be going fishing to catch fish to eat and satisfy your hunger.", "metadata": {"source": "knowledge/tmp.txt", "confidence": 0.9}, "score": 1.0752431154251099}, {"content": "Fishermen can store their rods in a rod holder or rod rack when on a fishing trip.", "metadata": {"source": "knowledge/tmp.txt", "confidence": 0.9}, "score": 1.1484016180038452}], "question": "Question:\nMany humans enjoy fishing and enjoy another relaxing activity at the same time, what activity is it?\n\nCandidate Answers:\n1: getting tied up lure.\n2: looking for information\n3: get wet\n4: drink beer\n5: sit quietly\n\n\nThere is only one correct option. Therefore, you must choose the answer that is most likely to be correct from all candidate answers.\nYour response should only contain the number of the chosen answer. Your response cannot contain any textual content.\n", "soft_refusal": false, "hard_refusal": true}