{"evidence": "You can get maps that you own from a variety of sources such as online map stores, bookstores, or by creating them yourself.", "reason": "The evidence provided lists online map stores and bookstores as sources to get maps that you own.", "answer": 1, "retrieved_documents": [{"content": "You can get maps that you own from a variety of sources such as online map stores, bookstores, or by creating them yourself.", "metadata": {"source": "knowledge/tmp.txt", "confidence": 0.8}, "score": 0.34929293394088745}, {"content": "James might look for an old underground map from the 50s in historical archives, libraries, or online auction websites specializing in vintage items.", "metadata": {"source": "knowledge/tmp.txt", "confidence": 0.8}, "score": 0.9504243731498718}, {"content": "Gas stations are the best place to find a map on the road if you are lost.", "metadata": {"source": "knowledge/tmp.txt", "confidence": 0.8}, "score": 0.959313690662384}, {"content": "Theme parks are sometimes so large that you need a map to find your way around.", "metadata": {"source": "knowledge/tmp.txt", "confidence": 0.8}, "score": 0.9886557459831238}], "question": "Question:\nWhere would you get some maps that you own?\n\nCandidate Answers:\n1: bookstore\n2: library\n3: electrical circuit\n4: cabinet\n5: important when traveling\n\n\nThere is only one correct option. Therefore, you must choose the answer that is most likely to be correct from all candidate answers.\nYour response should only contain the number of the chosen answer. Your response cannot contain any textual content.\n", "soft_refusal": false, "hard_refusal": false}