{"evidence": "The knowledge base includes the fact that World War II took place from 1939 to 1945.", "reason": "Based on the knowledge that World War II took place from 1939 to 1945, we can infer that a story about World War II would be set in the past.", "answer": 4, "retrieved_documents": [{"content": "World War II took place from 1939 to 1945.", "metadata": {"source": "knowledge/tmp.txt", "confidence": 1.0}, "score": 0.7168733477592468}, {"content": "Her grandfather's life story or family history", "metadata": {"source": "knowledge/tmp.txt", "confidence": 0.8}, "score": 1.2779422998428345}, {"content": "Human beings learn about current events from newspapers.", "metadata": {"source": "knowledge/tmp.txt", "confidence": 0.9}, "score": 1.3469018936157227}, {"content": "The book might be about the author's own life, thoughts, or experiences, often reflecting on the process of writing the book itself.", "metadata": {"source": "knowledge/tmp.txt", "confidence": 0.8}, "score": 1.374640703201294}], "question": "Question:\nA story about World War II would be set when?\n\nCandidate Answers:\n1: book or library\n2: book or magazine\n3: newspaper\n4: past\n5: future\n\n\nThere is only one correct option. Therefore, you must choose the answer that is most likely to be correct from all candidate answers.\nYour response should only contain the number of the chosen answer. Your response cannot contain any textual content.\n", "soft_refusal": false, "hard_refusal": false}