{"evidence": "Marmots are typically found in mountainous regions. Marmots are likely to be found in mountainous green areas. Marmots can be found in various regions of Canada, particularly in mountainous areas such as the Rocky Mountains and the Coast Mountains.", "reason": "Based on the provided knowledge base, marmots are consistently associated with mountainous regions, making it highly likely that they are found in mountainous areas.", "answer": 1, "retrieved_documents": [{"content": "Marmots are typically found in mountainous regions.", "metadata": {"source": "knowledge/tmp.txt", "confidence": 0.9}, "score": 0.47465425729751587}, {"content": "Marmots are likely to be found in mountainous green areas.", "metadata": {"source": "knowledge/tmp.txt", "confidence": 0.8}, "score": 0.5832551121711731}, {"content": "Marmots can be found in various regions of Canada, particularly in mountainous areas such as the Rocky Mountains and the Coast Mountains.", "metadata": {"source": "knowledge/tmp.txt", "confidence": 0.8}, "score": 0.623569667339325}, {"content": "Gazelle can be found in the savannas of Africa.", "metadata": {"source": "knowledge/tmp.txt", "confidence": 0.8}, "score": 1.0617260932922363}], "question": "Question:\nWhat type of geographic area will you find a marmot?\n\nCandidate Answers:\n1: mountainous area\n2: wood pile\n3: jungle\n4: petting zoo\n5: animals\n\n\nThere is only one correct option. Therefore, you must choose the answer that is most likely to be correct from all candidate answers.\nYour response should only contain the number of the chosen answer. Your response cannot contain any textual content.\n", "soft_refusal": false, "hard_refusal": false}