{"evidence": "Approaching situations with an open mind, gathering more information, and challenging their own biases can help people achieve better outcomes. Being open-minded, willing to listen and learn, and challenging your own beliefs and biases are important when committed to eliminating preconceived notions.", "reason": "The evidence provided emphasizes the importance of being open-minded, gathering information, and challenging biases to achieve better outcomes.", "answer": 2, "retrieved_documents": [{"content": "Approaching situations with an open mind, gathering more information, and challenging their own biases can help people achieve better outcomes.", "metadata": {"source": "knowledge/tmp.txt", "confidence": 0.8}, "score": 0.7022805213928223}, {"content": "Being open-minded, willing to listen and learn, and challenging your own beliefs and biases are important when committed to eliminating preconceived notions.", "metadata": {"source": "knowledge/tmp.txt", "confidence": 0.9}, "score": 0.9095914363861084}, {"content": "Promoting understanding, empathy, and cooperation among individuals and communities can help achieve harmony in the world.", "metadata": {"source": "knowledge/tmp.txt", "confidence": 0.9}, "score": 1.2158982753753662}, {"content": "To change their lives, people need to set clear goals, take action, and be willing to make changes in their habits and mindset.", "metadata": {"source": "knowledge/tmp.txt", "confidence": 0.8}, "score": 1.2274993658065796}], "question": "Question:\nMost people make stupid assumptions that are based on their prejudices.  What might they do instead to achieve better outcomes?\n\nCandidate Answers:\n1: set table\n2: think\n3: read books\n4: play games\n5: lie\n\n\nThere is only one correct option. Therefore, you must choose the answer that is most likely to be correct from all candidate answers.\nYour response should only contain the number of the chosen answer. Your response cannot contain any textual content.\n", "soft_refusal": false, "hard_refusal": true}