{"evidence": "Stabbing to death is a form of homicide. Stabbing a person to death will result in the person dying.", "reason": "Based on the knowledge that stabbing to death will result in the person dying, it can be inferred that stabbing to death of a person is a way to kill them.", "answer": 5, "retrieved_documents": [{"content": "Stabbing to death is a form of homicide.", "metadata": {"source": "knowledge/tmp.txt", "confidence": 0.9}, "score": 0.47144225239753723}, {"content": "Stabbing a person to death will result in the person dying.", "metadata": {"source": "knowledge/tmp.txt", "confidence": 1.0}, "score": 0.5248042941093445}, {"content": "Shooting someone with a gun can kill them.", "metadata": {"source": "knowledge/tmp.txt", "confidence": 1.0}, "score": 0.8809864521026611}, {"content": "Committing murder could prevent someone from living or continuing their life.", "metadata": {"source": "knowledge/tmp.txt", "confidence": 0.8}, "score": 0.920779287815094}], "question": "Question:\nStabbing to death of a person is what sort of way to die?\n\nCandidate Answers:\n1: pool of blood\n2: gruesome\n3: charming\n4: being arrested\n5: killing\n\n\nThere is only one correct option. Therefore, you must choose the answer that is most likely to be correct from all candidate answers.\nYour response should only contain the number of the chosen answer. Your response cannot contain any textual content.\n", "soft_refusal": false, "hard_refusal": false}