{"evidence": "The knowledge base states that 'As an AI, I do not have a boss and therefore do not receive anything from a boss at the end of the week.'", "reason": "Based on the knowledge base provided, it is clear that I do not receive anything from a boss at the end of the week.", "answer": 1, "retrieved_documents": [{"content": "As an AI, I do not have a boss and therefore do not receive anything from a boss at the end of the week.", "metadata": {"source": "knowledge/tmp.txt", "confidence": 1.0}, "score": 0.9362220168113708}, {"content": "He hoped for success at his job.", "metadata": {"source": "knowledge/tmp.txt", "confidence": 0.8}, "score": 1.1175092458724976}, {"content": "When communicating with your boss, you should be respectful, clear, and professional. It's important to listen actively, ask questions for clarification, and provide updates on your work. Additionally, it's helpful to be proactive in addressing any issues or concerns.", "metadata": {"source": "knowledge/tmp.txt", "confidence": 0.9}, "score": 1.1749348640441895}, {"content": "People are likely to feel happy, grateful, and surprised when an unexpected decent outcome occurs.", "metadata": {"source": "knowledge/tmp.txt", "confidence": 0.9}, "score": 1.271277666091919}], "question": "Question:\nWhat are you getting from you boss at the end of the week?\n\nCandidate Answers:\n1: asking for\n2: money\n3: food\n4: work\n5: energy\n\n\nThere is only one correct option. Therefore, you must choose the answer that is most likely to be correct from all candidate answers.\nYour response should only contain the number of the chosen answer. Your response cannot contain any textual content.\n", "soft_refusal": false, "hard_refusal": true}