{"evidence": "Stark might have been engaging in a harmless activity or playing a game. Having fun is the same as enjoying himself for Danny.", "reason": "Based on the evidence provided, Stark was likely engaging in a harmless activity or playing a game for fun.", "answer": 2, "retrieved_documents": [{"content": "Stark might have been engaging in a harmless activity or playing a game.", "metadata": {"source": "knowledge/tmp.txt", "confidence": 0.8}, "score": 0.2710350453853607}, {"content": "He had a belief that he would get away with it", "metadata": {"source": "knowledge/tmp.txt", "confidence": 0.8}, "score": 1.3375129699707031}, {"content": "Having fun is the same as enjoying himself for Danny.", "metadata": {"source": "knowledge/tmp.txt", "confidence": 0.9}, "score": 1.4162617921829224}, {"content": "He wanted to run faster or reach his destination quicker.", "metadata": {"source": "knowledge/tmp.txt", "confidence": 0.8}, "score": 1.4293303489685059}], "question": "Question:\nStark was just having fun, and he wasn't hurting anyone.  What might have he been doing?\n\nCandidate Answers:\n1: painting his nails\n2: playing marbles\n3: constructing\n4: need for rest\n5: wild ride\n\n\nThere is only one correct option. Therefore, you must choose the answer that is most likely to be correct from all candidate answers.\nYour response should only contain the number of the chosen answer. Your response cannot contain any textual content.\n", "soft_refusal": false, "hard_refusal": false}