{"evidence": "The church was hoping to accomplish helping those in need, spreading goodwill, and fulfilling their religious or moral obligations. Providing assistance to those in need is generally considered a positive and empathetic act.", "reason": "Based on the evidence provided, the church was hoping to accomplish helping those in need, spreading goodwill, and fulfilling their religious or moral obligations by giving assistance.", "answer": 4, "retrieved_documents": [{"content": "The church was hoping to accomplish helping those in need, spreading goodwill, and fulfilling their religious or moral obligations.", "metadata": {"source": "knowledge/tmp.txt", "confidence": 0.8}, "score": 0.35986217856407166}, {"content": "Providing assistance to those in need is generally considered a positive and empathetic act.", "metadata": {"source": "knowledge/tmp.txt", "confidence": 0.8}, "score": 1.1145814657211304}, {"content": "The campaign was intended to create a positive impact on the problem.", "metadata": {"source": "knowledge/tmp.txt", "confidence": 0.8}, "score": 1.1524455547332764}, {"content": "The murderer went to church after feeling remorse.", "metadata": {"source": "knowledge/tmp.txt", "confidence": 0.8}, "score": 1.1751693487167358}], "question": "Question:\nThe church was giving assistance, what were they hoping to accomplish?\n\nCandidate Answers:\n1: exhilliration\n2: hardship\n3: risk taking\n4: helping others\n5: happiness\n\n\nThere is only one correct option. Therefore, you must choose the answer that is most likely to be correct from all candidate answers.\nYour response should only contain the number of the chosen answer. Your response cannot contain any textual content.\n", "soft_refusal": false, "hard_refusal": false}