{"evidence": "According to the knowledge base, Christians believe you will go to heaven if you accept Jesus Christ as your savior and follow his teachings. God will never lie according to religion.", "reason": "Based on the knowledge that Christians believe in going to heaven after death and that God will never lie, it can be inferred that if someone believes in God, they will go to heaven when they die.", "answer": 1, "retrieved_documents": [{"content": "Christians believe you will go to heaven if you accept Jesus Christ as your savior and follow his teachings.", "metadata": {"source": "knowledge/tmp.txt", "confidence": 0.9}, "score": 0.9274042844772339}, {"content": "The first place someone leaving the planet ends up is in space.", "metadata": {"source": "knowledge/tmp.txt", "confidence": 1.0}, "score": 1.1630407571792603}, {"content": "When someone is dead, they stop breathing, their heart stops beating, and their brain activity ceases.", "metadata": {"source": "knowledge/tmp.txt", "confidence": 1.0}, "score": 1.3600554466247559}, {"content": "God will never lie according to religion.", "metadata": {"source": "knowledge/tmp.txt", "confidence": 0.8}, "score": 1.3627583980560303}], "question": "Question:\nI you believe in god, where will you go when you die?\n\nCandidate Answers:\n1: heaven\n2: church\n3: imagination\n4: synagogue\n5: monastery\n\n\nThere is only one correct option. Therefore, you must choose the answer that is most likely to be correct from all candidate answers.\nYour response should only contain the number of the chosen answer. Your response cannot contain any textual content.\n", "soft_refusal": false, "hard_refusal": true}