{"evidence": "The man was likely catching draining motor oil in the garage or driveway at home. A pail is typically kept in the storage room or utility closet in a house.", "reason": "Based on the evidence provided, the man was likely catching draining motor oil in the garage or driveway at home, where a pail is typically kept in the storage room or utility closet.", "answer": 1, "retrieved_documents": [{"content": "The man was likely catching draining motor oil in the garage or driveway at home.", "metadata": {"source": "knowledge/tmp.txt", "confidence": 0.8}, "score": 0.3813921809196472}, {"content": "A pail is typically kept in the storage room or utility closet in a house.", "metadata": {"source": "knowledge/tmp.txt", "confidence": 0.8}, "score": 0.9885529279708862}, {"content": "Oil was being slowly churned out of the ground by the pumps.", "metadata": {"source": "knowledge/tmp.txt", "confidence": 0.8}, "score": 0.991181492805481}, {"content": "John found his old water hose near his car.", "metadata": {"source": "knowledge/tmp.txt", "confidence": 1.0}, "score": 1.0172632932662964}], "question": "Question:\nThe man got a pail to catch the draining motor oil, where was he likely doing this at home?\n\nCandidate Answers:\n1: garage\n2: hardware store\n3: utility room\n4: wishing well\n5: laundry\n\n\nThere is only one correct option. Therefore, you must choose the answer that is most likely to be correct from all candidate answers.\nYour response should only contain the number of the chosen answer. Your response cannot contain any textual content.\n", "soft_refusal": false, "hard_refusal": false}