{"evidence": "A refrigerator is a type of cold storage that you could find in your house.", "reason": "Based on the knowledge that a refrigerator is a type of cold storage found in houses, we can determine the correct answer.", "answer": 5, "retrieved_documents": [{"content": "A refrigerator is a type of cold storage that you could find in your house.", "metadata": {"source": "knowledge/tmp.txt", "confidence": 1.0}, "score": 0.6744019389152527}, {"content": "A refrigerator has a shelf that does not allow you to see what is inside of it.", "metadata": {"source": "knowledge/tmp.txt", "confidence": 0.8}, "score": 0.8603913187980652}, {"content": "You can buy storage containers or boxes to put your spare unused things.", "metadata": {"source": "knowledge/tmp.txt", "confidence": 0.9}, "score": 0.918330192565918}, {"content": "A shelf is likely to be hidden behind a door in a room or closet.", "metadata": {"source": "knowledge/tmp.txt", "confidence": 0.8}, "score": 0.9493621587753296}], "question": "Question:\nWhat kind of cold storage could you find in your house?\n\nCandidate Answers:\n1: ice pack\n2: freezer\n3: laboratory\n4: warehouse\n5: refrigerator\n\n\nThere is only one correct option. Therefore, you must choose the answer that is most likely to be correct from all candidate answers.\nYour response should only contain the number of the chosen answer. Your response cannot contain any textual content.\n", "soft_refusal": false, "hard_refusal": false}