{"evidence": "A statute is a formal written enactment of a legislative authority that governs a state, city, or country. It is typically found in legal documents, such as laws, regulations, or codes.", "reason": "Based on the knowledge provided, a statute is typically found in legal documents, not on a platform.", "answer": null, "retrieved_documents": [{"content": "A public monument is likely to be erected in a prominent location within a city, such as a park, square, or historical site.", "metadata": {"source": "knowledge/tmp.txt", "confidence": 0.9}, "score": 1.0887452363967896}, {"content": "A statute is a formal written enactment of a legislative authority that governs a state, city, or country. It is typically found in legal documents, such as laws, regulations, or codes.", "metadata": {"source": "knowledge/tmp.txt", "confidence": 0.9}, "score": 1.1122891902923584}, {"content": "A statue that shoots liquid is called a fountain", "metadata": {"source": "knowledge/tmp.txt", "confidence": 0.9}, "score": 1.2382861375808716}, {"content": "A ruler would be placed on the tabletop of a table.", "metadata": {"source": "knowledge/tmp.txt", "confidence": 0.9}, "score": 1.249354600906372}], "question": "Question:\nWhere is a statute found on a platform?\n\nCandidate Answers:\n1: below\n2: arena\n3: concert hall\n4: museum\n5: building\n\n\nThere is only one correct option. Therefore, you must choose the answer that is most likely to be correct from all candidate answers.\nYour response should only contain the number of the chosen answer. Your response cannot contain any textual content.\n", "soft_refusal": true, "hard_refusal": true}