{"evidence": "A round brush, if not used for hair, is an example of a painting tool.", "reason": "Based on the knowledge provided, a round brush can be used for painting when not used for hair.", "answer": 3, "retrieved_documents": [{"content": "A round brush, if not used for hair, is an example of a painting tool.", "metadata": {"source": "knowledge/tmp.txt", "confidence": 0.8}, "score": 0.41046711802482605}, {"content": "Ceiling fan blades might be the hardest to dust.", "metadata": {"source": "knowledge/tmp.txt", "confidence": 0.8}, "score": 1.262454867362976}, {"content": "Various things could go on top of wood, such as paint, varnish, wax, or other finishes.", "metadata": {"source": "knowledge/tmp.txt", "confidence": 0.8}, "score": 1.3137438297271729}, {"content": "A person typically takes a shower or bath to clean themselves when they feel dirty.", "metadata": {"source": "knowledge/tmp.txt", "confidence": 0.9}, "score": 1.322492003440857}], "question": "Question:\nIf it's not used for hair a round brush is an example of what?\n\nCandidate Answers:\n1: hair brush\n2: ladies bathroom\n3: art supplies\n4: shower\n5: hair salon\n\n\nThere is only one correct option. Therefore, you must choose the answer that is most likely to be correct from all candidate answers.\nYour response should only contain the number of the chosen answer. Your response cannot contain any textual content.\n", "soft_refusal": false, "hard_refusal": false}