{"evidence": "The knowledge base mentions that forgetting chewables at the picnic made her worried about preventing indigestion.", "reason": "The evidence provided indicates that she was worried about preventing indigestion because she forgot her chewables at the picnic.", "answer": 4, "retrieved_documents": [{"content": "Forgetting her chewables at the picnic made her worried about preventing indigestion.", "metadata": {"source": "knowledge/tmp.txt", "confidence": 0.8}, "score": 0.6527059674263}, {"content": "Boredom and hunger led to a wandering waste of time and a cart full of unhealthy snacks during her trip to the grocery store.", "metadata": {"source": "knowledge/tmp.txt", "confidence": 0.7}, "score": 0.9930214881896973}, {"content": "After the meal, there would be a messy plate.", "metadata": {"source": "knowledge/tmp.txt", "confidence": 0.8}, "score": 1.0719186067581177}, {"content": "They needed grape juice for their party, they went to buy it and other snacks at the grocery store.", "metadata": {"source": "knowledge/tmp.txt", "confidence": 0.8}, "score": 1.0790824890136719}], "question": "Question:\nAt the picnic she was stuck eating hamburger, she was worried because she forgot her chewables to prevent what?\n\nCandidate Answers:\n1: eat cake\n2: have fun\n3: food poisoning\n4: heartburn\n5: gain weight\n\n\nThere is only one correct option. Therefore, you must choose the answer that is most likely to be correct from all candidate answers.\nYour response should only contain the number of the chosen answer. Your response cannot contain any textual content.\n", "soft_refusal": false, "hard_refusal": true}