{"evidence": "The teacher was hoping her students would learn multiplication next.", "reason": "The evidence explicitly states that the teacher was hoping her students would learn multiplication next.", "answer": 1, "retrieved_documents": [{"content": "The teacher was hoping her students would learn multiplication next.", "metadata": {"source": "knowledge/tmp.txt", "confidence": 0.9}, "score": 0.6320589780807495}, {"content": "Learning is likely to result in acquiring new knowledge or skills.", "metadata": {"source": "knowledge/tmp.txt", "confidence": 0.9}, "score": 1.2160627841949463}, {"content": "The light helped the girls see and enabled them to finish their homework.", "metadata": {"source": "knowledge/tmp.txt", "confidence": 0.9}, "score": 1.241263747215271}, {"content": "She signed up for computer classes to learn more about the computer.", "metadata": {"source": "knowledge/tmp.txt", "confidence": 0.8}, "score": 1.2419242858886719}], "question": "Question:\nThe teacher knew her students understood division, what was she hoping they would learn next?\n\nCandidate Answers:\n1: multiplication\n2: multiply\n3: putting together\n4: unity\n5: pay debts\n\n\nThere is only one correct option. Therefore, you must choose the answer that is most likely to be correct from all candidate answers.\nYour response should only contain the number of the chosen answer. Your response cannot contain any textual content.\n", "soft_refusal": false, "hard_refusal": false}