{"evidence": "A room with no music and no other noise would be quiet. A musician would use a musical instrument.", "reason": "Based on the knowledge provided, we know that a room with no music and no other noise would be quiet. This implies that if you turn off the music in such a room, it would be silent.", "answer": 1, "retrieved_documents": [{"content": "A room with no music and no other noise would be quiet.", "metadata": {"source": "knowledge/tmp.txt", "confidence": 1.0}, "score": 0.3923003375530243}, {"content": "A musician would use a musical instrument.", "metadata": {"source": "knowledge/tmp.txt", "confidence": 1.0}, "score": 1.0732204914093018}, {"content": "Turning the fan on can make the room more comfortable.", "metadata": {"source": "knowledge/tmp.txt", "confidence": 0.9}, "score": 1.0880968570709229}, {"content": "The sound of the engine", "metadata": {"source": "knowledge/tmp.txt", "confidence": 0.8}, "score": 1.1752798557281494}], "question": "Question:\nIf you turn off the music in a room with no other noise that room would be what?\n\nCandidate Answers:\n1: silent\n2: opera\n3: silence\n4: television\n5: elevator\n\n\nThere is only one correct option. Therefore, you must choose the answer that is most likely to be correct from all candidate answers.\nYour response should only contain the number of the chosen answer. Your response cannot contain any textual content.\n", "soft_refusal": false, "hard_refusal": false}