{"evidence": "The United States has the most fast food restaurants.", "reason": "Based on the knowledge that the United States has the most fast food restaurants, we can conclude that the country with the most fast food restaurants is America.", "answer": 4, "retrieved_documents": [{"content": "The United States has the most fast food restaurants.", "metadata": {"source": "knowledge/tmp.txt", "confidence": 0.9}, "score": 0.5045132637023926}, {"content": "You could go to a city or a large urban area with a high concentration of restaurants.", "metadata": {"source": "knowledge/tmp.txt", "confidence": 0.8}, "score": 0.8168388605117798}, {"content": "Japanese restaurants not run by people from Japan can be found in countries outside of Japan where there is a demand for Japanese cuisine.", "metadata": {"source": "knowledge/tmp.txt", "confidence": 0.8}, "score": 0.985372006893158}, {"content": "Any restaurant is considered a Mexican restaurant in Mexico.", "metadata": {"source": "knowledge/tmp.txt", "confidence": 0.8}, "score": 0.9871814250946045}], "question": "Question:\nIn what country are the most fast food restaurants?\n\nCandidate Answers:\n1: new york\n2: blocks of flats\n3: center of town\n4: america\n5: big cities\n\n\nThere is only one correct option. Therefore, you must choose the answer that is most likely to be correct from all candidate answers.\nYour response should only contain the number of the chosen answer. Your response cannot contain any textual content.\n", "soft_refusal": false, "hard_refusal": false}