{"evidence": "The knowledge base mentions that tying a string tightly around an object can prevent it from moving.", "reason": "Based on the knowledge that tying a string tightly around an object can prevent it from moving, the correct answer would be to 'tie around' the object with the string.", "answer": 1, "retrieved_documents": [{"content": "Tying a string tightly around an object can prevent it from moving.", "metadata": {"source": "knowledge/tmp.txt", "confidence": 0.8}, "score": 0.4997735619544983}, {"content": "The small flying animal may be taking the string to build a nest or use it for nesting material.", "metadata": {"source": "knowledge/tmp.txt", "confidence": 0.8}, "score": 1.2380456924438477}, {"content": "To keep something in their hand, a person should grip or hold onto the object with their fingers and palm.", "metadata": {"source": "knowledge/tmp.txt", "confidence": 0.9}, "score": 1.302232027053833}, {"content": "The string began at the kite", "metadata": {"source": "knowledge/tmp.txt", "confidence": 1.0}, "score": 1.36234712600708}], "question": "Question:\nI want to use string to keep something from moving, how should I do it?\n\nCandidate Answers:\n1: tie around\n2: wind around\n3: weave\n4: stringbed\n5: ball up\n\n\nThere is only one correct option. Therefore, you must choose the answer that is most likely to be correct from all candidate answers.\nYour response should only contain the number of the chosen answer. Your response cannot contain any textual content.\n", "soft_refusal": false, "hard_refusal": false}