{"evidence": "When networking, people interact with others to exchange information, contacts, and develop professional or social relationships.", "reason": "Based on the knowledge provided, people engage in networking to exchange information, contacts, and develop relationships.", "answer": 1, "retrieved_documents": [{"content": "When networking, people interact with others to exchange information, contacts, and develop professional or social relationships.", "metadata": {"source": "knowledge/tmp.txt", "confidence": 0.9}, "score": 0.5099225640296936}, {"content": "You would go to an office to work, attend meetings, collaborate with colleagues, and perform job-related tasks.", "metadata": {"source": "knowledge/tmp.txt", "confidence": 0.9}, "score": 1.023598074913025}, {"content": "People are likely to want to socialize, hang out, have fun, and share experiences with their friends.", "metadata": {"source": "knowledge/tmp.txt", "confidence": 0.9}, "score": 1.0395959615707397}, {"content": "Communication can be done through various means such as phone calls, text messages, emails, video calls, social media platforms, or messaging apps.", "metadata": {"source": "knowledge/tmp.txt", "confidence": 1.0}, "score": 1.090151309967041}], "question": "Question:\nWhat do people do when networking?\n\nCandidate Answers:\n1: build trust\n2: hurry home\n3: ignore people\n4: believe in god\n5: jump to conclusions\n\n\nThere is only one correct option. Therefore, you must choose the answer that is most likely to be correct from all candidate answers.\nYour response should only contain the number of the chosen answer. Your response cannot contain any textual content.\n", "soft_refusal": false, "hard_refusal": false}