{"evidence": "You can store your spare linens near your socks in a drawer or storage container. Nylon leggings are typically kept in a drawer or closet with other clothing items. Fabric can be stored in a closet, wardrobe, or storage bin in one's own home. A pillow case that is not in use can be stored in a closet or a drawer.", "reason": "Based on the provided knowledge base, spare linens can be stored in a drawer, which is also a common place to store socks.", "answer": 4, "retrieved_documents": [{"content": "You can store your spare linens near your socks in a drawer or storage container.", "metadata": {"source": "knowledge/tmp.txt", "confidence": 0.8}, "score": 0.27192768454551697}, {"content": "Nylon leggings are typically kept in a drawer or closet with other clothing items.", "metadata": {"source": "knowledge/tmp.txt", "confidence": 0.8}, "score": 0.7234700322151184}, {"content": "Fabric can be stored in a closet, wardrobe, or storage bin in one's own home.", "metadata": {"source": "knowledge/tmp.txt", "confidence": 0.9}, "score": 0.7484050393104553}, {"content": "A pillow case that is not in use can be stored in a closet or a drawer.", "metadata": {"source": "knowledge/tmp.txt", "confidence": 0.9}, "score": 0.9153364300727844}], "question": "Question:\nWhere can you store you spare linens near your socks?\n\nCandidate Answers:\n1: hospital\n2: chest\n3: home\n4: dresser drawers\n5: cabinet\n\n\nThere is only one correct option. Therefore, you must choose the answer that is most likely to be correct from all candidate answers.\nYour response should only contain the number of the chosen answer. Your response cannot contain any textual content.\n", "soft_refusal": false, "hard_refusal": false}