{"evidence": "People are likely to want to socialize, hang out, have fun, and share experiences with their friends.", "reason": "Based on the knowledge that people like to socialize and have fun with friends, the answer can be inferred.", "answer": 4, "retrieved_documents": [{"content": "You could go to a park, a restaurant, a movie theater, or a bowling alley.", "metadata": {"source": "knowledge/tmp.txt", "confidence": 0.8}, "score": 0.7267888784408569}, {"content": "People are likely to want to socialize, hang out, have fun, and share experiences with their friends.", "metadata": {"source": "knowledge/tmp.txt", "confidence": 0.9}, "score": 0.989802360534668}, {"content": "You could have fun by yourself with activities such as reading a book, watching a movie, going for a walk, listening to music, painting, or practicing a hobby.", "metadata": {"source": "knowledge/tmp.txt", "confidence": 0.9}, "score": 1.077940583229065}, {"content": "Before going to the bar, you might go to a restaurant or a friend's house.", "metadata": {"source": "knowledge/tmp.txt", "confidence": 0.8}, "score": 1.105007290840149}], "question": "Question:\nWhere would you go if you wanted to have fun with a few people?\n\nCandidate Answers:\n1: watching television\n2: good\n3: cinema\n4: friend's house\n5: fairgrounds\n\n\nThere is only one correct option. Therefore, you must choose the answer that is most likely to be correct from all candidate answers.\nYour response should only contain the number of the chosen answer. Your response cannot contain any textual content.\n", "soft_refusal": false, "hard_refusal": true}