{"evidence": "After finishing creating art, someone might share it with others, display it in an exhibition, sell it, or keep it for themselves.", "reason": "Based on the knowledge provided, the options of frustration, relax, eat, enlightenment, and communication do not directly relate to what someone might do after finishing creating art. The closest option is 'share it with others' or 'display it in an exhibition'.", "answer": 1, "retrieved_documents": [{"content": "After finishing creating art, someone might share it with others, display it in an exhibition, sell it, or keep it for themselves.", "metadata": {"source": "knowledge/tmp.txt", "confidence": 0.9}, "score": 0.5087494850158691}, {"content": "The artist began to paint when inspiration struck him.", "metadata": {"source": "knowledge/tmp.txt", "confidence": 0.9}, "score": 1.0017387866973877}, {"content": "You would sit in a classroom or study area while working toward an advanced degree.", "metadata": {"source": "knowledge/tmp.txt", "confidence": 0.9}, "score": 1.1808949708938599}, {"content": "To see something beautiful when suffering from boredom, you can try watching a sunset, visiting a botanical garden, or exploring art galleries.", "metadata": {"source": "knowledge/tmp.txt", "confidence": 0.8}, "score": 1.209623098373413}], "question": "Question:\nWhat might someone do after they finish creating art?\n\nCandidate Answers:\n1: frustration\n2: relax\n3: eat\n4: enlightenment\n5: communication\n\n\nThere is only one correct option. Therefore, you must choose the answer that is most likely to be correct from all candidate answers.\nYour response should only contain the number of the chosen answer. Your response cannot contain any textual content.\n", "soft_refusal": false, "hard_refusal": false}