{"evidence": "To get clean clothes, you need to wash them. Clothes become torn or ripped when caught on a sharp object while washing. A person typically takes a shower or bath to clean themselves when they feel dirty. You can store your spare linens near your socks in a drawer or storage container.", "reason": "The evidence provided clearly states that to get clean clothes, you need to wash them.", "answer": 4, "retrieved_documents": [{"content": "To get clean clothes, you need to wash them.", "metadata": {"source": "knowledge/tmp.txt", "confidence": 1.0}, "score": 0.4668465852737427}, {"content": "Clothes become torn or ripped when caught on a sharp object while washing.", "metadata": {"source": "knowledge/tmp.txt", "confidence": 0.9}, "score": 0.9278664588928223}, {"content": "A person typically takes a shower or bath to clean themselves when they feel dirty.", "metadata": {"source": "knowledge/tmp.txt", "confidence": 0.9}, "score": 0.976722002029419}, {"content": "You can store your spare linens near your socks in a drawer or storage container.", "metadata": {"source": "knowledge/tmp.txt", "confidence": 0.8}, "score": 0.9813297986984253}], "question": "Question:\nTo get clean clothes you to what to them?\n\nCandidate Answers:\n1: get dirty\n2: writing\n3: use water\n4: launder\n5: soap\n\n\nThere is only one correct option. Therefore, you must choose the answer that is most likely to be correct from all candidate answers.\nYour response should only contain the number of the chosen answer. Your response cannot contain any textual content.\n", "soft_refusal": false, "hard_refusal": false}