{"evidence": "Christine was likely a woman. Parenthood is the term used when two people in love have children.", "reason": "Based on the knowledge that Christine was likely a woman and the concept of parenthood involving having children, we can infer that Christine couldn't be having a baby at her age.", "answer": 1, "retrieved_documents": [{"content": "Christine was likely a woman", "metadata": {"source": "knowledge/tmp.txt", "confidence": 0.8}, "score": 0.7026676535606384}, {"content": "Her attitude toward life likely improved or became more positive after discovering she did not have cancer.", "metadata": {"source": "knowledge/tmp.txt", "confidence": 0.8}, "score": 1.2348724603652954}, {"content": "The child had love and support for his mother despite not knowing the problems she was going through.", "metadata": {"source": "knowledge/tmp.txt", "confidence": 0.8}, "score": 1.23630690574646}, {"content": "Parenthood is the term used when two people in love have children.", "metadata": {"source": "knowledge/tmp.txt", "confidence": 0.9}, "score": 1.2497050762176514}], "question": "Question:\nChristine couldn't be having a baby at her age, she thought to herself. What was Christine?\n\nCandidate Answers:\n1: old person\n2: begin to talk\n3: adult\n4: old man\n5: girl\n\n\nThere is only one correct option. Therefore, you must choose the answer that is most likely to be correct from all candidate answers.\nYour response should only contain the number of the chosen answer. Your response cannot contain any textual content.\n", "soft_refusal": false, "hard_refusal": true}