{"evidence": "In order to compete against someone, the terms need to be equal or similar. Competing could result in multiple outcomes for James, such as winning, losing, or tying with another competitor. Competing can lead to great highs, and also great lows when suffering defeat or failure.", "reason": "The evidence provided clearly states that in order to compete against someone, the terms need to be equal or similar.", "answer": 2, "retrieved_documents": [{"content": "In order to compete against someone, the terms need to be equal or similar.", "metadata": {"source": "knowledge/tmp.txt", "confidence": 0.8}, "score": 0.5821369290351868}, {"content": "Competing could result in multiple outcomes for James, such as winning, losing, or tying with another competitor.", "metadata": {"source": "knowledge/tmp.txt", "confidence": 0.8}, "score": 0.9629129767417908}, {"content": "Competing can lead to great highs, and also great lows when suffering defeat or failure.", "metadata": {"source": "knowledge/tmp.txt", "confidence": 0.9}, "score": 1.1306452751159668}, {"content": "A battle that involves words could take place in a debate or argument.", "metadata": {"source": "knowledge/tmp.txt", "confidence": 0.9}, "score": 1.1608800888061523}], "question": "Question:\nWhat do the terms need to be in order to compete against someone?\n\nCandidate Answers:\n1: cheat\n2: fair\n3: in competition\n4: practice\n5: sabotage\n\n\nThere is only one correct option. Therefore, you must choose the answer that is most likely to be correct from all candidate answers.\nYour response should only contain the number of the chosen answer. Your response cannot contain any textual content.\n", "soft_refusal": false, "hard_refusal": false}