{"evidence": "Silk can be shown off on a dress or a scarf.", "reason": "Based on the knowledge that silk can be shown off on a dress or a scarf, it is clear that garments are the items on which silk can be displayed.", "answer": 3, "retrieved_documents": [{"content": "Silk can be shown off on a dress or a scarf.", "metadata": {"source": "knowledge/tmp.txt", "confidence": 0.8}, "score": 0.37442082166671753}, {"content": "You would go to a clothing store or a department store.", "metadata": {"source": "knowledge/tmp.txt", "confidence": 1.0}, "score": 1.1571747064590454}, {"content": "The location where the man is buying silk is unknown due to lack of context or specific information.", "metadata": {"source": "knowledge/tmp.txt", "confidence": 0.0}, "score": 1.1833810806274414}, {"content": "Flowers make a good center focal point on a table.", "metadata": {"source": "knowledge/tmp.txt", "confidence": 0.9}, "score": 1.242674708366394}], "question": "Question:\nIf you wanted to show off silk, what item could it be on?\n\nCandidate Answers:\n1: jean\n2: mulberry tree\n3: garments\n4: expensive clothing\n5: parachutes\n\n\nThere is only one correct option. Therefore, you must choose the answer that is most likely to be correct from all candidate answers.\nYour response should only contain the number of the chosen answer. Your response cannot contain any textual content.\n", "soft_refusal": false, "hard_refusal": false}