{"evidence": "Libraries are known to be a wealth of information. Books can be read in libraries, bookstores, schools, homes, and online.", "reason": "Based on the knowledge provided, libraries are specifically mentioned as a source of vast information.", "answer": 4, "retrieved_documents": [{"content": "Libraries are known to be a wealth of information.", "metadata": {"source": "knowledge/tmp.txt", "confidence": 0.9}, "score": 0.8253052234649658}, {"content": "Access to vast amounts of information quickly", "metadata": {"source": "knowledge/tmp.txt", "confidence": 0.8}, "score": 0.9384205937385559}, {"content": "Human beings learn about current events from newspapers.", "metadata": {"source": "knowledge/tmp.txt", "confidence": 0.9}, "score": 1.2041001319885254}, {"content": "Books can be read in libraries, bookstores, schools, homes, and online.", "metadata": {"source": "knowledge/tmp.txt", "confidence": 0.9}, "score": 1.2161145210266113}], "question": "Question:\nWhere is known to be a wealth of information?\n\nCandidate Answers:\n1: park\n2: internet\n3: meeting\n4: library\n5: book\n\n\nThere is only one correct option. Therefore, you must choose the answer that is most likely to be correct from all candidate answers.\nYour response should only contain the number of the chosen answer. Your response cannot contain any textual content.\n", "soft_refusal": false, "hard_refusal": true}