{"evidence": "The knowledge base mentions that a good place to store pamphlets in your home or office is in a filing cabinet or a designated drawer.", "reason": "Based on the knowledge provided, the preferred location for the resume to end up is likely in a filing cabinet or a designated drawer.", "answer": 1, "retrieved_documents": [{"content": "You wanted your resume to end up in the hands of the hiring manager or the person responsible for reviewing job applications.", "metadata": {"source": "knowledge/tmp.txt", "confidence": 0.8}, "score": 0.9496875405311584}, {"content": "You can keep the letter opener on your desk or in a drawer where it is easily accessible.", "metadata": {"source": "knowledge/tmp.txt", "confidence": 0.8}, "score": 1.0936187505722046}, {"content": "The stapler could be in the drawer, on the desk, or in the stationery cupboard.", "metadata": {"source": "knowledge/tmp.txt", "confidence": 0.8}, "score": 1.0959707498550415}, {"content": "A good place to store pamphlets in your home or office is in a filing cabinet or a designated drawer.", "metadata": {"source": "knowledge/tmp.txt", "confidence": 0.8}, "score": 1.150109887123108}], "question": "Question:\nI saw the receptionist carelessly toss my resume into the drawer, where did I want it to end up?\n\nCandidate Answers:\n1: file cabinet\n2: nightstand\n3: kitchen cabinet\n4: office desk\n5: the floor\n\n\nThere is only one correct option. Therefore, you must choose the answer that is most likely to be correct from all candidate answers.\nYour response should only contain the number of the chosen answer. Your response cannot contain any textual content.\n", "soft_refusal": false, "hard_refusal": true}