{"evidence": "John and the lady were strangers. John lived in an unknown location.", "reason": "Based on the evidence provided, it is clear that John and the lady were unacquainted.", "answer": 3, "retrieved_documents": [{"content": "John and the lady were strangers.", "metadata": {"source": "knowledge/tmp.txt", "confidence": 0.8}, "score": 0.8231565952301025}, {"content": "John lived in an unknown location.", "metadata": {"source": "knowledge/tmp.txt", "confidence": 0.0}, "score": 0.8818048238754272}, {"content": "John might have been on a horse.", "metadata": {"source": "knowledge/tmp.txt", "confidence": 0.7}, "score": 1.0415318012237549}, {"content": "It is unclear what she wanted to do with the man as the question is vague and lacks context.", "metadata": {"source": "knowledge/tmp.txt", "confidence": 0.5}, "score": 1.0769094228744507}], "question": "Question:\nJohn was a bit think in the head, but he knew that he never saw the lady before.  They were what?\n\nCandidate Answers:\n1: pay debts\n2: slender\n3: unacquainted\n4: free flowing\n5: sparse\n\n\nThere is only one correct option. Therefore, you must choose the answer that is most likely to be correct from all candidate answers.\nYour response should only contain the number of the chosen answer. Your response cannot contain any textual content.\n", "soft_refusal": false, "hard_refusal": true}