{"evidence": "A violin is heard along side many string and wind instruments in an orchestra. Wind instruments can be found together in public at a music store or a music concert.", "reason": "Based on the knowledge that a violin is heard alongside many string and wind instruments in an orchestra, the most likely place to hear a violin along with other instruments is in an orchestra.", "answer": 3, "retrieved_documents": [{"content": "A violin is heard along side many string and wind instruments in an orchestra.", "metadata": {"source": "knowledge/tmp.txt", "confidence": 1.0}, "score": 0.42678093910217285}, {"content": "Wind instruments can be found together in public at a music store or a music concert.", "metadata": {"source": "knowledge/tmp.txt", "confidence": 0.8}, "score": 0.7061044573783875}, {"content": "Playing a violin involves fiddling on a violin.", "metadata": {"source": "knowledge/tmp.txt", "confidence": 1.0}, "score": 0.9227104187011719}, {"content": "A musician would use a musical instrument.", "metadata": {"source": "knowledge/tmp.txt", "confidence": 1.0}, "score": 0.9377565383911133}], "question": "Question:\nWhere would you hear a violin along side many string and wind instruments?\n\nCandidate Answers:\n1: school\n2: string quartet\n3: orchestra\n4: kitchen\n5: music room\n\n\nThere is only one correct option. Therefore, you must choose the answer that is most likely to be correct from all candidate answers.\nYour response should only contain the number of the chosen answer. Your response cannot contain any textual content.\n", "soft_refusal": false, "hard_refusal": false}