{"evidence": "Joe, being a squirrel, probably lives in a forest or wooded area. A squirrel would likely live in a forest, park, or wooded area outside of a city.", "reason": "Based on the knowledge provided, it is indicated that squirrels like Joe would live in a forest, park, or wooded area outside of a city.", "answer": 3, "retrieved_documents": [{"content": "Joe, being a squirrel, probably lives in a forest or wooded area.", "metadata": {"source": "knowledge/tmp.txt", "confidence": 0.8}, "score": 0.19002588093280792}, {"content": "Joe is probably in a conference center or a convention center.", "metadata": {"source": "knowledge/tmp.txt", "confidence": 0.8}, "score": 0.8466985821723938}, {"content": "A squirrel would likely live in a forest, park, or wooded area outside of a city.", "metadata": {"source": "knowledge/tmp.txt", "confidence": 0.9}, "score": 0.8866764307022095}, {"content": "Joe might play in a band or orchestra.", "metadata": {"source": "knowledge/tmp.txt", "confidence": 0.8}, "score": 0.9358551502227783}], "question": "Question:\nJoe is a  squirrel, which is an animal. He probably lives in what sort of place.\n\nCandidate Answers:\n1: pet store\n2: outside\n3: woodland\n4: ocean\n5: cafe\n\n\nThere is only one correct option. Therefore, you must choose the answer that is most likely to be correct from all candidate answers.\nYour response should only contain the number of the chosen answer. Your response cannot contain any textual content.\n", "soft_refusal": false, "hard_refusal": false}