{"evidence": "A personal ficus could live indoors as a houseplant.", "reason": "Based on the knowledge that a personal ficus could live indoors as a houseplant, it is likely to be found in a conservatory.", "answer": 4, "retrieved_documents": [{"content": "A personal ficus could live indoors as a houseplant.", "metadata": {"source": "knowledge/tmp.txt", "confidence": 0.9}, "score": 0.4753738045692444}, {"content": "The meaning of \"ficus\" can be found in a dictionary or by searching online.", "metadata": {"source": "knowledge/tmp.txt", "confidence": 0.8}, "score": 0.836744487285614}, {"content": "A bird is likely to make its home in a nest, typically in trees or bushes.", "metadata": {"source": "knowledge/tmp.txt", "confidence": 0.9}, "score": 1.1011652946472168}, {"content": "Joe, being a squirrel, probably lives in a forest or wooded area.", "metadata": {"source": "knowledge/tmp.txt", "confidence": 0.8}, "score": 1.119485855102539}], "question": "Question:\nWhere could a personal ficus live?\n\nCandidate Answers:\n1: cabin in the woods\n2: california\n3: front yard\n4: conservatory\n5: tropical forest\n\n\nThere is only one correct option. Therefore, you must choose the answer that is most likely to be correct from all candidate answers.\nYour response should only contain the number of the chosen answer. Your response cannot contain any textual content.\n", "soft_refusal": false, "hard_refusal": false}