{"evidence": "A dictionary can be found in a library along side other writings that can be borrowed.", "reason": "The knowledge base explicitly states that a dictionary can be found in a library along with other borrowable writings.", "answer": 5, "retrieved_documents": [{"content": "A dictionary can be found in a library along side other writings that can be borrowed.", "metadata": {"source": "knowledge/tmp.txt", "confidence": 1.0}, "score": 0.3468875586986542}, {"content": "A nice big dictionary was in the library.", "metadata": {"source": "knowledge/tmp.txt", "confidence": 0.9}, "score": 0.7606182098388672}, {"content": "Literature is usually kept on bookshelves or in libraries.", "metadata": {"source": "knowledge/tmp.txt", "confidence": 0.9}, "score": 1.033267617225647}, {"content": "A cheap book can be found at discount bookstores, online marketplaces, thrift stores, or through book sales and promotions.", "metadata": {"source": "knowledge/tmp.txt", "confidence": 0.8}, "score": 1.1190979480743408}], "question": "Question:\nWhere would you expect to find a dictionary along side other writings you can borrow?\n\nCandidate Answers:\n1: classroom\n2: shelf\n3: explain meaning of words\n4: table\n5: library\n\n\nThere is only one correct option. Therefore, you must choose the answer that is most likely to be correct from all candidate answers.\nYour response should only contain the number of the chosen answer. Your response cannot contain any textual content.\n", "soft_refusal": false, "hard_refusal": false}