{"evidence": "The knowledge base includes information about getting in shape, such as the need for regular exercise, a balanced diet, and adequate rest.", "reason": "Based on the knowledge provided, it is clear that exercise is necessary for getting in shape.", "answer": 2, "retrieved_documents": [{"content": "Getting in shape typically requires a combination of regular exercise, a balanced diet, and adequate rest.", "metadata": {"source": "knowledge/tmp.txt", "confidence": 0.9}, "score": 0.47730472683906555}, {"content": "Regular exercise does wonders when getting in shape.", "metadata": {"source": "knowledge/tmp.txt", "confidence": 0.8}, "score": 0.7388139367103577}, {"content": "She wanted to get in shape by doing an hour long workout.", "metadata": {"source": "knowledge/tmp.txt", "confidence": 0.9}, "score": 1.095302939414978}, {"content": "It is recommended to start the day with a healthy breakfast, some light exercise, and setting goals for the day.", "metadata": {"source": "knowledge/tmp.txt", "confidence": 0.8}, "score": 1.1780122518539429}], "question": "Question:\nWhat would be necessary for getting in shape?\n\nCandidate Answers:\n1: good health\n2: exercise\n3: muscle tone\n4: sweat\n5: feel better\n\n\nThere is only one correct option. Therefore, you must choose the answer that is most likely to be correct from all candidate answers.\nYour response should only contain the number of the chosen answer. Your response cannot contain any textual content.\n", "soft_refusal": false, "hard_refusal": false}