{"evidence": "Mexico is a Spanish speaking North American country where you can get a great cup of coffee.", "reason": "The knowledge base explicitly states that Mexico is a Spanish speaking North American country where you can get a great cup of coffee.", "answer": 2, "retrieved_documents": [{"content": "Mexico is a Spanish speaking North American country where you can get a great cup of coffee.", "metadata": {"source": "knowledge/tmp.txt", "confidence": 0.8}, "score": 0.5716332197189331}, {"content": "People often want to have a lot of coffee in cafes or coffee shops.", "metadata": {"source": "knowledge/tmp.txt", "confidence": 0.8}, "score": 0.9725292921066284}, {"content": "Most people make coffee at home.", "metadata": {"source": "knowledge/tmp.txt", "confidence": 0.8}, "score": 1.0885729789733887}, {"content": "Any restaurant is considered a Mexican restaurant in Mexico.", "metadata": {"source": "knowledge/tmp.txt", "confidence": 0.8}, "score": 1.2113831043243408}], "question": "Question:\nIn what Spanish speaking North American country can you get a great cup of coffee?\n\nCandidate Answers:\n1: mildred's coffee shop\n2: mexico\n3: diner\n4: kitchen\n5: canteen\n\n\nThere is only one correct option. Therefore, you must choose the answer that is most likely to be correct from all candidate answers.\nYour response should only contain the number of the chosen answer. Your response cannot contain any textual content.\n", "soft_refusal": false, "hard_refusal": false}