{"evidence": "Michigan is commonly referred to as the 'glove-shaped state' due to its shape resembling a mitten or glove. People can get beer at a bar or a casino's bar after a bit of gambling.", "reason": "Based on the knowledge provided, if you are in a bar in a glove-shaped state, you would most likely be in Michigan.", "answer": 2, "retrieved_documents": [{"content": "Michigan is commonly referred to as the 'glove-shaped state' due to its shape resembling a mitten or glove.", "metadata": {"source": "knowledge/tmp.txt", "confidence": 0.9}, "score": 0.9476677179336548}, {"content": "You are at a pizzeria or a pizza restaurant.", "metadata": {"source": "knowledge/tmp.txt", "confidence": 0.9}, "score": 1.0513310432434082}, {"content": "Before going to the bar, you might go to a restaurant or a friend's house.", "metadata": {"source": "knowledge/tmp.txt", "confidence": 0.8}, "score": 1.2518349885940552}, {"content": "People can get beer at a bar or a casino's bar after a bit of gambling.", "metadata": {"source": "knowledge/tmp.txt", "confidence": 0.8}, "score": 1.2621378898620605}], "question": "Question:\nIf you are in a bar in a glove shaped state where are you?\n\nCandidate Answers:\n1: in my pocket\n2: michigan\n3: new york city\n4: restaurant\n5: public house\n\n\nThere is only one correct option. Therefore, you must choose the answer that is most likely to be correct from all candidate answers.\nYour response should only contain the number of the chosen answer. Your response cannot contain any textual content.\n", "soft_refusal": false, "hard_refusal": true}