{"evidence": "John usually painted houses with a paintbrush.", "reason": "Based on the evidence provided, John usually painted houses with a paintbrush.", "answer": 2, "retrieved_documents": [{"content": "John usually painted houses with a paintbrush.", "metadata": {"source": "knowledge/tmp.txt", "confidence": 0.8}, "score": 0.22713667154312134}, {"content": "The artist began to paint when inspiration struck him.", "metadata": {"source": "knowledge/tmp.txt", "confidence": 0.9}, "score": 0.9160771369934082}, {"content": "The painter started to edge the room with tape, he always took extra care to make the lines clean and crisp when working with an edge.", "metadata": {"source": "knowledge/tmp.txt", "confidence": 0.9}, "score": 0.9722841382026672}, {"content": "He began doing housework to get his house in order and clean.", "metadata": {"source": "knowledge/tmp.txt", "confidence": 0.9}, "score": 1.0089606046676636}], "question": "Question:\nJohn loved to paint houses.  How did he usually do it?\n\nCandidate Answers:\n1: clothes get stained\n2: with brush\n3: wallpaper\n4: electrical circuit\n5: draw\n\n\nThere is only one correct option. Therefore, you must choose the answer that is most likely to be correct from all candidate answers.\nYour response should only contain the number of the chosen answer. Your response cannot contain any textual content.\n", "soft_refusal": false, "hard_refusal": false}