{"evidence": "When you wipe your feet on the door mat and walk through the door, you enter the house or building. A doormat is likely to be in front of a door.", "reason": "Based on the evidence provided, it is clear that when you wipe your feet on the door mat and walk through the door, you enter the house or building.", "answer": 4, "retrieved_documents": [{"content": "When you wipe your feet on the door mat and walk through the door, you enter the house or building.", "metadata": {"source": "knowledge/tmp.txt", "confidence": 1.0}, "score": 0.4271652400493622}, {"content": "A doormat is likely to be in front of a door.", "metadata": {"source": "knowledge/tmp.txt", "confidence": 1.0}, "score": 0.8008807897567749}, {"content": "Entering a room or building", "metadata": {"source": "knowledge/tmp.txt", "confidence": 0.9}, "score": 0.8508654236793518}, {"content": "A rubber bath mat is usually kept in the bathroom.", "metadata": {"source": "knowledge/tmp.txt", "confidence": 0.9}, "score": 1.0540143251419067}], "question": "Question:\nWhen you wipe you feet on the door mat and walk through the door where do you enter?\n\nCandidate Answers:\n1: a chair\n2: school\n3: living room\n4: doorway\n5: bathroom\n\n\nThere is only one correct option. Therefore, you must choose the answer that is most likely to be correct from all candidate answers.\nYour response should only contain the number of the chosen answer. Your response cannot contain any textual content.\n", "soft_refusal": false, "hard_refusal": false}