{"evidence": "Air conditioners can be turned on to cool down a home when it feels too hot. Turning the fan on can make the room more comfortable.", "reason": "Based on the knowledge provided, when feeling too much heat in your home, you can turn on the air conditioner to cool down the home.", "answer": 5, "retrieved_documents": [{"content": "Air conditioners can be turned on to cool down a home when it feels too hot.", "metadata": {"source": "knowledge/tmp.txt", "confidence": 0.9}, "score": 0.8398469090461731}, {"content": "Turning the fan on can make the room more comfortable.", "metadata": {"source": "knowledge/tmp.txt", "confidence": 0.9}, "score": 0.863028883934021}, {"content": "A stove heats up the place that it's in.", "metadata": {"source": "knowledge/tmp.txt", "confidence": 0.9}, "score": 0.9451999664306641}, {"content": "Candles are good for eliminating odors.", "metadata": {"source": "knowledge/tmp.txt", "confidence": 0.9}, "score": 1.2383670806884766}], "question": "Question:\nWhen you feel too much heat in your home you can turn on what?\n\nCandidate Answers:\n1: coolness\n2: fan\n3: get wet\n4: coldness\n5: air conditioning\n\n\nThere is only one correct option. Therefore, you must choose the answer that is most likely to be correct from all candidate answers.\nYour response should only contain the number of the chosen answer. Your response cannot contain any textual content.\n", "soft_refusal": false, "hard_refusal": true}