{"evidence": "A pillow case that is not in use can be stored in a closet or a drawer. Fabric can be stored in a closet, wardrobe, or storage bin in one's own home. You can store your spare linens near your socks in a drawer or storage container.", "reason": "Based on the provided knowledge, a pillow case that is not in use can be stored in a closet or a drawer.", "answer": 4, "retrieved_documents": [{"content": "A pillow case that is not in use can be stored in a closet or a drawer.", "metadata": {"source": "knowledge/tmp.txt", "confidence": 0.9}, "score": 0.28954216837882996}, {"content": "Fabric can be stored in a closet, wardrobe, or storage bin in one's own home.", "metadata": {"source": "knowledge/tmp.txt", "confidence": 0.9}, "score": 0.8287009596824646}, {"content": "You can store your spare linens near your socks in a drawer or storage container.", "metadata": {"source": "knowledge/tmp.txt", "confidence": 0.8}, "score": 0.9778939485549927}, {"content": "A ballpoint pen is typically kept in a pen holder, desk organizer, or drawer when not in use.", "metadata": {"source": "knowledge/tmp.txt", "confidence": 0.9}, "score": 1.0055973529815674}], "question": "Question:\nWhere would you store a pillow case that is not in use?\n\nCandidate Answers:\n1: kitchen cupboard\n2: bedding store\n3: england\n4: drawer\n5: bedroom\n\n\nThere is only one correct option. Therefore, you must choose the answer that is most likely to be correct from all candidate answers.\nYour response should only contain the number of the chosen answer. Your response cannot contain any textual content.\n", "soft_refusal": false, "hard_refusal": false}