{"evidence": "A computer user would be using their own computer at home, work, or any other location where they have access to their personal device.", "reason": "Based on the knowledge provided, a computer user would most likely be using their own computer at locations such as home, work, or any other place where they have access to their personal device.", "answer": 5, "retrieved_documents": [{"content": "A computer user would be using their own computer at home, work, or any other location where they have access to their personal device.", "metadata": {"source": "knowledge/tmp.txt", "confidence": 1.0}, "score": 0.40519046783447266}, {"content": "The computer could access websites, send and receive emails, download files, stream videos, and perform various online activities.", "metadata": {"source": "knowledge/tmp.txt", "confidence": 0.9}, "score": 0.7491404414176941}, {"content": "A computer user working on an important work assignment is located in an office or workspace.", "metadata": {"source": "knowledge/tmp.txt", "confidence": 0.8}, "score": 0.870025634765625}, {"content": "She signed up for computer classes to learn more about the computer.", "metadata": {"source": "knowledge/tmp.txt", "confidence": 0.8}, "score": 1.0790491104125977}], "question": "Question:\nWhere would a computer user be using their own computer?\n\nCandidate Answers:\n1: hell\n2: school\n3: indoors\n4: internet cafe\n5: house\n\n\nThere is only one correct option. Therefore, you must choose the answer that is most likely to be correct from all candidate answers.\nYour response should only contain the number of the chosen answer. Your response cannot contain any textual content.\n", "soft_refusal": false, "hard_refusal": false}