{"evidence": "A teacher is likely to keep her clavichord in her home or music studio.", "reason": "Based on the knowledge that a teacher is likely to keep her clavichord in her home or music studio, we can infer where a teacher is likely to keep her clavichord.", "answer": 4, "retrieved_documents": [{"content": "A teacher is likely to keep her clavichord in her home or music studio.", "metadata": {"source": "knowledge/tmp.txt", "confidence": 0.8}, "score": 0.5086502432823181}, {"content": "A great teacher can be a source of inspiration, guidance, and support when you are attending school.", "metadata": {"source": "knowledge/tmp.txt", "confidence": 0.9}, "score": 1.061956524848938}, {"content": "The teacher doesn't tolerate noise during a test in their classroom.", "metadata": {"source": "knowledge/tmp.txt", "confidence": 0.9}, "score": 1.1390918493270874}, {"content": "The teacher recommended the student to go to the office to sharpen their pencil.", "metadata": {"source": "knowledge/tmp.txt", "confidence": 0.8}, "score": 1.1689355373382568}], "question": "Question:\nWhere is a teacher likely to keep her clavichord?\n\nCandidate Answers:\n1: living room\n2: parlor\n3: music hall\n4: music room\n5: museum\n\n\nThere is only one correct option. Therefore, you must choose the answer that is most likely to be correct from all candidate answers.\nYour response should only contain the number of the chosen answer. Your response cannot contain any textual content.\n", "soft_refusal": false, "hard_refusal": false}