{"evidence": "You are at an airport security checkpoint.", "reason": "Based on the knowledge that 'You are at an airport security checkpoint.', it is clear that the scenario described in the question matches the situation at an airport security checkpoint.", "answer": 3, "retrieved_documents": [{"content": "Using a shrink ray backwards increased his weight", "metadata": {"source": "knowledge/tmp.txt", "confidence": 1.0}, "score": 1.2251079082489014}, {"content": "You are at an airport security checkpoint.", "metadata": {"source": "knowledge/tmp.txt", "confidence": 1.0}, "score": 1.3260562419891357}, {"content": "To seek medical attention or take appropriate medication", "metadata": {"source": "knowledge/tmp.txt", "confidence": 0.8}, "score": 1.3535782098770142}, {"content": "Entering a room or building", "metadata": {"source": "knowledge/tmp.txt", "confidence": 0.9}, "score": 1.3565683364868164}], "question": "Question:\nWhere are you if your bieifcase is going through an x-ray machine?\n\nCandidate Answers:\n1: luggage store\n2: courtroom\n3: airport\n4: office building\n5: hand\n\n\nThere is only one correct option. Therefore, you must choose the answer that is most likely to be correct from all candidate answers.\nYour response should only contain the number of the chosen answer. Your response cannot contain any textual content.\n", "soft_refusal": false, "hard_refusal": true}