{"evidence": "To make a maze on his farm in the fall, a farmer needs to plan the design, prepare the land, plant the crops in a desired pattern, and maintain the maze throughout the fall season. Farm land is used for agricultural purposes such as growing crops or raising livestock.", "reason": "The evidence clearly states the steps involved in making a maze on a farm, which includes planning the design, preparing the land, planting crops in a desired pattern, and maintaining the maze throughout the fall season.", "answer": 2, "retrieved_documents": [{"content": "To make a maze on his farm in the fall, a farmer needs to plan the design, prepare the land, plant the crops in a desired pattern, and maintain the maze throughout the fall season.", "metadata": {"source": "knowledge/tmp.txt", "confidence": 0.8}, "score": 0.42804402112960815}, {"content": "Farm land is used for agricultural purposes such as growing crops or raising livestock.", "metadata": {"source": "knowledge/tmp.txt", "confidence": 0.9}, "score": 1.109165072441101}, {"content": "James might look for farmland in rural areas or agricultural regions.", "metadata": {"source": "knowledge/tmp.txt", "confidence": 0.8}, "score": 1.1158080101013184}, {"content": "The main purpose of farmers is to cultivate crops and raise livestock for food production.", "metadata": {"source": "knowledge/tmp.txt", "confidence": 0.9}, "score": 1.144589900970459}], "question": "Question:\nWhat does a farmer need to do to make  a maze on his farm in the fall?\n\nCandidate Answers:\n1: seed plants\n2: plant seeds\n3: garden\n4: grow corn\n5: produce food\n\n\nThere is only one correct option. Therefore, you must choose the answer that is most likely to be correct from all candidate answers.\nYour response should only contain the number of the chosen answer. Your response cannot contain any textual content.\n", "soft_refusal": false, "hard_refusal": false}