{"evidence": "Hair begins to thin, causing a receding hairline in many males as they get older.", "reason": "The evidence clearly states that hair begins to thin, leading to a receding hairline in many males as they age.", "answer": 1, "retrieved_documents": [{"content": "Hair begins to thin, causing a receding hairline in many males as they get older.", "metadata": {"source": "knowledge/tmp.txt", "confidence": 0.8}, "score": 0.2502695322036743}, {"content": "Mammals are animals who have hair and don't lay eggs.", "metadata": {"source": "knowledge/tmp.txt", "confidence": 1.0}, "score": 1.4472829103469849}, {"content": "Wearing a waterproof swim cap or a shower cap can help a human cross a river without messing up their hair.", "metadata": {"source": "knowledge/tmp.txt", "confidence": 0.8}, "score": 1.4615534543991089}, {"content": "Clothes become torn or ripped when caught on a sharp object while washing.", "metadata": {"source": "knowledge/tmp.txt", "confidence": 0.9}, "score": 1.490153193473816}], "question": "Question:\nFor many males hair is a concern as they get older, it begins to what, causing a receding hairline?\n\nCandidate Answers:\n1: thin out\n2: grow in ear\n3: fall out\n4: bulge\n5: composted\n\n\nThere is only one correct option. Therefore, you must choose the answer that is most likely to be correct from all candidate answers.\nYour response should only contain the number of the chosen answer. Your response cannot contain any textual content.\n", "soft_refusal": false, "hard_refusal": false}