{"evidence": "Watering the fresh herbs, flowers, and vegetables is essential to prevent them from shriveling up.", "reason": "Based on the knowledge that watering is essential to prevent shriveling, the correct answer can be determined.", "answer": 1, "retrieved_documents": [{"content": "Watering the fresh herbs, flowers, and vegetables is essential to prevent them from shriveling up.", "metadata": {"source": "knowledge/tmp.txt", "confidence": 0.9}, "score": 0.5253810882568359}, {"content": "Vegetables are made from plants and need to be washed before eating.", "metadata": {"source": "knowledge/tmp.txt", "confidence": 0.9}, "score": 0.8080502152442932}, {"content": "Eating vegetables is healthy.", "metadata": {"source": "knowledge/tmp.txt", "confidence": 0.8}, "score": 1.0831843614578247}, {"content": "Lettuce arrives at grocery stores or distribution centers by large trucks.", "metadata": {"source": "knowledge/tmp.txt", "confidence": 0.8}, "score": 1.110726237297058}], "question": "Question:\nThe fresh herbs, flowers, and vegetables will shrivel up if people don't do this?\n\nCandidate Answers:\n1: water plants\n2: believe in god\n3: drive to the nearest pool\n4: speaking english\n5: raise children\n\n\nThere is only one correct option. Therefore, you must choose the answer that is most likely to be correct from all candidate answers.\nYour response should only contain the number of the chosen answer. Your response cannot contain any textual content.\n", "soft_refusal": false, "hard_refusal": false}