{"evidence": "Fort Wayne is a city in Indiana known for its apple orchards. Apples form on the branches of an apple tree. An apple tree can produce apples. The Bible states that an apple tree led to the downfall of man.", "reason": "Based on the knowledge provided, it is known that apples are produced on apple trees, and Fort Wayne is known for its apple orchards. Therefore, the person who picked an apple from a tree outside of Fort Wayne is most likely in Indiana.", "answer": 3, "retrieved_documents": [{"content": "You are in Indiana, as Fort Wayne is a city in Indiana known for its apple orchards.", "metadata": {"source": "knowledge/tmp.txt", "confidence": 0.9}, "score": 0.39637210965156555}, {"content": "Apples form on the branches of an apple tree.", "metadata": {"source": "knowledge/tmp.txt", "confidence": 1.0}, "score": 1.0848441123962402}, {"content": "An apple tree can produce apples.", "metadata": {"source": "knowledge/tmp.txt", "confidence": 0.9}, "score": 1.2027751207351685}, {"content": "The Bible states that an apple tree led to the downfall of man.", "metadata": {"source": "knowledge/tmp.txt", "confidence": 0.9}, "score": 1.3474808931350708}], "question": "Question:\nI picked from an apple tree outside of Fort Wayne, where am I?\n\nCandidate Answers:\n1: woods\n2: illinois\n3: indiana\n4: washington state\n5: tampa\n\n\nThere is only one correct option. Therefore, you must choose the answer that is most likely to be correct from all candidate answers.\nYour response should only contain the number of the chosen answer. Your response cannot contain any textual content.\n", "soft_refusal": false, "hard_refusal": false}