{"evidence": "The town house went right to the curb, a slot effectively made a mailbox of the door.", "reason": "Based on the evidence provided, we can infer that the slot effectively made a mailbox of the front door.", "answer": 2, "retrieved_documents": [{"content": "A slot effectively made a mailbox of the door.", "metadata": {"source": "knowledge/tmp.txt", "confidence": 0.8}, "score": 0.6247642040252686}, {"content": "A small building or house usually does not have an elevator and sometimes has a telephone book.", "metadata": {"source": "knowledge/tmp.txt", "confidence": 0.8}, "score": 1.0461915731430054}, {"content": "A newspaper likely shows up in the driveway every morning if a house has a subscription.", "metadata": {"source": "knowledge/tmp.txt", "confidence": 0.8}, "score": 1.0689414739608765}, {"content": "A house outside the center of a community is said to be in a suburban area.", "metadata": {"source": "knowledge/tmp.txt", "confidence": 0.8}, "score": 1.0691893100738525}], "question": "Question:\nThe town house went right to the curb, a slot effectively made a mailbox of the what?\n\nCandidate Answers:\n1: apartment building\n2: front door\n3: back door\n4: street corner\n5: porch\n\n\nThere is only one correct option. Therefore, you must choose the answer that is most likely to be correct from all candidate answers.\nYour response should only contain the number of the chosen answer. Your response cannot contain any textual content.\n", "soft_refusal": false, "hard_refusal": true}