{"evidence": "The hopeful result of going to see a play is to be entertained, inspired, or moved emotionally.", "reason": "The knowledge base explicitly states that the hopeful result of going to see a play is to be entertained, inspired, or moved emotionally.", "answer": 2, "retrieved_documents": [{"content": "The hopeful result of going to see a play is to be entertained, inspired, or moved emotionally.", "metadata": {"source": "knowledge/tmp.txt", "confidence": 0.9}, "score": 0.3565081059932709}, {"content": "Audience watches a play in an auditorium.", "metadata": {"source": "knowledge/tmp.txt", "confidence": 1.0}, "score": 0.9647729396820068}, {"content": "People go to see live performances, such as concerts, theater shows, comedy shows, and sporting events, for live entertainment.", "metadata": {"source": "knowledge/tmp.txt", "confidence": 1.0}, "score": 1.0098860263824463}, {"content": "One might buy tickets for seats for events such as concerts, sports games, theater performances, and movies.", "metadata": {"source": "knowledge/tmp.txt", "confidence": 0.9}, "score": 1.0724819898605347}], "question": "Question:\nWhat is the hopeful result of going to see a play?\n\nCandidate Answers:\n1: sit\n2: being entertained\n3: jobless\n4: meet\n5: laugh\n\n\nThere is only one correct option. Therefore, you must choose the answer that is most likely to be correct from all candidate answers.\nYour response should only contain the number of the chosen answer. Your response cannot contain any textual content.\n", "soft_refusal": false, "hard_refusal": false}