{"evidence": "Sam was being deceptive by not providing important details.", "reason": "Based on the knowledge that Sam was being deceptive by not providing important details, we can conclude that he was being deceptive.", "answer": 4, "retrieved_documents": [{"content": "Sam was being deceptive by not providing important details.", "metadata": {"source": "knowledge/tmp.txt", "confidence": 0.8}, "score": 0.2801820635795593}, {"content": "Mark treated Sam like a friend.", "metadata": {"source": "knowledge/tmp.txt", "confidence": 0.8}, "score": 1.0926789045333862}, {"content": "A person might be known as a liar if they consistently deceive others by not telling the truth or by fabricating information.", "metadata": {"source": "knowledge/tmp.txt", "confidence": 0.9}, "score": 1.1401482820510864}, {"content": "The truth didn't set James free.", "metadata": {"source": "knowledge/tmp.txt", "confidence": 0.9}, "score": 1.2261708974838257}], "question": "Question:\nSam wasn't lying, but he left out important details. He was being what?\n\nCandidate Answers:\n1: dishonesty\n2: deceitful\n3: imagination\n4: deceptive\n5: poker face\n\n\nThere is only one correct option. Therefore, you must choose the answer that is most likely to be correct from all candidate answers.\nYour response should only contain the number of the chosen answer. Your response cannot contain any textual content.\n", "soft_refusal": false, "hard_refusal": false}