{"evidence": "You may be in a neighborhood or local corner shop. When going to the market, people typically buy groceries or other items they need.", "reason": "Based on the knowledge provided, corner shops are mentioned as a place where you may be, and people typically buy groceries or other items they need when going to the market.", "answer": null, "retrieved_documents": [{"content": "You are at a pizzeria or a pizza restaurant.", "metadata": {"source": "knowledge/tmp.txt", "confidence": 0.9}, "score": 1.0222303867340088}, {"content": "You may be in a neighborhood or local corner shop.", "metadata": {"source": "knowledge/tmp.txt", "confidence": 0.8}, "score": 1.08478844165802}, {"content": "You can buy food at grocery stores, supermarkets, farmers markets, convenience stores, and online food delivery services.", "metadata": {"source": "knowledge/tmp.txt", "confidence": 1.0}, "score": 1.1083312034606934}, {"content": "When going to the market, people typically buy groceries or other items they need.", "metadata": {"source": "knowledge/tmp.txt", "confidence": 0.8}, "score": 1.1656442880630493}], "question": "Question:\nWhere may you be if you're buying pork chops at a corner shop?\n\nCandidate Answers:\n1: england\n2: town\n3: desert\n4: kentucky\n5: iowa\n\n\nThere is only one correct option. Therefore, you must choose the answer that is most likely to be correct from all candidate answers.\nYour response should only contain the number of the chosen answer. Your response cannot contain any textual content.\n", "soft_refusal": true, "hard_refusal": true}