{"evidence": "A well used toy car is likely to be found in a child's play area or in a toy box.", "reason": "Based on the knowledge provided, a well used toy car is most likely to be found in a child's play area or in a toy box.", "answer": 1, "retrieved_documents": [{"content": "A well used toy car is likely to be found in a child's play area or in a toy box.", "metadata": {"source": "knowledge/tmp.txt", "confidence": 0.8}, "score": 0.30714648962020874}, {"content": "A used car, if purchased, is hoped to function properly and meet transportation needs.", "metadata": {"source": "knowledge/tmp.txt", "confidence": 0.8}, "score": 0.9384799003601074}, {"content": "Children who want to play are likely to want toys or games to play with.", "metadata": {"source": "knowledge/tmp.txt", "confidence": 0.9}, "score": 1.0252903699874878}, {"content": "You may be in a neighborhood or local corner shop.", "metadata": {"source": "knowledge/tmp.txt", "confidence": 0.8}, "score": 1.175306797027588}], "question": "Question:\nWhere is a well used toy car likely to be found?\n\nCandidate Answers:\n1: child's room\n2: boy's bedroom\n3: own home\n4: toy store\n5: house\n\n\nThere is only one correct option. Therefore, you must choose the answer that is most likely to be correct from all candidate answers.\nYour response should only contain the number of the chosen answer. Your response cannot contain any textual content.\n", "soft_refusal": false, "hard_refusal": false}