{"evidence": "A person who is good at sports is considered an athlete. To play sports professionally, you must train and practice regularly.", "reason": "Based on the knowledge provided, a person who is good at sports is considered an athlete.", "answer": 3, "retrieved_documents": [{"content": "A person who is good at sports is considered an athlete.", "metadata": {"source": "knowledge/tmp.txt", "confidence": 1.0}, "score": 0.2902871072292328}, {"content": "To play sports professionally, you must train and practice regularly.", "metadata": {"source": "knowledge/tmp.txt", "confidence": 0.9}, "score": 0.9236558675765991}, {"content": "The opponent was skilled and experienced.", "metadata": {"source": "knowledge/tmp.txt", "confidence": 0.7}, "score": 1.1505252122879028}, {"content": "When playing ball, the main objective is to score points or goals depending on the sport.", "metadata": {"source": "knowledge/tmp.txt", "confidence": 0.8}, "score": 1.173377513885498}], "question": "Question:\nWhat is a person who is good at sports considered?\n\nCandidate Answers:\n1: lazy\n2: own house\n3: talented\n4: affluent\n5: reproduce\n\n\nThere is only one correct option. Therefore, you must choose the answer that is most likely to be correct from all candidate answers.\nYour response should only contain the number of the chosen answer. Your response cannot contain any textual content.\n", "soft_refusal": false, "hard_refusal": false}