{"evidence": "The man should have taken a respectful and solemn attitude at the funeral.", "reason": "Based on the knowledge provided, it is clear that the man should have taken a serious and respectful attitude at the funeral.", "answer": 3, "retrieved_documents": [{"content": "The man should have taken a respectful and solemn attitude at the funeral.", "metadata": {"source": "knowledge/tmp.txt", "confidence": 0.9}, "score": 0.3896890878677368}, {"content": "The depressed man likely felt overwhelmed or isolated despite the large crowds.", "metadata": {"source": "knowledge/tmp.txt", "confidence": 0.8}, "score": 1.113715648651123}, {"content": "The psychologist said he was mentally unwell.", "metadata": {"source": "knowledge/tmp.txt", "confidence": 0.8}, "score": 1.2066402435302734}, {"content": "To behave with proper aplomb, you should avoid manners such as being rude, disrespectful, or impolite.", "metadata": {"source": "knowledge/tmp.txt", "confidence": 0.8}, "score": 1.231889009475708}], "question": "Question:\nThe man acted ridiculous at the funeral, what attitude should he have taken?\n\nCandidate Answers:\n1: straightforward\n2: serious\n3: solemn\n4: somber\n5: funny\n\n\nThere is only one correct option. Therefore, you must choose the answer that is most likely to be correct from all candidate answers.\nYour response should only contain the number of the chosen answer. Your response cannot contain any textual content.\n", "soft_refusal": false, "hard_refusal": false}