{"evidence": "The knowledge base mentions that polygamy is the result of an individual trying to procreate with many individuals.", "reason": "Based on the knowledge provided, when an individual tries to procreate with many individuals, it leads to polygamy.", "answer": 3, "retrieved_documents": [{"content": "The newlyweds began copulating their marriage, they wanted many children.", "metadata": {"source": "knowledge/tmp.txt", "confidence": 0.8}, "score": 0.7111790180206299}, {"content": "A person begins reproducing through sexual intercourse, where a sperm from a male fertilizes an egg from a female.", "metadata": {"source": "knowledge/tmp.txt", "confidence": 0.9}, "score": 0.8809201121330261}, {"content": "Polygamy is the result of an individual trying to procreate with many individuals.", "metadata": {"source": "knowledge/tmp.txt", "confidence": 0.8}, "score": 0.953023374080658}, {"content": "When wildlife reproduce we often refer to what comes out as offspring.", "metadata": {"source": "knowledge/tmp.txt", "confidence": 0.9}, "score": 1.0324290990829468}], "question": "Question:\nHe was trying to procreate with many individuals, this led to a what?\n\nCandidate Answers:\n1: moaning\n2: die\n3: kiss\n4: std\n5: sanity\n\n\nThere is only one correct option. Therefore, you must choose the answer that is most likely to be correct from all candidate answers.\nYour response should only contain the number of the chosen answer. Your response cannot contain any textual content.\n", "soft_refusal": false, "hard_refusal": true}