{"evidence": "Playing soccer and winning can lead to a sense of accomplishment, teamwork, physical fitness, and potentially winning trophies or awards.", "reason": "The knowledge base clearly states that playing soccer and winning can lead to a sense of accomplishment, teamwork, physical fitness, and potentially winning trophies or awards.", "answer": 1, "retrieved_documents": [{"content": "Playing soccer and winning can lead to a sense of accomplishment, teamwork, physical fitness, and potentially winning trophies or awards.", "metadata": {"source": "knowledge/tmp.txt", "confidence": 0.8}, "score": 0.4929606020450592}, {"content": "When playing ball, the main objective is to score points or goals depending on the sport.", "metadata": {"source": "knowledge/tmp.txt", "confidence": 0.8}, "score": 0.8135608434677124}, {"content": "Competing can lead to great highs, and also great lows when suffering defeat or failure.", "metadata": {"source": "knowledge/tmp.txt", "confidence": 0.9}, "score": 1.0548834800720215}, {"content": "To play sports professionally, you must train and practice regularly.", "metadata": {"source": "knowledge/tmp.txt", "confidence": 0.9}, "score": 1.1273646354675293}], "question": "Question:\nWhat does playing soccer and winning lead to?\n\nCandidate Answers:\n1: excitement\n2: getting tired\n3: overtime\n4: anger\n5: fights\n\n\nThere is only one correct option. Therefore, you must choose the answer that is most likely to be correct from all candidate answers.\nYour response should only contain the number of the chosen answer. Your response cannot contain any textual content.\n", "soft_refusal": false, "hard_refusal": false}