{"evidence": "People are strange when you're a stranger, John and the lady were strangers.", "reason": "Based on the knowledge provided, it is clear that people are considered strange when you are a stranger to them.", "answer": 2, "retrieved_documents": [{"content": "People are strange when you're a stranger", "metadata": {"source": "knowledge/tmp.txt", "confidence": 1.0}, "score": 0.42997613549232483}, {"content": "Everyone has a unique perspective and experience in relation to other people.", "metadata": {"source": "knowledge/tmp.txt", "confidence": 0.8}, "score": 1.0072534084320068}, {"content": "John and the lady were strangers.", "metadata": {"source": "knowledge/tmp.txt", "confidence": 0.8}, "score": 1.0954549312591553}, {"content": "When going to a party in a new town, you are hoping to make new friends.", "metadata": {"source": "knowledge/tmp.txt", "confidence": 0.9}, "score": 1.1117480993270874}], "question": "Question:\nPeople are what when you're a stranger?\n\nCandidate Answers:\n1: train\n2: strange\n3: human\n4: stupid\n5: dangerous\n\n\nThere is only one correct option. Therefore, you must choose the answer that is most likely to be correct from all candidate answers.\nYour response should only contain the number of the chosen answer. Your response cannot contain any textual content.\n", "soft_refusal": false, "hard_refusal": false}