{"evidence": "The juror was conveying he was hearing testimony by nodding or making occasional eye contact.", "reason": "Based on the evidence provided, the juror was conveying he was hearing testimony by nodding or making occasional eye contact.", "answer": 2, "retrieved_documents": [{"content": "The juror was conveying he was hearing testimony by nodding or making occasional eye contact.", "metadata": {"source": "knowledge/tmp.txt", "confidence": 0.8}, "score": 0.6542099714279175}, {"content": "Brad tried to arise from bed but he could not. Instead, he just continued to do what?", "metadata": {"source": "knowledge/tmp.txt", "confidence": 1.0}, "score": 0.9766148328781128}, {"content": "The victim was going to testify or give a statement in court.", "metadata": {"source": "knowledge/tmp.txt", "confidence": 0.9}, "score": 1.0977636575698853}, {"content": "Lawyers often talk in front of an audience in a courtroom.", "metadata": {"source": "knowledge/tmp.txt", "confidence": 0.9}, "score": 1.146723985671997}], "question": "Question:\nThe juror was quite bored and zoning out but wanted to convey he was hearing testimony, so he just sat there doing what?\n\nCandidate Answers:\n1: take notes\n2: nodding\n3: change of heart\n4: writing down\n5: listening\n\n\nThere is only one correct option. Therefore, you must choose the answer that is most likely to be correct from all candidate answers.\nYour response should only contain the number of the chosen answer. Your response cannot contain any textual content.\n", "soft_refusal": false, "hard_refusal": true}