{"evidence": "The opponent was skilled and experienced. Participating in a fight. The lion likely took on a more aggressive or dominant attitude towards the timid competitor. The pitcher may have felt nervous, anxious, or pressured.", "reason": "Based on the knowledge provided, the opponent was described as skilled and experienced, which could lead the person to regret taking the fight when realizing the opponent's capabilities.", "answer": 4, "retrieved_documents": [{"content": "The opponent was skilled and experienced.", "metadata": {"source": "knowledge/tmp.txt", "confidence": 0.7}, "score": 1.0061001777648926}, {"content": "Participating in a fight", "metadata": {"source": "knowledge/tmp.txt", "confidence": 0.8}, "score": 1.157178282737732}, {"content": "The lion likely took on a more aggressive or dominant attitude towards the timid competitor.", "metadata": {"source": "knowledge/tmp.txt", "confidence": 0.8}, "score": 1.1828895807266235}, {"content": "The pitcher may have felt nervous, anxious, or pressured.", "metadata": {"source": "knowledge/tmp.txt", "confidence": 0.8}, "score": 1.243605613708496}], "question": "Question:\nHe was beginning to regret taking the fight when he saw how what his opponent was?\n\nCandidate Answers:\n1: fun\n2: joy\n3: satisfaction\n4: confident\n5: pride\n\n\nThere is only one correct option. Therefore, you must choose the answer that is most likely to be correct from all candidate answers.\nYour response should only contain the number of the chosen answer. Your response cannot contain any textual content.\n", "soft_refusal": false, "hard_refusal": true}