{"evidence": "If someone rules the universe, they are in charge of everything within the universe.", "reason": "Based on the knowledge provided, it is stated that if someone rules the universe, they are in charge of everything within the universe.", "answer": 3, "retrieved_documents": [{"content": "If someone rules the universe, they are in charge of everything within the universe.", "metadata": {"source": "knowledge/tmp.txt", "confidence": 0.9}, "score": 0.3211367428302765}, {"content": "A country or organization typically has a leader.", "metadata": {"source": "knowledge/tmp.txt", "confidence": 1.0}, "score": 0.9642050266265869}, {"content": "The sun is ultimately responsible for providing energy to sustain life on Earth through the process of photosynthesis.", "metadata": {"source": "knowledge/tmp.txt", "confidence": 0.9}, "score": 1.2838681936264038}, {"content": "The earth is one planet in the solar system.", "metadata": {"source": "knowledge/tmp.txt", "confidence": 1.0}, "score": 1.3662748336791992}], "question": "Question:\nIf someone rules the universe of what are they in charge?\n\nCandidate Answers:\n1: classroom\n2: football game\n3: everything\n4: text book\n5: lawbook\n\n\nThere is only one correct option. Therefore, you must choose the answer that is most likely to be correct from all candidate answers.\nYour response should only contain the number of the chosen answer. Your response cannot contain any textual content.\n", "soft_refusal": false, "hard_refusal": false}