{"evidence": "The butt was bare, and Sam couldn't stop staring at it. It was very round.", "reason": "Based on the evidence provided, the correct answer is 'bare'.", "answer": 4, "retrieved_documents": [{"content": "The butt was bare, and Sam couldn't stop staring at it. It was very round.", "metadata": {"source": "knowledge/tmp.txt", "confidence": 0.7}, "score": 0.1928500086069107}, {"content": "Sam was being deceptive by not providing important details.", "metadata": {"source": "knowledge/tmp.txt", "confidence": 0.8}, "score": 1.2000378370285034}, {"content": "Janet was watching the film because she liked the plot.", "metadata": {"source": "knowledge/tmp.txt", "confidence": 0.8}, "score": 1.2560094594955444}, {"content": "Brad tried to arise from bed but he could not. Instead, he just continued to do what?", "metadata": {"source": "knowledge/tmp.txt", "confidence": 1.0}, "score": 1.2709174156188965}], "question": "Question:\nThe butt was bare, and Sam couldn't stop staring at it.  It was very what?\n\nCandidate Answers:\n1: full\n2: ample\n3: covered\n4: bareword\n5: ample\n\n\nThere is only one correct option. Therefore, you must choose the answer that is most likely to be correct from all candidate answers.\nYour response should only contain the number of the chosen answer. Your response cannot contain any textual content.\n", "soft_refusal": false, "hard_refusal": false}