{"evidence": "In a hotel room, there is a telephone book in almost every room. A small building or house usually does not have an elevator and sometimes has a telephone book.", "reason": "Based on the knowledge provided, it is stated that in a hotel room, there is a telephone book in almost every room. It also mentions that a small building or house sometimes has a telephone book.", "answer": 1, "retrieved_documents": [{"content": "In a hotel room, there is a telephone book in almost every room.", "metadata": {"source": "knowledge/tmp.txt", "confidence": 0.8}, "score": 0.3253450095653534}, {"content": "A small building or house usually does not have an elevator and sometimes has a telephone book.", "metadata": {"source": "knowledge/tmp.txt", "confidence": 0.8}, "score": 0.60657799243927}, {"content": "You may place the telephone on a table, desk, shelf, or any flat surface.", "metadata": {"source": "knowledge/tmp.txt", "confidence": 0.9}, "score": 0.9839488863945007}, {"content": "A shelf is likely to be hidden behind a door in a room or closet.", "metadata": {"source": "knowledge/tmp.txt", "confidence": 0.8}, "score": 1.0635461807250977}], "question": "Question:\nWhere is there a telephone book in almost every room?\n\nCandidate Answers:\n1: at hotel\n2: house\n3: library\n4: bedsit\n5: closet\n\n\nThere is only one correct option. Therefore, you must choose the answer that is most likely to be correct from all candidate answers.\nYour response should only contain the number of the chosen answer. Your response cannot contain any textual content.\n", "soft_refusal": false, "hard_refusal": false}