{"evidence": "A single shower curtain is typically found being used in a bathroom. You can get a shower curtain from a department store, home goods store, or online retailer.", "reason": "Based on the knowledge provided, a single shower curtain is commonly used in a bathroom, which suggests it would be found in a shower stall.", "answer": 4, "retrieved_documents": [{"content": "A single shower curtain is typically found being used in a bathroom.", "metadata": {"source": "knowledge/tmp.txt", "confidence": 0.9}, "score": 0.3800109922885895}, {"content": "You can get a shower curtain from a department store, home goods store, or online retailer.", "metadata": {"source": "knowledge/tmp.txt", "confidence": 0.9}, "score": 0.5732042193412781}, {"content": "A bath towel can be borrowed from hotels, gyms, swimming pools, or some public facilities.", "metadata": {"source": "knowledge/tmp.txt", "confidence": 0.8}, "score": 0.9985953569412231}, {"content": "A rubber bath mat is usually kept in the bathroom.", "metadata": {"source": "knowledge/tmp.txt", "confidence": 0.9}, "score": 1.0441399812698364}], "question": "Question:\nWhere would you find a single shower curtain being used?\n\nCandidate Answers:\n1: bathtub\n2: washing area\n3: hotel\n4: shower stall\n5: department store\n\n\nThere is only one correct option. Therefore, you must choose the answer that is most likely to be correct from all candidate answers.\nYour response should only contain the number of the chosen answer. Your response cannot contain any textual content.\n", "soft_refusal": false, "hard_refusal": false}