{"evidence": "Blowfish require saltwater to live. Blowfish are found in water, not on dry land.", "reason": "Based on the knowledge that blowfish require saltwater to live and are found in water, we can conclude that blowfish require sea water to live.", "answer": 1, "retrieved_documents": [{"content": "Blowfish require saltwater to live.", "metadata": {"source": "knowledge/tmp.txt", "confidence": 0.9}, "score": 0.5677765011787415}, {"content": "Blowfish are found in water, not on dry land.", "metadata": {"source": "knowledge/tmp.txt", "confidence": 1.0}, "score": 0.6601191759109497}, {"content": "Seaweed is usually found alive in the ocean, attached to rocks or other substrates.", "metadata": {"source": "knowledge/tmp.txt", "confidence": 0.9}, "score": 1.022132396697998}, {"content": "Fish can be found in a market if not in a stream.", "metadata": {"source": "knowledge/tmp.txt", "confidence": 1.0}, "score": 1.0305250883102417}], "question": "Question:\nBlowfish require what specific thing to live?\n\nCandidate Answers:\n1: sea water\n2: hatred\n3: fish market\n4: body of water\n5: jungle\n\n\nThere is only one correct option. Therefore, you must choose the answer that is most likely to be correct from all candidate answers.\nYour response should only contain the number of the chosen answer. Your response cannot contain any textual content.\n", "soft_refusal": false, "hard_refusal": false}