{"evidence": "Urban areas or cities are likely to have a variety of flats to choose from due to higher population density and demand for housing.", "reason": "The knowledge base mentions that urban areas or cities have a variety of flats to choose from, indicating that cities are likely to have a variety of flats available.", "answer": 3, "retrieved_documents": [{"content": "Urban areas or cities are likely to have a variety of flats to choose from due to higher population density and demand for housing.", "metadata": {"source": "knowledge/tmp.txt", "confidence": 0.8}, "score": 0.4204084277153015}, {"content": "People live in various places such as houses, apartments, villages, towns, and cities.", "metadata": {"source": "knowledge/tmp.txt", "confidence": 0.9}, "score": 1.0278295278549194}, {"content": "Hundreds of thousands of homes can be found in a city or a large urban area.", "metadata": {"source": "knowledge/tmp.txt", "confidence": 0.8}, "score": 1.1052192449569702}, {"content": "Brownstones are likely to be found in cities like New York City, Brooklyn, and Boston.", "metadata": {"source": "knowledge/tmp.txt", "confidence": 0.8}, "score": 1.1067017316818237}], "question": "Question:\nWhere are there likely to be a variety of flats to choose from?\n\nCandidate Answers:\n1: london\n2: apartment building\n3: city\n4: falling down\n5: town\n\n\nThere is only one correct option. Therefore, you must choose the answer that is most likely to be correct from all candidate answers.\nYour response should only contain the number of the chosen answer. Your response cannot contain any textual content.\n", "soft_refusal": false, "hard_refusal": false}