{"evidence": "A weasel has a thin body and short legs to easier burrow after prey in a tunnel or burrow.", "reason": "Based on the knowledge that a weasel has a thin body and short legs to burrow after prey, it is most likely that a weasel would burrow after prey in a rabbit warren.", "answer": 5, "retrieved_documents": [{"content": "A weasel has a thin body and short legs to easier burrow after prey in a tunnel or burrow.", "metadata": {"source": "knowledge/tmp.txt", "confidence": 0.8}, "score": 0.3972040116786957}, {"content": "A mouse might also be seen in a field or outdoors.", "metadata": {"source": "knowledge/tmp.txt", "confidence": 0.8}, "score": 1.0830984115600586}, {"content": "A fairy tale or a fable might feature a talking weasel.", "metadata": {"source": "knowledge/tmp.txt", "confidence": 0.9}, "score": 1.08638334274292}, {"content": "The weasel was becoming a problem as it kept getting into the chicken eggs kept in the henhouse.", "metadata": {"source": "knowledge/tmp.txt", "confidence": 0.8}, "score": 1.0869762897491455}], "question": "Question:\nA weasel has a thin body and short legs to easier burrow after prey in a what?\n\nCandidate Answers:\n1: tree\n2: mulberry bush\n3: chicken coop\n4: viking ship\n5: rabbit warren\n\n\nThere is only one correct option. Therefore, you must choose the answer that is most likely to be correct from all candidate answers.\nYour response should only contain the number of the chosen answer. Your response cannot contain any textual content.\n", "soft_refusal": false, "hard_refusal": false}