{"evidence": "People can buy beer by going to a store or a bar that sells alcohol and purchasing it. You are preparing to go on a river or lake trip where you will float on a raft, tube, or other floating device.", "reason": "Based on the knowledge provided, if someone is buying beer for a float trip, they are preparing to have fun on the river or lake trip.", "answer": 2, "retrieved_documents": [{"content": "People can get beer at a bar or a casino's bar after a bit of gambling.", "metadata": {"source": "knowledge/tmp.txt", "confidence": 0.8}, "score": 0.943832516670227}, {"content": "You are preparing to go on a river or lake trip where you will float on a raft, tube, or other floating device.", "metadata": {"source": "knowledge/tmp.txt", "confidence": 0.9}, "score": 0.9870133399963379}, {"content": "Someone can buy beer by going to a store or a bar that sells alcohol and purchasing it.", "metadata": {"source": "knowledge/tmp.txt", "confidence": 0.8}, "score": 1.0158768892288208}, {"content": "A bar or a pub is a place that is far away from your house where you could consume beer.", "metadata": {"source": "knowledge/tmp.txt", "confidence": 0.9}, "score": 1.2052584886550903}], "question": "Question:\nIf you're buying beer for a float trip what are you preparing to do?\n\nCandidate Answers:\n1: get arrested\n2: have fun\n3: get sick\n4: spend money\n5: stupidity\n\n\nThere is only one correct option. Therefore, you must choose the answer that is most likely to be correct from all candidate answers.\nYour response should only contain the number of the chosen answer. Your response cannot contain any textual content.\n", "soft_refusal": false, "hard_refusal": true}