{"evidence": "Marmots can be found in various regions of Canada, particularly in mountainous areas such as the Rocky Mountains and the Coast Mountains. Marmots are typically found in mountainous regions. Marmots are likely to be found in mountainous green areas.", "reason": "Based on the evidence provided, marmots are known to inhabit mountainous regions in Canada.", "answer": 3, "retrieved_documents": [{"content": "Marmots can be found in various regions of Canada, particularly in mountainous areas such as the Rocky Mountains and the Coast Mountains.", "metadata": {"source": "knowledge/tmp.txt", "confidence": 0.8}, "score": 0.5898803472518921}, {"content": "Marmots are typically found in mountainous regions.", "metadata": {"source": "knowledge/tmp.txt", "confidence": 0.9}, "score": 0.6920446157455444}, {"content": "Marmots are likely to be found in mountainous green areas.", "metadata": {"source": "knowledge/tmp.txt", "confidence": 0.8}, "score": 0.735948920249939}, {"content": "Gazelle can be found in the savannas of Africa.", "metadata": {"source": "knowledge/tmp.txt", "confidence": 0.8}, "score": 1.1782751083374023}], "question": "Question:\nPiece of land in Canada where you can find marmot?\n\nCandidate Answers:\n1: north america\n2: united states\n3: vancouver island\n4: american\n5: cage\n\n\nThere is only one correct option. Therefore, you must choose the answer that is most likely to be correct from all candidate answers.\nYour response should only contain the number of the chosen answer. Your response cannot contain any textual content.\n", "soft_refusal": false, "hard_refusal": false}