{"evidence": "People often read magazines while waiting for this appointment. Magazines can be found alongside many other printed works in a bookstore or a newsstand. They had been standing in queue for a long time. A person would be in a queue or line when having to wait their turn.", "reason": "Based on the evidence provided, it is clear that people often read magazines while waiting for this appointment and they are in a queue or line during this time.", "answer": 1, "retrieved_documents": [{"content": "People often read magazines while waiting for this appointment.", "metadata": {"source": "knowledge/tmp.txt", "confidence": 0.9}, "score": 0.027579665184020996}, {"content": "Magazines can be found along side many other printed works in a bookstore or a newsstand.", "metadata": {"source": "knowledge/tmp.txt", "confidence": 0.9}, "score": 0.9345250129699707}, {"content": "They had been standing in queue for a long time.", "metadata": {"source": "knowledge/tmp.txt", "confidence": 0.9}, "score": 1.1709858179092407}, {"content": "A person would be in a queue or line when having to wait their turn.", "metadata": {"source": "knowledge/tmp.txt", "confidence": 1.0}, "score": 1.1755174398422241}], "question": "Question:\nWhile waiting for this appointment, people often read magazines.\n\nCandidate Answers:\n1: doctor\n2: train station\n3: newsagent\n4: market\n5: table\n\n\nThere is only one correct option. Therefore, you must choose the answer that is most likely to be correct from all candidate answers.\nYour response should only contain the number of the chosen answer. Your response cannot contain any textual content.\n", "soft_refusal": false, "hard_refusal": false}