{"evidence": "Parents are the caretakers of a child.", "reason": "Based on the knowledge that parents are the caretakers of a child, it can be inferred that a parent's job is to guide and take care of their children.", "answer": 2, "retrieved_documents": [{"content": "The person's reaction to seeing the mess his children made was to sigh and start cleaning up the mess.", "metadata": {"source": "knowledge/tmp.txt", "confidence": 0.8}, "score": 1.0388813018798828}, {"content": "The child had love and support for his mother despite not knowing the problems she was going through.", "metadata": {"source": "knowledge/tmp.txt", "confidence": 0.8}, "score": 1.0419694185256958}, {"content": "Parents are the caretakers of a child.", "metadata": {"source": "knowledge/tmp.txt", "confidence": 1.0}, "score": 1.0567359924316406}, {"content": "Billy's father experienced an accident", "metadata": {"source": "knowledge/tmp.txt", "confidence": 0.8}, "score": 1.0983370542526245}], "question": "Question:\nJohn and Judy were parents.  They had two wonderful kids who weren't always well behaved.  They were light tough, though.  They felt it was a parent's job to do what?\n\nCandidate Answers:\n1: control children\n2: guide children\n3: speak freely\n4: cry\n5: understand children\n\n\nThere is only one correct option. Therefore, you must choose the answer that is most likely to be correct from all candidate answers.\nYour response should only contain the number of the chosen answer. Your response cannot contain any textual content.\n", "soft_refusal": false, "hard_refusal": true}