{"evidence": "James was going to England.", "reason": "Based on the fact that James was going to England, we can determine his destination.", "answer": 4, "retrieved_documents": [{"content": "James was going to England.", "metadata": {"source": "knowledge/tmp.txt", "confidence": 0.8}, "score": 0.7552862167358398}, {"content": "James would likely put the tire chains in the trunk of his car or in the garage.", "metadata": {"source": "knowledge/tmp.txt", "confidence": 0.8}, "score": 1.1366996765136719}, {"content": "John lived in an unknown location.", "metadata": {"source": "knowledge/tmp.txt", "confidence": 0.0}, "score": 1.151745319366455}, {"content": "The truth didn't set James free.", "metadata": {"source": "knowledge/tmp.txt", "confidence": 0.9}, "score": 1.198007583618164}], "question": "Question:\nJames tore the antenna off of his boat due to bad reception as he was crossing the channel from France.  Where was he going?\n\nCandidate Answers:\n1: river\n2: television\n3: india\n4: england\n5: europe\n\n\nThere is only one correct option. Therefore, you must choose the answer that is most likely to be correct from all candidate answers.\nYour response should only contain the number of the chosen answer. Your response cannot contain any textual content.\n", "soft_refusal": false, "hard_refusal": true}