{"evidence": "A band may be performing when there are no people nearby for various reasons such as practicing, recording music, or filming a music video.", "reason": "The knowledge base mentions that a band may be performing when there are no people nearby for reasons such as practicing or recording music, which indicates that one of the reasons could be to record an album.", "answer": 1, "retrieved_documents": [{"content": "A band may be performing when there are no people nearby for various reasons such as practicing, recording music, or filming a music video.", "metadata": {"source": "knowledge/tmp.txt", "confidence": 0.8}, "score": 0.24075129628181458}, {"content": "The audience was most likely watching the performance in a concert hall or theater.", "metadata": {"source": "knowledge/tmp.txt", "confidence": 0.8}, "score": 1.0661364793777466}, {"content": "People go to see live performances, such as concerts, theater shows, comedy shows, and sporting events, for live entertainment.", "metadata": {"source": "knowledge/tmp.txt", "confidence": 1.0}, "score": 1.0689749717712402}, {"content": "They might have been in a movie theater or a similar venue where it would be dangerous to move around in the dark.", "metadata": {"source": "knowledge/tmp.txt", "confidence": 0.8}, "score": 1.1282786130905151}], "question": "Question:\nWhy would a band be performing when there are no people nearby?\n\nCandidate Answers:\n1: record album\n2: play music\n3: hold concert\n4: blaring\n5: practice\n\n\nThere is only one correct option. Therefore, you must choose the answer that is most likely to be correct from all candidate answers.\nYour response should only contain the number of the chosen answer. Your response cannot contain any textual content.\n", "soft_refusal": false, "hard_refusal": false}