{"evidence": "The dogs were protecting their own when they decided to attack the bad man. Dogs will love and protect their good owner.", "reason": "Based on the evidence provided, dogs were protecting their own by attacking the bad man, so the most likely action they decided to do was to attack.", "answer": 5, "retrieved_documents": [{"content": "The dogs were protecting their own when they decided to attack the bad man.", "metadata": {"source": "knowledge/tmp.txt", "confidence": 0.0}, "score": 0.6367925405502319}, {"content": "Dogs will love and protect their good owner.", "metadata": {"source": "knowledge/tmp.txt", "confidence": 0.9}, "score": 0.9022219181060791}, {"content": "Dogs are often known as man's best friend because of their loyalty, companionship, and ability to form strong emotional bonds with humans.", "metadata": {"source": "knowledge/tmp.txt", "confidence": 0.9}, "score": 1.0841361284255981}, {"content": "The gimmicky low brow TV show was about animals when they what?", "metadata": {"source": "knowledge/tmp.txt", "confidence": 0.0}, "score": 1.2058517932891846}], "question": "Question:\nThe dogs were protecting their own when they decided to what the bad man?\n\nCandidate Answers:\n1: bad breath\n2: defend\n3: run fast\n4: ocean\n5: attack\n\n\nThere is only one correct option. Therefore, you must choose the answer that is most likely to be correct from all candidate answers.\nYour response should only contain the number of the chosen answer. Your response cannot contain any textual content.\n", "soft_refusal": false, "hard_refusal": true}