{"evidence": "Nylon leggings are typically kept in a drawer or closet with other clothing items. Fabric can be stored in a closet, wardrobe, or storage bin in one's own home.", "reason": "Based on the knowledge provided, nylon leggings are mentioned to be kept in a drawer or closet with other clothing items, which indicates that they are typically stored with other clothing in a home setting.", "answer": 5, "retrieved_documents": [{"content": "Nylon leggings are typically kept in a drawer or closet with other clothing items.", "metadata": {"source": "knowledge/tmp.txt", "confidence": 0.8}, "score": 0.3374662697315216}, {"content": "You can store your spare linens near your socks in a drawer or storage container.", "metadata": {"source": "knowledge/tmp.txt", "confidence": 0.8}, "score": 0.7821833491325378}, {"content": "Fabric can be stored in a closet, wardrobe, or storage bin in one's own home.", "metadata": {"source": "knowledge/tmp.txt", "confidence": 0.9}, "score": 0.843452513217926}, {"content": "Extra clothing can be kept in a backpack or a daypack on a hike.", "metadata": {"source": "knowledge/tmp.txt", "confidence": 0.9}, "score": 1.0423301458358765}], "question": "Question:\nWhere would someone keep their nylon leggings?\n\nCandidate Answers:\n1: stockings\n2: rope\n3: car\n4: clothing\n5: drawer\n\n\nThere is only one correct option. Therefore, you must choose the answer that is most likely to be correct from all candidate answers.\nYour response should only contain the number of the chosen answer. Your response cannot contain any textual content.\n", "soft_refusal": false, "hard_refusal": false}