{"evidence": "Running after a ball for a long time is likely to make you feel tired and exhausted. Muscle fatigue is an unavoidable physiological consequence of running.", "reason": "Based on the knowledge that running for a long time can make you feel tired and exhausted, and muscle fatigue is a consequence of running, it is likely that you would feel tiredness after spending a long time running after a ball.", "answer": 5, "retrieved_documents": [{"content": "Running after a ball for a long time is likely to make you feel tired and exhausted.", "metadata": {"source": "knowledge/tmp.txt", "confidence": 0.9}, "score": 0.42313313484191895}, {"content": "Muscle fatigue is an unavoidable physiological consequence of running.", "metadata": {"source": "knowledge/tmp.txt", "confidence": 0.8}, "score": 1.0627816915512085}, {"content": "Marathoners who push themselves too hard may be prone to dehydration, muscle cramps, or even heat stroke.", "metadata": {"source": "knowledge/tmp.txt", "confidence": 0.8}, "score": 1.1707881689071655}, {"content": "An obstacle or barrier in the path can suddenly stop someone when he or she is running.", "metadata": {"source": "knowledge/tmp.txt", "confidence": 0.9}, "score": 1.1828440427780151}], "question": "Question:\nIf you spend a long time running after a ball how are you likely to feel?\n\nCandidate Answers:\n1: laughter\n2: sweating\n3: embarrassed\n4: breathing heavily\n5: tiredness\n\n\nThere is only one correct option. Therefore, you must choose the answer that is most likely to be correct from all candidate answers.\nYour response should only contain the number of the chosen answer. Your response cannot contain any textual content.\n", "soft_refusal": false, "hard_refusal": false}