{"evidence": "Animals may exhibit various behaviors when an enemy is approaching, such as fleeing, hiding, or displaying aggressive behavior.", "reason": "The evidence clearly states that animals exhibit behaviors like fleeing, hiding, or displaying aggression when an enemy is approaching.", "answer": 4, "retrieved_documents": [{"content": "Animals may exhibit various behaviors when an enemy is approaching, such as fleeing, hiding, or displaying aggressive behavior.", "metadata": {"source": "knowledge/tmp.txt", "confidence": 0.8}, "score": 0.34741994738578796}, {"content": "Animals are likely trying to fulfill their basic needs such as finding food, water, shelter, or a mate.", "metadata": {"source": "knowledge/tmp.txt", "confidence": 0.8}, "score": 0.7413195371627808}, {"content": "The dogs were protecting their own when they decided to attack the bad man.", "metadata": {"source": "knowledge/tmp.txt", "confidence": 0.0}, "score": 1.1420596837997437}, {"content": "The lion likely took on a more aggressive or dominant attitude towards the timid competitor.", "metadata": {"source": "knowledge/tmp.txt", "confidence": 0.8}, "score": 1.1524049043655396}], "question": "Question:\nWhat do animals do when an enemy is approaching?\n\nCandidate Answers:\n1: feel pleasure\n2: procreate\n3: pass water\n4: listen to each other\n5: sing\n\n\nThere is only one correct option. Therefore, you must choose the answer that is most likely to be correct from all candidate answers.\nYour response should only contain the number of the chosen answer. Your response cannot contain any textual content.\n", "soft_refusal": false, "hard_refusal": false}