{"evidence": "Reading a dry and long book may lead to becoming bored. Young children find it hard to read a long book due to their shorter attention span, which makes it challenging for them to focus for extended periods of time.", "reason": "The evidence clearly states that reading a dry and long book may lead to becoming bored, which aligns with the concept of losing interest or feeling uninterested in the material.", "answer": 5, "retrieved_documents": [{"content": "Reading a dry and long book may lead to becoming bored.", "metadata": {"source": "knowledge/tmp.txt", "confidence": 0.9}, "score": 0.4851595461368561}, {"content": "Young children find it hard to read a long book due to their shorter attention span, which makes it challenging for them to focus for extended periods of time.", "metadata": {"source": "knowledge/tmp.txt", "confidence": 0.8}, "score": 0.9627975821495056}, {"content": "The book might be about the author's own life, thoughts, or experiences, often reflecting on the process of writing the book itself.", "metadata": {"source": "knowledge/tmp.txt", "confidence": 0.8}, "score": 1.0737909078598022}, {"content": "Blue read material outside of his comfort zone to gain new knowledge and perspectives.", "metadata": {"source": "knowledge/tmp.txt", "confidence": 0.8}, "score": 1.1119815111160278}], "question": "Question:\nIf you have to read a book that is very dry and long you may become what?\n\nCandidate Answers:\n1: have time\n2: boring\n3: learn new\n4: enjoyable\n5: bored\n\n\nThere is only one correct option. Therefore, you must choose the answer that is most likely to be correct from all candidate answers.\nYour response should only contain the number of the chosen answer. Your response cannot contain any textual content.\n", "soft_refusal": false, "hard_refusal": false}