{"evidence": "They had been standing in queue for a long time. A person would be in a queue or line when having to wait their turn. Sally was feeling impatient. John did not like waiting in line.", "reason": "Based on the knowledge provided, it is clear that the people in the queue had been waiting for a long time, which caused Sally to feel impatient and John to dislike waiting. This indicates that the correct answer is related to the concept of waiting.", "answer": 2, "retrieved_documents": [{"content": "They had been standing in queue for a long time.", "metadata": {"source": "knowledge/tmp.txt", "confidence": 0.9}, "score": 0.7065609693527222}, {"content": "A person would be in a queue or line when having to wait their turn.", "metadata": {"source": "knowledge/tmp.txt", "confidence": 1.0}, "score": 0.9221749901771545}, {"content": "Sally was feeling impatient.", "metadata": {"source": "knowledge/tmp.txt", "confidence": 0.8}, "score": 1.0929864645004272}, {"content": "John did not like waiting in line.", "metadata": {"source": "knowledge/tmp.txt", "confidence": 0.9}, "score": 1.1287178993225098}], "question": "Question:\nHe was beginning to worry they wouldn't get on the ride before closing, they had been standing in queue for a long what?\n\nCandidate Answers:\n1: frustration\n2: waiting\n3: hair\n4: time\n5: patience\n\n\nThere is only one correct option. Therefore, you must choose the answer that is most likely to be correct from all candidate answers.\nYour response should only contain the number of the chosen answer. Your response cannot contain any textual content.\n", "soft_refusal": false, "hard_refusal": true}