{"evidence": "Muscle fatigue is an unavoidable physiological consequence of running.", "reason": "The knowledge base explicitly states that muscle fatigue is an unavoidable consequence of running.", "answer": 4, "retrieved_documents": [{"content": "Muscle fatigue is an unavoidable physiological consequence of running.", "metadata": {"source": "knowledge/tmp.txt", "confidence": 0.8}, "score": 0.5181586146354675}, {"content": "Marathoners who push themselves too hard may be prone to dehydration, muscle cramps, or even heat stroke.", "metadata": {"source": "knowledge/tmp.txt", "confidence": 0.8}, "score": 0.8429864645004272}, {"content": "When we are running, we are moving at a faster pace by lifting one foot off the ground at a time in a coordinated manner.", "metadata": {"source": "knowledge/tmp.txt", "confidence": 0.9}, "score": 0.958521842956543}, {"content": "Running after a ball for a long time is likely to make you feel tired and exhausted.", "metadata": {"source": "knowledge/tmp.txt", "confidence": 0.9}, "score": 0.9638566374778748}], "question": "Question:\nThis is an unavoidable physiological consequence of running.  What is it?\n\nCandidate Answers:\n1: breathlessness\n2: increased heart rate\n3: falling down\n4: muscle bulk\n5: calluses\n\n\nThere is only one correct option. Therefore, you must choose the answer that is most likely to be correct from all candidate answers.\nYour response should only contain the number of the chosen answer. Your response cannot contain any textual content.\n", "soft_refusal": false, "hard_refusal": false}