{"evidence": "The main purpose of having a bath is to cleanse the body by removing dirt, sweat, and oils from the skin. A person typically takes a shower or bath to clean themselves when they feel dirty. Maintaining personal hygiene and cleanliness through bathing can help prevent infections and maintain overall health. A wet person is likely to dry themselves off or change into dry clothes.", "reason": "Based on the knowledge provided, it is important for a person to have a bath even if they have a fear of water or dislike being wet because maintaining personal hygiene and cleanliness through bathing is essential for preventing infections and maintaining overall health.", "answer": 3, "retrieved_documents": [{"content": "The main purpose of having a bath is to cleanse the body by removing dirt, sweat, and oils from the skin.", "metadata": {"source": "knowledge/tmp.txt", "confidence": 0.9}, "score": 0.6205272674560547}, {"content": "A person typically takes a shower or bath to clean themselves when they feel dirty.", "metadata": {"source": "knowledge/tmp.txt", "confidence": 0.9}, "score": 0.6752281188964844}, {"content": "Maintaining personal hygiene and cleanliness through bathing can help prevent infections and maintain overall health.", "metadata": {"source": "knowledge/tmp.txt", "confidence": 0.9}, "score": 0.6825138926506042}, {"content": "A wet person is likely to dry themselves off or change into dry clothes.", "metadata": {"source": "knowledge/tmp.txt", "confidence": 0.9}, "score": 0.7665988206863403}], "question": "Question:\nSometimes a person has a fear of water or a dislike of being wet, it is still important to make sure they are having a bath why?\n\nCandidate Answers:\n1: flooding\n2: drowning\n3: wet skin\n4: get wet\n5: rash\n\n\nThere is only one correct option. Therefore, you must choose the answer that is most likely to be correct from all candidate answers.\nYour response should only contain the number of the chosen answer. Your response cannot contain any textual content.\n", "soft_refusal": false, "hard_refusal": false}