{"evidence": "An auditorium with only a single person speaking could be a lecture hall or a conference room. James might work in a building with an auditorium that has a small mezzanine to create more seating space.", "reason": "Based on the knowledge provided, an auditorium with only a single person speaking could be found in a lecture hall or a conference room, and James might work in a building with such an auditorium.", "answer": 1, "retrieved_documents": [{"content": "An auditorium with only a single person speaking could be a lecture hall or a conference room.", "metadata": {"source": "knowledge/tmp.txt", "confidence": 0.8}, "score": 0.354002982378006}, {"content": "The audience was most likely watching the performance in a concert hall or theater.", "metadata": {"source": "knowledge/tmp.txt", "confidence": 0.8}, "score": 0.8977624177932739}, {"content": "James might work in a building with an auditorium that has a small mezzanine to create more seating space.", "metadata": {"source": "knowledge/tmp.txt", "confidence": 0.8}, "score": 1.0485526323318481}, {"content": "A room with no music and no other noise would be quiet.", "metadata": {"source": "knowledge/tmp.txt", "confidence": 1.0}, "score": 1.0716017484664917}], "question": "Question:\nWhere would there be an auditorium with only a single person speaking?\n\nCandidate Answers:\n1: lights\n2: crowd\n3: university campus\n4: theater\n5: park\n\n\nThere is only one correct option. Therefore, you must choose the answer that is most likely to be correct from all candidate answers.\nYour response should only contain the number of the chosen answer. Your response cannot contain any textual content.\n", "soft_refusal": false, "hard_refusal": false}