{"evidence": "Miss Grady put the stick on top of the blackboard to prevent Bob from getting it.", "reason": "Based on the evidence provided, Miss Grady put the stick on top of the blackboard to prevent Bob from getting it.", "answer": 3, "retrieved_documents": [{"content": "Miss Grady put the stick on top of the blackboard to prevent Bob from getting it.", "metadata": {"source": "knowledge/tmp.txt", "confidence": 0.7}, "score": 0.4690573513507843}, {"content": "Bob was in a room or a box.", "metadata": {"source": "knowledge/tmp.txt", "confidence": 0.8}, "score": 1.0480986833572388}, {"content": "Brad tried to arise from bed but he could not. Instead, he just continued to do what?", "metadata": {"source": "knowledge/tmp.txt", "confidence": 1.0}, "score": 1.1013379096984863}, {"content": "Billy's father experienced an accident", "metadata": {"source": "knowledge/tmp.txt", "confidence": 0.8}, "score": 1.1864845752716064}], "question": "Question:\nMiss Grady took a stick from Bob because he was playing with it during class.  She wanted to make sure that he couldn't get to it so she put it where?\n\nCandidate Answers:\n1: desk drawer\n2: kitchen drawer\n3: classroom\n4: pocket\n5: office\n\n\nThere is only one correct option. Therefore, you must choose the answer that is most likely to be correct from all candidate answers.\nYour response should only contain the number of the chosen answer. Your response cannot contain any textual content.\n", "soft_refusal": false, "hard_refusal": false}