{"evidence": "A person begins reproducing through sexual intercourse, where a sperm from a male fertilizes an egg from a female.", "reason": "The evidence clearly states that a person begins reproducing through sexual intercourse.", "answer": 2, "retrieved_documents": [{"content": "A person begins reproducing through sexual intercourse, where a sperm from a male fertilizes an egg from a female.", "metadata": {"source": "knowledge/tmp.txt", "confidence": 0.9}, "score": 0.4522617757320404}, {"content": "When wildlife reproduce we often refer to what comes out as offspring.", "metadata": {"source": "knowledge/tmp.txt", "confidence": 0.9}, "score": 0.9846998453140259}, {"content": "The newlyweds began copulating their marriage, they wanted many children.", "metadata": {"source": "knowledge/tmp.txt", "confidence": 0.8}, "score": 1.168857455253601}, {"content": "Parenthood is the term used when two people in love have children.", "metadata": {"source": "knowledge/tmp.txt", "confidence": 0.9}, "score": 1.1747756004333496}], "question": "Question:\nHow does a person begin reproducing?\n\nCandidate Answers:\n1: genetic mutation\n2: have sex\n3: kiss\n4: flirting\n5: going on a date\n\n\nThere is only one correct option. Therefore, you must choose the answer that is most likely to be correct from all candidate answers.\nYour response should only contain the number of the chosen answer. Your response cannot contain any textual content.\n", "soft_refusal": false, "hard_refusal": false}