{"evidence": "Sally might work in a school, office, or any other place where she needs to organize papers and call out names. Papers are likely to be set on a desk or table while working on them.", "reason": "Based on the knowledge provided, Sally is likely to work in a place where she needs to organize papers and call out names, which could be a school or an office. Papers are usually set on a desk or table while working on them.", "answer": 5, "retrieved_documents": [{"content": "Sally might work in a school, office, or any other place where she needs to organize papers and call out names.", "metadata": {"source": "knowledge/tmp.txt", "confidence": 0.8}, "score": 0.5512350797653198}, {"content": "Papers are likely to be set on a desk or table while working on them.", "metadata": {"source": "knowledge/tmp.txt", "confidence": 0.9}, "score": 1.0165742635726929}, {"content": "You would go to an office to work, attend meetings, collaborate with colleagues, and perform job-related tasks.", "metadata": {"source": "knowledge/tmp.txt", "confidence": 0.9}, "score": 1.1146916151046753}, {"content": "A person working at a reception desk is located at the front entrance of a building or establishment.", "metadata": {"source": "knowledge/tmp.txt", "confidence": 0.9}, "score": 1.116225242614746}], "question": "Question:\nSally used a clipboard to hold her papers while she read off names at the beginning of the day.  Where might she work?\n\nCandidate Answers:\n1: desk\n2: windows 95\n3: office supply store\n4: see work\n5: school\n\n\nThere is only one correct option. Therefore, you must choose the answer that is most likely to be correct from all candidate answers.\nYour response should only contain the number of the chosen answer. Your response cannot contain any textual content.\n", "soft_refusal": false, "hard_refusal": false}