{"evidence": "You would normally take a cup from a cupboard or shelf in the kitchen or dining area. A glass is typically put in the sink or dishwasher after drinking from it.", "reason": "Based on the knowledge provided, cups are typically taken from a cupboard or shelf in the kitchen or dining area, not from a dishwasher, water fountain, sand box, or toilet.", "answer": 5, "retrieved_documents": [{"content": "You would normally take a cup from a cupboard or shelf in the kitchen or dining area.", "metadata": {"source": "knowledge/tmp.txt", "confidence": 0.9}, "score": 0.44020140171051025}, {"content": "A good place to set a cup of coffee while relaxing could be on a coffee table or a side table.", "metadata": {"source": "knowledge/tmp.txt", "confidence": 0.8}, "score": 0.8740743398666382}, {"content": "Water could be used to fill a cup and then drink from it.", "metadata": {"source": "knowledge/tmp.txt", "confidence": 1.0}, "score": 1.008887767791748}, {"content": "A glass is typically put in the sink or dishwasher after drinking from it.", "metadata": {"source": "knowledge/tmp.txt", "confidence": 0.9}, "score": 1.0323874950408936}], "question": "Question:\nFrom where would you normally take a cup when you're about to get a drink?\n\nCandidate Answers:\n1: dishwasher\n2: water fountain\n3: sand box\n4: toilet\n5: kitchen cabinet\n\n\nThere is only one correct option. Therefore, you must choose the answer that is most likely to be correct from all candidate answers.\nYour response should only contain the number of the chosen answer. Your response cannot contain any textual content.\n", "soft_refusal": false, "hard_refusal": false}