{"evidence": "Headphones are used if there are speakers strapped on your ears.", "reason": "The evidence clearly states that headphones are used when there are speakers strapped on your ears.", "answer": 2, "retrieved_documents": [{"content": "Headphones are used if there are speakers strapped on your ears.", "metadata": {"source": "knowledge/tmp.txt", "confidence": 1.0}, "score": 0.6298078894615173}, {"content": "A musician would use a musical instrument.", "metadata": {"source": "knowledge/tmp.txt", "confidence": 1.0}, "score": 1.2480664253234863}, {"content": "Musical instruments can be kept in protective cases or covers to prevent them from getting scratched.", "metadata": {"source": "knowledge/tmp.txt", "confidence": 0.9}, "score": 1.3051962852478027}, {"content": "While knitting, you can listen to music or radio programs using a radio.", "metadata": {"source": "knowledge/tmp.txt", "confidence": 0.9}, "score": 1.3403393030166626}], "question": "Question:\nWhat are you using if there are speakers strapped on your ears?\n\nCandidate Answers:\n1: take it all in\n2: headphones\n3: desktop\n4: conference\n5: concert\n\n\nThere is only one correct option. Therefore, you must choose the answer that is most likely to be correct from all candidate answers.\nYour response should only contain the number of the chosen answer. Your response cannot contain any textual content.\n", "soft_refusal": false, "hard_refusal": false}