{"evidence": "The man was encouraged to seek anger management therapy or counseling.", "reason": "The evidence suggests that the man's anger issues were recognized and he was advised to seek help for them.", "answer": 1, "retrieved_documents": [{"content": "Anger leads to punching.", "metadata": {"source": "knowledge/tmp.txt", "confidence": 0.9}, "score": 0.9624006748199463}, {"content": "He had a belief that he would get away with it", "metadata": {"source": "knowledge/tmp.txt", "confidence": 0.8}, "score": 1.0596857070922852}, {"content": "The man was encouraged to seek anger management therapy or counseling.", "metadata": {"source": "knowledge/tmp.txt", "confidence": 0.8}, "score": 1.068578839302063}, {"content": "He wanted to run faster or reach his destination quicker.", "metadata": {"source": "knowledge/tmp.txt", "confidence": 0.8}, "score": 1.092826247215271}], "question": "Question:\nBecause of his anger he couldn't clearly explain or what?\n\nCandidate Answers:\n1: cool off\n2: write letter\n3: get mad\n4: illustrate point\n5: destroy enemy\n\n\nThere is only one correct option. Therefore, you must choose the answer that is most likely to be correct from all candidate answers.\nYour response should only contain the number of the chosen answer. Your response cannot contain any textual content.\n", "soft_refusal": false, "hard_refusal": true}