{"evidence": "New York City is likely to not just have a kosher restaurant.", "reason": "Based on the knowledge that New York City is likely to not just have a kosher restaurant, we can infer that other places may also have kosher restaurants.", "answer": 4, "retrieved_documents": [{"content": "New York City is likely to not just have a kosher restaurant.", "metadata": {"source": "knowledge/tmp.txt", "confidence": 0.7}, "score": 0.4527474641799927}, {"content": "A kosher deli is typically found in a neighborhood with a significant Jewish population or in a city with a large Jewish community.", "metadata": {"source": "knowledge/tmp.txt", "confidence": 0.8}, "score": 0.7450699210166931}, {"content": "You could go to a city or a large urban area with a high concentration of restaurants.", "metadata": {"source": "knowledge/tmp.txt", "confidence": 0.8}, "score": 0.7544985413551331}, {"content": "You would likely find a Japanese restaurant in the Japantown or Little Tokyo district of a west coast U.S. city.", "metadata": {"source": "knowledge/tmp.txt", "confidence": 0.8}, "score": 1.0525113344192505}], "question": "Question:\nWhere is likely to not just have a kosher restaurant?\n\nCandidate Answers:\n1: jerusalem\n2: jewish neighborhoods\n3: dining in\n4: new york city\n5: dining\n\n\nThere is only one correct option. Therefore, you must choose the answer that is most likely to be correct from all candidate answers.\nYour response should only contain the number of the chosen answer. Your response cannot contain any textual content.\n", "soft_refusal": false, "hard_refusal": false}