{"evidence": "A stove heats up the place that it's in.", "reason": "Based on the knowledge that a stove heats up the place it's in, we can infer the effect of a stove on its surroundings.", "answer": 2, "retrieved_documents": [{"content": "A stove heats up the place that it's in.", "metadata": {"source": "knowledge/tmp.txt", "confidence": 0.9}, "score": 0.3910955488681793}, {"content": "A stove would be in a kitchen if you don't live in a detached dwelling.", "metadata": {"source": "knowledge/tmp.txt", "confidence": 1.0}, "score": 0.8311787843704224}, {"content": "Having a fire extinguisher in the kitchen is a good idea but not required.", "metadata": {"source": "knowledge/tmp.txt", "confidence": 0.8}, "score": 1.137012243270874}, {"content": "A good place to have a fireplace in a house is typically in a living room or a family room.", "metadata": {"source": "knowledge/tmp.txt", "confidence": 0.8}, "score": 1.1500763893127441}], "question": "Question:\nWhat does a stove do to the place that it's in?\n\nCandidate Answers:\n1: cool house\n2: warm room\n3: gas or electric\n4: burn child\n5: brown meat\n\n\nThere is only one correct option. Therefore, you must choose the answer that is most likely to be correct from all candidate answers.\nYour response should only contain the number of the chosen answer. Your response cannot contain any textual content.\n", "soft_refusal": false, "hard_refusal": false}