{"evidence": "The knowledge base mentions that James might work in a building with an auditorium that has a small mezzanine to create more seating space.", "reason": "Based on the evidence provided, it is likely that James works in a building with an auditorium that has a small mezzanine.", "answer": 1, "retrieved_documents": [{"content": "James might work in a building with an auditorium that has a small mezzanine to create more seating space.", "metadata": {"source": "knowledge/tmp.txt", "confidence": 0.8}, "score": 0.3265135586261749}, {"content": "James might have gone to a high-end hotel or restaurant where he could use their facilities for a fee.", "metadata": {"source": "knowledge/tmp.txt", "confidence": 0.8}, "score": 0.9794101119041443}, {"content": "Joe is probably in a conference center or a convention center.", "metadata": {"source": "knowledge/tmp.txt", "confidence": 0.8}, "score": 1.1157429218292236}, {"content": "The architect might be designing a building or a structure with a mezzanine level.", "metadata": {"source": "knowledge/tmp.txt", "confidence": 0.8}, "score": 1.1548148393630981}], "question": "Question:\nIn the building where James worked there was a small mezzanine in the auditorium to make more space for seats.  Where might James work?\n\nCandidate Answers:\n1: theater\n2: floors\n3: concert hall\n4: education\n5: school\n\n\nThere is only one correct option. Therefore, you must choose the answer that is most likely to be correct from all candidate answers.\nYour response should only contain the number of the chosen answer. Your response cannot contain any textual content.\n", "soft_refusal": false, "hard_refusal": false}