{"evidence": "If you aren't well rested and it's a rainy day, you might choose to stay indoors, relax, read a book, watch a movie, or take a nap.", "reason": "The evidence provided suggests that on a rainy day when you are not well rested, you might choose to stay indoors and engage in relaxing activities.", "answer": 4, "retrieved_documents": [{"content": "If you aren't well rested and it's a rainy day, you might choose to stay indoors, relax, read a book, watch a movie, or take a nap.", "metadata": {"source": "knowledge/tmp.txt", "confidence": 0.8}, "score": 0.5211496353149414}, {"content": "Most people take a quick rest during the day to recharge their energy levels, improve focus and productivity, and reduce stress.", "metadata": {"source": "knowledge/tmp.txt", "confidence": 0.9}, "score": 1.130271553993225}, {"content": "To see something beautiful when suffering from boredom, you can try watching a sunset, visiting a botanical garden, or exploring art galleries.", "metadata": {"source": "knowledge/tmp.txt", "confidence": 0.8}, "score": 1.1590532064437866}, {"content": "You could have fun by yourself with activities such as reading a book, watching a movie, going for a walk, listening to music, painting, or practicing a hobby.", "metadata": {"source": "knowledge/tmp.txt", "confidence": 0.9}, "score": 1.1684361696243286}], "question": "Question:\nIf you aren't well rested and it's a rainy day what might you do?\n\nCandidate Answers:\n1: sleep\n2: write\n3: make bread\n4: stay in bed\n5: enjoy film\n\n\nThere is only one correct option. Therefore, you must choose the answer that is most likely to be correct from all candidate answers.\nYour response should only contain the number of the chosen answer. Your response cannot contain any textual content.\n", "soft_refusal": false, "hard_refusal": false}