{"evidence": "A stove would be in a kitchen if you don't live in a detached dwelling.", "reason": "Based on the knowledge provided, a stove would be in a kitchen if you don't live in a detached dwelling.", "answer": 5, "retrieved_documents": [{"content": "A stove would be in a kitchen if you don't live in a detached dwelling.", "metadata": {"source": "knowledge/tmp.txt", "confidence": 1.0}, "score": 0.36251211166381836}, {"content": "A stove heats up the place that it's in.", "metadata": {"source": "knowledge/tmp.txt", "confidence": 0.9}, "score": 0.8463931083679199}, {"content": "A good place to have a fireplace in a house is typically in a living room or a family room.", "metadata": {"source": "knowledge/tmp.txt", "confidence": 0.8}, "score": 0.8528037667274475}, {"content": "Having a fire extinguisher in the kitchen is a good idea but not required.", "metadata": {"source": "knowledge/tmp.txt", "confidence": 0.8}, "score": 0.9590960741043091}], "question": "Question:\nWhere would you have a stove if you don't live in a detached dwelling?\n\nCandidate Answers:\n1: tent\n2: car\n3: living room\n4: friend's house\n5: apartment\n\n\nThere is only one correct option. Therefore, you must choose the answer that is most likely to be correct from all candidate answers.\nYour response should only contain the number of the chosen answer. Your response cannot contain any textual content.\n", "soft_refusal": false, "hard_refusal": false}