{"evidence": "Seaweed is usually found alive in the ocean, attached to rocks or other substrates. Seaweed is from the ocean.", "reason": "Based on the evidence provided, seaweed is typically found alive in the ocean.", "answer": 1, "retrieved_documents": [{"content": "Seaweed is usually found alive in the ocean, attached to rocks or other substrates.", "metadata": {"source": "knowledge/tmp.txt", "confidence": 0.9}, "score": 0.3355213403701782}, {"content": "Seaweed is from the ocean.", "metadata": {"source": "knowledge/tmp.txt", "confidence": 0.9}, "score": 0.4985107481479645}, {"content": "Sea anemones can be found in rock pools or tide pools after high tide on the coast.", "metadata": {"source": "knowledge/tmp.txt", "confidence": 0.8}, "score": 0.8723759651184082}, {"content": "Anemones typically live in marine environments, specifically in oceans and seas.", "metadata": {"source": "knowledge/tmp.txt", "confidence": 0.9}, "score": 0.9108400344848633}], "question": "Question:\nWhere is seaweed usually found alive?\n\nCandidate Answers:\n1: ocean\n2: found in ocean\n3: water\n4: found in sea\n5: beach\n\n\nThere is only one correct option. Therefore, you must choose the answer that is most likely to be correct from all candidate answers.\nYour response should only contain the number of the chosen answer. Your response cannot contain any textual content.\n", "soft_refusal": false, "hard_refusal": false}