{"evidence": "The lizard has become accustomed to being fed by people and may rely on them for food.", "reason": "Based on the fact that the lizard has become accustomed to being fed by people, it is likely that the lizard is in a state of captivity.", "answer": 5, "retrieved_documents": [{"content": "The lizard has become accustomed to being fed by people and may rely on them for food.", "metadata": {"source": "knowledge/tmp.txt", "confidence": 0.8}, "score": 0.4503781795501709}, {"content": "Bob the lizard probably lives in a tropical rainforest or a wetland area.", "metadata": {"source": "knowledge/tmp.txt", "confidence": 0.8}, "score": 0.9277707934379578}, {"content": "You can get a lizard to keep in your home from pet stores, breeders, or online reptile shops.", "metadata": {"source": "knowledge/tmp.txt", "confidence": 0.8}, "score": 1.0275241136550903}, {"content": "Lizards are likely to be found in warm and dry geographic areas such as deserts, grasslands, and rocky areas.", "metadata": {"source": "knowledge/tmp.txt", "confidence": 0.8}, "score": 1.0689960718154907}], "question": "Question:\nIf a lizard is fed by people every day, what has happened to it?\n\nCandidate Answers:\n1: documentary\n2: costa rica\n3: garden\n4: encouragement\n5: captivity\n\n\nThere is only one correct option. Therefore, you must choose the answer that is most likely to be correct from all candidate answers.\nYour response should only contain the number of the chosen answer. Your response cannot contain any textual content.\n", "soft_refusal": false, "hard_refusal": false}