{"evidence": "A side table is normally found near a side chair.", "reason": "Based on the knowledge that a side table is normally found near a side chair, we can determine what furniture is typically found near a side chair.", "answer": 2, "retrieved_documents": [{"content": "A side table is normally found near a side chair.", "metadata": {"source": "knowledge/tmp.txt", "confidence": 0.9}, "score": 0.44625070691108704}, {"content": "A dining room is likely to have a sideboard on the counter.", "metadata": {"source": "knowledge/tmp.txt", "confidence": 0.8}, "score": 0.9416167736053467}, {"content": "A good place to set a cup of coffee while relaxing could be on a coffee table or a side table.", "metadata": {"source": "knowledge/tmp.txt", "confidence": 0.8}, "score": 0.9422964453697205}, {"content": "You can borrow furniture from friends, family, or rental companies.", "metadata": {"source": "knowledge/tmp.txt", "confidence": 0.9}, "score": 0.9531306028366089}], "question": "Question:\nWhat furniture will you normally find near a side chair?\n\nCandidate Answers:\n1: bedroom\n2: table\n3: wheel barrow\n4: building\n5: office\n\n\nThere is only one correct option. Therefore, you must choose the answer that is most likely to be correct from all candidate answers.\nYour response should only contain the number of the chosen answer. Your response cannot contain any textual content.\n", "soft_refusal": false, "hard_refusal": false}