{"evidence": "Metal is used to make various things such as tools, machinery, vehicles, buildings, and more. Metal is taken from ore which is pulled from the ground.", "reason": "Based on the knowledge provided, metal is used to make various things and is taken from ore, not from junkyards, instruments, or bowls.", "answer": 3, "retrieved_documents": [{"content": "Metal is used to make various things such as tools, machinery, vehicles, buildings, and more.", "metadata": {"source": "knowledge/tmp.txt", "confidence": 1.0}, "score": 0.3720991909503937}, {"content": "Metal is taken from ore which is pulled from the ground.", "metadata": {"source": "knowledge/tmp.txt", "confidence": 0.9}, "score": 0.6228207349777222}, {"content": "Flasks were used in laboratories or scientific experiments to distill elements.", "metadata": {"source": "knowledge/tmp.txt", "confidence": 0.8}, "score": 1.2793575525283813}, {"content": "A crane uses many a steel cable when working a construction site.", "metadata": {"source": "knowledge/tmp.txt", "confidence": 0.8}, "score": 1.2983016967773438}], "question": "Question:\nMetal is used to make what?\n\nCandidate Answers:\n1: junkyard\n2: ore\n3: instruments\n4: metal fabrication shop\n5: bowls\n\n\nThere is only one correct option. Therefore, you must choose the answer that is most likely to be correct from all candidate answers.\nYour response should only contain the number of the chosen answer. Your response cannot contain any textual content.\n", "soft_refusal": false, "hard_refusal": false}