{"evidence": "The amateur end user began to panic or feel frustrated.", "reason": "The knowledge base mentions that the amateur end user began to panic or feel frustrated when the program kept getting errors.", "answer": 5, "retrieved_documents": [{"content": "The amateur end user began to panic or feel frustrated.", "metadata": {"source": "knowledge/tmp.txt", "confidence": 0.8}, "score": 0.7313250303268433}, {"content": "Consulting a manual or instruction manual provided the needed information to fix the issue.", "metadata": {"source": "knowledge/tmp.txt", "confidence": 0.8}, "score": 1.0149199962615967}, {"content": "The question seems incomplete or unclear.", "metadata": {"source": "knowledge/tmp.txt", "confidence": 0.0}, "score": 1.3041285276412964}, {"content": "She signed up for computer classes to learn more about the computer.", "metadata": {"source": "knowledge/tmp.txt", "confidence": 0.8}, "score": 1.3073242902755737}], "question": "Question:\nThe program kept getting errors, the amateur end user began to what?\n\nCandidate Answers:\n1: get mad\n2: compile\n3: debug\n4: write code\n5: get frustrated\n\n\nThere is only one correct option. Therefore, you must choose the answer that is most likely to be correct from all candidate answers.\nYour response should only contain the number of the chosen answer. Your response cannot contain any textual content.\n", "soft_refusal": false, "hard_refusal": true}