{"evidence": "Vegetables are made from plants and need to be washed before eating.", "reason": "Based on the knowledge that vegetables are made from plants and need to be washed before eating, the correct answer would be an edible plant that requires washing before consumption.", "answer": 4, "retrieved_documents": [{"content": "Vegetables are made from plants and need to be washed before eating.", "metadata": {"source": "knowledge/tmp.txt", "confidence": 0.9}, "score": 0.7333377003669739}, {"content": "Seaweed is from the ocean.", "metadata": {"source": "knowledge/tmp.txt", "confidence": 0.9}, "score": 1.1333909034729004}, {"content": "To get clean clothes, you need to wash them.", "metadata": {"source": "knowledge/tmp.txt", "confidence": 1.0}, "score": 1.2038217782974243}, {"content": "Eating vegetables is healthy.", "metadata": {"source": "knowledge/tmp.txt", "confidence": 0.8}, "score": 1.2330307960510254}], "question": "Question:\nIf I wanted to eat something that is made from plants and needs to be washed, what would it be?\n\nCandidate Answers:\n1: roots\n2: millions of cells\n3: see work\n4: leaves to gather light\n5: flowers on\n\n\nThere is only one correct option. Therefore, you must choose the answer that is most likely to be correct from all candidate answers.\nYour response should only contain the number of the chosen answer. Your response cannot contain any textual content.\n", "soft_refusal": false, "hard_refusal": true}