{"evidence": "Most people who are family like to greet each other with a hug.", "reason": "The knowledge base explicitly states that most people who are family greet each other with a hug.", "answer": 5, "retrieved_documents": [{"content": "Most people who are family like to greet each other with a hug.", "metadata": {"source": "knowledge/tmp.txt", "confidence": 0.8}, "score": 0.35299384593963623}, {"content": "He would just do a handshake.", "metadata": {"source": "knowledge/tmp.txt", "confidence": 0.8}, "score": 1.2238311767578125}, {"content": "Audiences clap to show appreciation or approval for a performance or presentation.", "metadata": {"source": "knowledge/tmp.txt", "confidence": 0.9}, "score": 1.2433547973632812}, {"content": "People are strange when you're a stranger", "metadata": {"source": "knowledge/tmp.txt", "confidence": 1.0}, "score": 1.2562631368637085}], "question": "Question:\nMost people who are family like to greet each other with a what?\n\nCandidate Answers:\n1: apartments\n2: listen to music\n3: have friends\n4: know what ophiolites\n5: hug\n\n\nThere is only one correct option. Therefore, you must choose the answer that is most likely to be correct from all candidate answers.\nYour response should only contain the number of the chosen answer. Your response cannot contain any textual content.\n", "soft_refusal": false, "hard_refusal": false}