{"evidence": "John found his old water hose near his car. The man was likely catching draining motor oil in the garage or driveway at home. John lived in an unknown location. He went to the hardware store.", "reason": "Based on the evidence provided, John found his old water hose near his car, which suggests that he found it in the garage or driveway at home where he was likely catching draining motor oil.", "answer": 4, "retrieved_documents": [{"content": "John found his old water hose near his car.", "metadata": {"source": "knowledge/tmp.txt", "confidence": 1.0}, "score": 0.35753315687179565}, {"content": "The man was likely catching draining motor oil in the garage or driveway at home.", "metadata": {"source": "knowledge/tmp.txt", "confidence": 0.8}, "score": 1.0601861476898193}, {"content": "John lived in an unknown location.", "metadata": {"source": "knowledge/tmp.txt", "confidence": 0.0}, "score": 1.126143455505371}, {"content": "He went to the hardware store.", "metadata": {"source": "knowledge/tmp.txt", "confidence": 0.8}, "score": 1.1605783700942993}], "question": "Question:\nJohn bought a new water hose.  But he found his old one near his car.  Where did he find the old one?\n\nCandidate Answers:\n1: garden shed\n2: hardware store\n3: greenhouse\n4: garage\n5: in a van\n\n\nThere is only one correct option. Therefore, you must choose the answer that is most likely to be correct from all candidate answers.\nYour response should only contain the number of the chosen answer. Your response cannot contain any textual content.\n", "soft_refusal": false, "hard_refusal": false}