{"evidence": "A control room is needed in situations where there is a potential for a wide spread disaster, such as in emergency response operations, nuclear power plants, chemical plants, and other critical infrastructure facilities.", "reason": "Based on the knowledge provided, a control room is needed in situations where there is a potential for a wide spread disaster, such as in a nuclear power plant.", "answer": 4, "retrieved_documents": [{"content": "A control room is needed in situations where there is a potential for a wide spread disaster, such as in emergency response operations, nuclear power plants, chemical plants, and other critical infrastructure facilities.", "metadata": {"source": "knowledge/tmp.txt", "confidence": 0.9}, "score": 0.3462376296520233}, {"content": "The control room that controls a Pressurized Water Reactor (PWR) is typically located on-site at the nuclear power plant.", "metadata": {"source": "knowledge/tmp.txt", "confidence": 0.9}, "score": 0.8961729407310486}, {"content": "Having a fire extinguisher in the kitchen is a good idea but not required.", "metadata": {"source": "knowledge/tmp.txt", "confidence": 0.8}, "score": 1.1834503412246704}, {"content": "Humans usually find shelter in homes, buildings, or other structures.", "metadata": {"source": "knowledge/tmp.txt", "confidence": 0.9}, "score": 1.2307528257369995}], "question": "Question:\nWhere is a control room needed to prevent wide spread disaster?\n\nCandidate Answers:\n1: airbase\n2: prison\n3: mill\n4: nuclear plant\n5: recording studio\n\n\nThere is only one correct option. Therefore, you must choose the answer that is most likely to be correct from all candidate answers.\nYour response should only contain the number of the chosen answer. Your response cannot contain any textual content.\n", "soft_refusal": false, "hard_refusal": false}