{"evidence": "You typically keep your pizza slice on a plate or napkin before eating it. You are at a pizzeria or a pizza restaurant.", "reason": "Based on the knowledge provided, it is stated that you typically keep your pizza slice on a plate before eating it, and you are at a pizzeria or a pizza restaurant.", "answer": 2, "retrieved_documents": [{"content": "You typically keep your pizza slice on a plate or napkin before eating it.", "metadata": {"source": "knowledge/tmp.txt", "confidence": 0.9}, "score": 0.4854566752910614}, {"content": "You are at a pizzeria or a pizza restaurant.", "metadata": {"source": "knowledge/tmp.txt", "confidence": 0.9}, "score": 0.7939223051071167}, {"content": "A plate should be put in the sink or dishwasher immediately after eating from it.", "metadata": {"source": "knowledge/tmp.txt", "confidence": 0.9}, "score": 1.1373800039291382}, {"content": "Two slices of bread would be put in the toaster if someone was making breakfast.", "metadata": {"source": "knowledge/tmp.txt", "confidence": 0.9}, "score": 1.1739240884780884}], "question": "Question:\nWhere do you keep your pizza slice before you eat it?\n\nCandidate Answers:\n1: table\n2: plate\n3: restaurant\n4: oven\n5: popular\n\n\nThere is only one correct option. Therefore, you must choose the answer that is most likely to be correct from all candidate answers.\nYour response should only contain the number of the chosen answer. Your response cannot contain any textual content.\n", "soft_refusal": false, "hard_refusal": false}