{"evidence": "The thoroughfare was passing through fields and woods.", "reason": "The evidence clearly states that the thoroughfare was passing through fields and woods.", "answer": 3, "retrieved_documents": [{"content": "The thoroughfare was passing through fields and woods.", "metadata": {"source": "knowledge/tmp.txt", "confidence": 1.0}, "score": 0.2878737449645996}, {"content": "They consulted a map before getting on the national highway.", "metadata": {"source": "knowledge/tmp.txt", "confidence": 0.8}, "score": 1.166699767112732}, {"content": "You would walk through a central passage to catch an elevator in a building or a structure with multiple floors", "metadata": {"source": "knowledge/tmp.txt", "confidence": 0.9}, "score": 1.1778473854064941}, {"content": "You might see a green field while driving in rural areas or countryside.", "metadata": {"source": "knowledge/tmp.txt", "confidence": 0.9}, "score": 1.2220845222473145}], "question": "Question:\nA thoroughfare meandered through fields and woods, where was it passing though?\n\nCandidate Answers:\n1: move about\n2: city\n3: country\n4: town\n5: new york city\n\n\nThere is only one correct option. Therefore, you must choose the answer that is most likely to be correct from all candidate answers.\nYour response should only contain the number of the chosen answer. Your response cannot contain any textual content.\n", "soft_refusal": false, "hard_refusal": false}