{"evidence": "You can go to furniture stores or home decor stores to find a new ottoman.", "reason": "The knowledge base mentions that you can find a new ottoman at furniture stores, which indicates that this is the most likely place to go.", "answer": 1, "retrieved_documents": [{"content": "You can go to furniture stores or home decor stores to find a new ottoman.", "metadata": {"source": "knowledge/tmp.txt", "confidence": 0.8}, "score": 0.4215128719806671}, {"content": "You can borrow furniture from friends, family, or rental companies.", "metadata": {"source": "knowledge/tmp.txt", "confidence": 0.9}, "score": 0.9277762174606323}, {"content": "An ottoman near the front door is used as a place to sit while putting on or taking off shoes.", "metadata": {"source": "knowledge/tmp.txt", "confidence": 0.9}, "score": 1.0489850044250488}, {"content": "You would go to a clothing store or a department store.", "metadata": {"source": "knowledge/tmp.txt", "confidence": 1.0}, "score": 1.0955235958099365}], "question": "Question:\nIf I want a new ottoman, where should I go?\n\nCandidate Answers:\n1: furniture store\n2: parlor\n3: turkey\n4: living room\n5: den\n\n\nThere is only one correct option. Therefore, you must choose the answer that is most likely to be correct from all candidate answers.\nYour response should only contain the number of the chosen answer. Your response cannot contain any textual content.\n", "soft_refusal": false, "hard_refusal": false}