{"evidence": "A refrigerator has a shelf that does not allow you to see what is inside of it.", "reason": "Based on the knowledge that a refrigerator has a shelf that does not allow you to see what is inside of it, we can infer that the correct answer is most likely to be a chest of drawers.", "answer": 1, "retrieved_documents": [{"content": "A refrigerator has a shelf that does not allow you to see what is inside of it.", "metadata": {"source": "knowledge/tmp.txt", "confidence": 0.8}, "score": 0.4226701259613037}, {"content": "A shelf is likely to be hidden behind a door in a room or closet.", "metadata": {"source": "knowledge/tmp.txt", "confidence": 0.8}, "score": 0.48042047023773193}, {"content": "An unused chess set might be stored in a closet or a storage box.", "metadata": {"source": "knowledge/tmp.txt", "confidence": 0.8}, "score": 1.0302913188934326}, {"content": "A large container can be stored in a warehouse or storage facility.", "metadata": {"source": "knowledge/tmp.txt", "confidence": 0.8}, "score": 1.098527193069458}], "question": "Question:\nWhat has a shelf that does not allow you to see what is inside of it?\n\nCandidate Answers:\n1: chest of drawers\n2: stove\n3: hold alcohol\n4: bookcase\n5: grocery store\n\n\nThere is only one correct option. Therefore, you must choose the answer that is most likely to be correct from all candidate answers.\nYour response should only contain the number of the chosen answer. Your response cannot contain any textual content.\n", "soft_refusal": false, "hard_refusal": false}