{"evidence": "Blowfish are found in water, not on dry land. Blowfish require saltwater to live.", "reason": "Based on the knowledge that blowfish are found in water and require saltwater to live, it is clear that the boat passenger was not referring to blowfish when expressing fear, as they were on a river.", "answer": 2, "retrieved_documents": [{"content": "Blowfish are found in water, not on dry land.", "metadata": {"source": "knowledge/tmp.txt", "confidence": 1.0}, "score": 1.1245466470718384}, {"content": "The gimmicky low brow TV show was about animals when they what?", "metadata": {"source": "knowledge/tmp.txt", "confidence": 0.0}, "score": 1.266174077987671}, {"content": "Blowfish require saltwater to live.", "metadata": {"source": "knowledge/tmp.txt", "confidence": 0.9}, "score": 1.2840572595596313}, {"content": "Snakes should be watched out for when floating down the Nile River.", "metadata": {"source": "knowledge/tmp.txt", "confidence": 0.8}, "score": 1.312873125076294}], "question": "Question:\nThe boat passenger was explaining his fear of blowfish, but the captain figured he meant piranhas since they were on a river in the what?\n\nCandidate Answers:\n1: cuba\n2: styx\n3: atlantic ocean\n4: france\n5: jungle\n\n\nThere is only one correct option. Therefore, you must choose the answer that is most likely to be correct from all candidate answers.\nYour response should only contain the number of the chosen answer. Your response cannot contain any textual content.\n", "soft_refusal": false, "hard_refusal": true}