{"evidence": "You could find only a few office in a remote or rural area where there are not many businesses or commercial buildings.", "reason": "Based on the knowledge provided, it is stated that offices are limited in remote or rural areas where there are not many businesses or commercial buildings.", "answer": 4, "retrieved_documents": [{"content": "You could find only a few office in a remote or rural area where there are not many businesses or commercial buildings.", "metadata": {"source": "knowledge/tmp.txt", "confidence": 0.8}, "score": 0.7128381729125977}, {"content": "You would go to an office to work, attend meetings, collaborate with colleagues, and perform job-related tasks.", "metadata": {"source": "knowledge/tmp.txt", "confidence": 0.9}, "score": 0.9010399580001831}, {"content": "A bureau as well as many politicians can be found in a government building or a political office.", "metadata": {"source": "knowledge/tmp.txt", "confidence": 0.8}, "score": 0.9665759801864624}, {"content": "Office or school supplies store is where pens, computers, text books, and paper clips can all be found.", "metadata": {"source": "knowledge/tmp.txt", "confidence": 0.9}, "score": 0.9941509962081909}], "question": "Question:\nWhere could you find only a few office?\n\nCandidate Answers:\n1: skyscraper\n2: new york\n3: school building\n4: city\n5: work\n\n\nThere is only one correct option. Therefore, you must choose the answer that is most likely to be correct from all candidate answers.\nYour response should only contain the number of the chosen answer. Your response cannot contain any textual content.\n", "soft_refusal": false, "hard_refusal": true}