{"evidence": "You can buy a magazine, paper, or gum at a convenience store, newsstand, or grocery store. Magazines can be found along side many other printed works in a bookstore or a newsstand.", "reason": "Based on the evidence provided, magazines, paper, and gum can be purchased at a newsstand.", "answer": 4, "retrieved_documents": [{"content": "You can buy a magazine, paper, or gum at a convenience store, newsstand, or grocery store.", "metadata": {"source": "knowledge/tmp.txt", "confidence": 0.9}, "score": 0.259653776884079}, {"content": "Magazines can be found along side many other printed works in a bookstore or a newsstand.", "metadata": {"source": "knowledge/tmp.txt", "confidence": 0.9}, "score": 0.7907271385192871}, {"content": "Office or school supplies store is where pens, computers, text books, and paper clips can all be found.", "metadata": {"source": "knowledge/tmp.txt", "confidence": 0.9}, "score": 0.9327850341796875}, {"content": "You may be in a neighborhood or local corner shop.", "metadata": {"source": "knowledge/tmp.txt", "confidence": 0.8}, "score": 0.9755055904388428}], "question": "Question:\nWhere can you buy a magazine, paper or gum?\n\nCandidate Answers:\n1: bank\n2: rack\n3: bed\n4: newsstand\n5: bus depot\n\n\nThere is only one correct option. Therefore, you must choose the answer that is most likely to be correct from all candidate answers.\nYour response should only contain the number of the chosen answer. Your response cannot contain any textual content.\n", "soft_refusal": false, "hard_refusal": false}