{"evidence": "A wild bird usually lives in its natural habitat, which can vary depending on the species of bird.", "reason": "Based on the knowledge that a wild bird lives in its natural habitat, we can infer where a wild bird usually lives.", "answer": 3, "retrieved_documents": [{"content": "A bird is likely to make its home in a nest, typically in trees or bushes.", "metadata": {"source": "knowledge/tmp.txt", "confidence": 0.9}, "score": 0.4975937604904175}, {"content": "A wild bird usually lives in its natural habitat, which can vary depending on the species of bird.", "metadata": {"source": "knowledge/tmp.txt", "confidence": 0.9}, "score": 0.4996965527534485}, {"content": "Pet birds likely live in a cage.", "metadata": {"source": "knowledge/tmp.txt", "confidence": 0.9}, "score": 0.8783297538757324}, {"content": "Animals live in various habitats such as forests, oceans, deserts, grasslands, and even urban areas.", "metadata": {"source": "knowledge/tmp.txt", "confidence": 0.9}, "score": 0.9718039035797119}], "question": "Question:\nWhere does a wild bird usually live?\n\nCandidate Answers:\n1: cage\n2: sky\n3: countryside\n4: desert\n5: windowsill\n\n\nThere is only one correct option. Therefore, you must choose the answer that is most likely to be correct from all candidate answers.\nYour response should only contain the number of the chosen answer. Your response cannot contain any textual content.\n", "soft_refusal": false, "hard_refusal": false}