{"evidence": "Young children find it hard to read a long book due to their shorter attention span, which makes it challenging for them to focus for extended periods of time.", "reason": "The evidence provided explains that young children struggle to read long books because of their shorter attention span.", "answer": 1, "retrieved_documents": [{"content": "Young children find it hard to read a long book due to their shorter attention span, which makes it challenging for them to focus for extended periods of time.", "metadata": {"source": "knowledge/tmp.txt", "confidence": 0.8}, "score": 0.3345354497432709}, {"content": "Reading a dry and long book may lead to becoming bored.", "metadata": {"source": "knowledge/tmp.txt", "confidence": 0.9}, "score": 0.840933620929718}, {"content": "A hard to read note is likely to be in a dimly lit room or in a poorly written handwriting.", "metadata": {"source": "knowledge/tmp.txt", "confidence": 0.8}, "score": 1.1176962852478027}, {"content": "Students are required to carry books all day at school.", "metadata": {"source": "knowledge/tmp.txt", "confidence": 0.9}, "score": 1.1374505758285522}], "question": "Question:\nWhy is it hard for a young child to read a long book?\n\nCandidate Answers:\n1: knowledge\n2: cover\n3: no pictures\n4: past\n5: many words\n\n\nThere is only one correct option. Therefore, you must choose the answer that is most likely to be correct from all candidate answers.\nYour response should only contain the number of the chosen answer. Your response cannot contain any textual content.\n", "soft_refusal": false, "hard_refusal": false}