{"evidence": "A book that is not a foreword is likely to contain a table of contents, chapters, index, author's note, acknowledgements, etc.", "reason": "Based on the knowledge provided, a book that is not a foreword is likely to contain additional sections such as afterword, which is a common feature in books.", "answer": 4, "retrieved_documents": [{"content": "A book that is not a foreword is likely to contain a table of contents, chapters, index, author's note, acknowledgements, etc.", "metadata": {"source": "knowledge/tmp.txt", "confidence": 0.9}, "score": 0.27236655354499817}, {"content": "The book might be about the author's own life, thoughts, or experiences, often reflecting on the process of writing the book itself.", "metadata": {"source": "knowledge/tmp.txt", "confidence": 0.8}, "score": 0.7538235783576965}, {"content": "Books can be read in libraries, bookstores, schools, homes, and online.", "metadata": {"source": "knowledge/tmp.txt", "confidence": 0.9}, "score": 1.0108636617660522}, {"content": "Literature is usually kept on bookshelves or in libraries.", "metadata": {"source": "knowledge/tmp.txt", "confidence": 0.9}, "score": 1.1863857507705688}], "question": "Question:\nWhat is likely to be found in a book that is not a foreword?\n\nCandidate Answers:\n1: last word\n2: conclusion\n3: ikea instructions\n4: afterword\n5: epilogue\n\n\nThere is only one correct option. Therefore, you must choose the answer that is most likely to be correct from all candidate answers.\nYour response should only contain the number of the chosen answer. Your response cannot contain any textual content.\n", "soft_refusal": false, "hard_refusal": false}