{"evidence": "A day consists of 24 hours.", "reason": "The knowledge base explicitly states that a day consists of 24 hours.", "answer": 4, "retrieved_documents": [{"content": "A day consists of 24 hours.", "metadata": {"source": "knowledge/tmp.txt", "confidence": 1.0}, "score": 0.6420701146125793}, {"content": "She wanted to get in shape by doing an hour long workout.", "metadata": {"source": "knowledge/tmp.txt", "confidence": 0.9}, "score": 1.3796242475509644}, {"content": "The earth is one planet in the solar system.", "metadata": {"source": "knowledge/tmp.txt", "confidence": 1.0}, "score": 1.482138991355896}, {"content": "It is recommended to start the day with a healthy breakfast, some light exercise, and setting goals for the day.", "metadata": {"source": "knowledge/tmp.txt", "confidence": 0.8}, "score": 1.4960511922836304}], "question": "Question:\nHow many hours are in a day?\n\nCandidate Answers:\n1: week\n2: bright\n3: night\n4: twenty four\n5: year\n\n\nThere is only one correct option. Therefore, you must choose the answer that is most likely to be correct from all candidate answers.\nYour response should only contain the number of the chosen answer. Your response cannot contain any textual content.\n", "soft_refusal": false, "hard_refusal": false}