{"evidence": "If a captain dies at sea, the next highest-ranking officer on board would typically assume command and take charge of the situation.", "reason": "Based on the knowledge provided, it is clear that the next highest-ranking officer on board would need to assume command in the event of the captain's death.", "answer": 5, "retrieved_documents": [{"content": "If a captain dies at sea, the next highest-ranking officer on board would typically assume command and take charge of the situation.", "metadata": {"source": "knowledge/tmp.txt", "confidence": 0.8}, "score": 0.48958486318588257}, {"content": "The person in physical distress should go to the nearest hospital or call emergency services for immediate medical attention.", "metadata": {"source": "knowledge/tmp.txt", "confidence": 1.0}, "score": 1.2650525569915771}, {"content": "This question does not have a factual answer as it seems to be a hypothetical or creative scenario.", "metadata": {"source": "knowledge/tmp.txt", "confidence": 0.0}, "score": 1.2665225267410278}, {"content": "Sailors drive sailboats.", "metadata": {"source": "knowledge/tmp.txt", "confidence": 1.0}, "score": 1.3006970882415771}], "question": "Question:\nWhat would a person need to do if his or her captain dies at sea?\n\nCandidate Answers:\n1: cross street\n2: have a party\n3: experience life\n4: cross road\n5: man crew\n\n\nThere is only one correct option. Therefore, you must choose the answer that is most likely to be correct from all candidate answers.\nYour response should only contain the number of the chosen answer. Your response cannot contain any textual content.\n", "soft_refusal": false, "hard_refusal": false}