{"evidence": "Children require a balanced diet, regular exercise, adequate sleep, and a safe and nurturing environment to grow up healthy.", "reason": "Based on the provided knowledge, children need a balanced diet, regular exercise, adequate sleep, and a safe and nurturing environment to grow up healthy.", "answer": 1, "retrieved_documents": [{"content": "Children require a balanced diet, regular exercise, adequate sleep, and a safe and nurturing environment to grow up healthy.", "metadata": {"source": "knowledge/tmp.txt", "confidence": 0.9}, "score": 0.37460440397262573}, {"content": "To stay healthy, a person can maintain a balanced diet, exercise regularly, get enough sleep, stay hydrated, manage stress, and avoid harmful substances like tobacco and excessive alcohol.", "metadata": {"source": "knowledge/tmp.txt", "confidence": 0.9}, "score": 1.0061163902282715}, {"content": "Parents are the caretakers of a child.", "metadata": {"source": "knowledge/tmp.txt", "confidence": 1.0}, "score": 1.0259631872177124}, {"content": "Parents may tell a child to do chores, homework, play outside, spend time with family, or relax on the weekend.", "metadata": {"source": "knowledge/tmp.txt", "confidence": 0.8}, "score": 1.095262885093689}], "question": "Question:\nWhat do children require to grow up healthy?\n\nCandidate Answers:\n1: need care\n2: come home\n3: fast food\n4: watch television\n5: wash dishes\n\n\nThere is only one correct option. Therefore, you must choose the answer that is most likely to be correct from all candidate answers.\nYour response should only contain the number of the chosen answer. Your response cannot contain any textual content.\n", "soft_refusal": false, "hard_refusal": false}