{"evidence": "White mice are commonly found in laboratories for research purposes. Mice are a location where you would not want to find mice.", "reason": "Based on the knowledge provided, white mice are commonly found in laboratories, so the most likely place to find white mice would be in a laboratory.", "answer": 5, "retrieved_documents": [{"content": "White mice are commonly found in laboratories for research purposes.", "metadata": {"source": "knowledge/tmp.txt", "confidence": 0.8}, "score": 0.5737962126731873}, {"content": "Mice are a location where you would not want to find mice.", "metadata": {"source": "knowledge/tmp.txt", "confidence": 0.8}, "score": 0.6914390921592712}, {"content": "A mouse might also be seen in a field or outdoors.", "metadata": {"source": "knowledge/tmp.txt", "confidence": 0.8}, "score": 0.72476726770401}, {"content": "A squirrel would likely live in a forest, park, or wooded area outside of a city.", "metadata": {"source": "knowledge/tmp.txt", "confidence": 0.9}, "score": 0.947779655456543}], "question": "Question:\nWhere would you expect to find white mice?\n\nCandidate Answers:\n1: bell cat\n2: bush\n3: attic\n4: countryside\n5: laboratory\n\n\nThere is only one correct option. Therefore, you must choose the answer that is most likely to be correct from all candidate answers.\nYour response should only contain the number of the chosen answer. Your response cannot contain any textual content.\n", "soft_refusal": false, "hard_refusal": false}