{"evidence": "Putting a cap on a pen can prevent it from drying out. A pen is filled with ink to write.", "reason": "Based on the knowledge provided, the cap is mentioned as a method to prevent a pen from drying out.", "answer": 4, "retrieved_documents": [{"content": "Putting a cap on a pen can prevent it from drying out.", "metadata": {"source": "knowledge/tmp.txt", "confidence": 0.9}, "score": 0.2203124612569809}, {"content": "A pen is filled with ink to write.", "metadata": {"source": "knowledge/tmp.txt", "confidence": 1.0}, "score": 0.8537172079086304}, {"content": "You could get a pen from a store, borrow one from someone, or find one in a public place.", "metadata": {"source": "knowledge/tmp.txt", "confidence": 0.8}, "score": 0.9076440930366516}, {"content": "A ballpoint pen is typically kept in a pen holder, desk organizer, or drawer when not in use.", "metadata": {"source": "knowledge/tmp.txt", "confidence": 0.9}, "score": 0.9814302921295166}], "question": "Question:\nWhat will you put on a pen to prevent it from drying out?\n\nCandidate Answers:\n1: write sentences on paper\n2: ink in\n3: ink cartridges\n4: caps\n5: cling film\n\n\nThere is only one correct option. Therefore, you must choose the answer that is most likely to be correct from all candidate answers.\nYour response should only contain the number of the chosen answer. Your response cannot contain any textual content.\n", "soft_refusal": false, "hard_refusal": false}