{"evidence": "The general geography of the region where the cave was found was likely mountainous. Mammoth Cave is located in Kentucky.", "reason": "The knowledge base mentions that the general geography of the region where the cave was found was likely mountainous and specifically states that Mammoth Cave is located in Kentucky.", "answer": 2, "retrieved_documents": [{"content": "The general geography of the region where the cave was found was likely mountainous.", "metadata": {"source": "knowledge/tmp.txt", "confidence": 0.8}, "score": 0.4266957640647888}, {"content": "Mammoth Cave is located in Kentucky.", "metadata": {"source": "knowledge/tmp.txt", "confidence": 1.0}, "score": 0.9566254019737244}, {"content": "The stone was found in the stream bed.", "metadata": {"source": "knowledge/tmp.txt", "confidence": 0.8}, "score": 1.1707385778427124}, {"content": "James might look for an old underground map from the 50s in historical archives, libraries, or online auction websites specializing in vintage items.", "metadata": {"source": "knowledge/tmp.txt", "confidence": 0.8}, "score": 1.1956584453582764}], "question": "Question:\nAfter climbing the mountains, the explored found the cave, what was the general goegraphy of the region he found it in?\n\nCandidate Answers:\n1: west virginia\n2: kentucky\n3: desert\n4: sea\n5: rocky hills\n\n\nThere is only one correct option. Therefore, you must choose the answer that is most likely to be correct from all candidate answers.\nYour response should only contain the number of the chosen answer. Your response cannot contain any textual content.\n", "soft_refusal": false, "hard_refusal": false}