{"evidence": "A fire extinguisher was kept in the laboratory because they dealt with combustible mixtures in their experiments.", "reason": "The evidence clearly states that a fire extinguisher was kept in the laboratory due to dealing with combustible mixtures in experiments.", "answer": 2, "retrieved_documents": [{"content": "A fire extinguisher was kept in the laboratory because they dealt with combustible mixtures in their experiments.", "metadata": {"source": "knowledge/tmp.txt", "confidence": 0.8}, "score": 0.2309584766626358}, {"content": "Flasks were used in laboratories or scientific experiments to distill elements.", "metadata": {"source": "knowledge/tmp.txt", "confidence": 0.8}, "score": 0.9041764736175537}, {"content": "A person would light alcohol on fire in a controlled environment such as a laboratory or a safe outdoor area.", "metadata": {"source": "knowledge/tmp.txt", "confidence": 0.8}, "score": 0.9103125333786011}, {"content": "Having a fire extinguisher in the kitchen is a good idea but not required.", "metadata": {"source": "knowledge/tmp.txt", "confidence": 0.8}, "score": 1.0827399492263794}], "question": "Question:\nThey dealt with combustible mixtures in their experiments, this is why they kept a fire extinguisher where?\n\nCandidate Answers:\n1: hospital\n2: chemistry lab\n3: most businesses\n4: classroom\n5: public building\n\n\nThere is only one correct option. Therefore, you must choose the answer that is most likely to be correct from all candidate answers.\nYour response should only contain the number of the chosen answer. Your response cannot contain any textual content.\n", "soft_refusal": false, "hard_refusal": false}