{"evidence": "A single bee can quickly turn into a swarm of bees.", "reason": "Based on the knowledge that a single bee can quickly turn into a swarm of bees, the most likely answer is 1: swarm.", "answer": 1, "retrieved_documents": [{"content": "A single bee can quickly turn into a swarm of bees.", "metadata": {"source": "knowledge/tmp.txt", "confidence": 0.8}, "score": 0.8065924644470215}, {"content": "There is no clear or unambiguous answer to the question about the very large group of western citizens with bees everywhere.", "metadata": {"source": "knowledge/tmp.txt", "confidence": 0.0}, "score": 1.0648245811462402}, {"content": "Bob was in a room or a box.", "metadata": {"source": "knowledge/tmp.txt", "confidence": 0.8}, "score": 1.2234439849853516}, {"content": "Brad tried to arise from bed but he could not. Instead, he just continued to do what?", "metadata": {"source": "knowledge/tmp.txt", "confidence": 1.0}, "score": 1.2275923490524292}], "question": "Question:\nThe man working in the attic swatted away a bee, but soon the single bee was an entire what?\n\nCandidate Answers:\n1: swarm\n2: pack\n3: countryside\n4: soft drink\n5: field of flowers\n\n\nThere is only one correct option. Therefore, you must choose the answer that is most likely to be correct from all candidate answers.\nYour response should only contain the number of the chosen answer. Your response cannot contain any textual content.\n", "soft_refusal": false, "hard_refusal": true}