{"evidence": "The business man went to a luxury watch store to buy an expensive wristwatch.", "reason": "Based on the evidence provided, the business man went to a luxury watch store to buy an expensive wristwatch.", "answer": 2, "retrieved_documents": [{"content": "The business man went to a luxury watch store to buy an expensive wristwatch.", "metadata": {"source": "knowledge/tmp.txt", "confidence": 0.7}, "score": 0.8548495173454285}, {"content": "He made new money making shrewd trades in the stock market.", "metadata": {"source": "knowledge/tmp.txt", "confidence": 0.8}, "score": 1.140527367591858}, {"content": "An old Apple Inc stock certificate was worth a lot of money.", "metadata": {"source": "knowledge/tmp.txt", "confidence": 0.8}, "score": 1.1736375093460083}, {"content": "The location where the man is buying silk is unknown due to lack of context or specific information.", "metadata": {"source": "knowledge/tmp.txt", "confidence": 0.0}, "score": 1.183500051498413}], "question": "Question:\nThe business man was promoted recently, to celebrate he went where to buy an expensive wristwatch?\n\nCandidate Answers:\n1: case\n2: jewelry store\n3: shopping\n4: jewelery box\n5: hock\n\n\nThere is only one correct option. Therefore, you must choose the answer that is most likely to be correct from all candidate answers.\nYour response should only contain the number of the chosen answer. Your response cannot contain any textual content.\n", "soft_refusal": false, "hard_refusal": true}