{"evidence": "Louisiana is part of the Southern United States. Alabama is full of different people, but they are all citizens of the United States of America.", "reason": "Louisiana is explicitly mentioned as part of the Southern United States, which includes states like Alabama. Both Louisiana and Alabama are part of the United States.", "answer": 3, "retrieved_documents": [{"content": "Louisiana is part of the Southern United States.", "metadata": {"source": "knowledge/tmp.txt", "confidence": 0.9}, "score": 0.5512470602989197}, {"content": "Louisiana is known for having many swamps.", "metadata": {"source": "knowledge/tmp.txt", "confidence": 0.9}, "score": 0.8885627388954163}, {"content": "Alabama is full of different people, but they are all citizens of the United States of America.", "metadata": {"source": "knowledge/tmp.txt", "confidence": 1.0}, "score": 1.16311776638031}, {"content": "Idaho is the official state vegetable of Idaho.", "metadata": {"source": "knowledge/tmp.txt", "confidence": 0.8}, "score": 1.238814353942871}], "question": "Question:\nWhich group of states is Louisiana part of?\n\nCandidate Answers:\n1: deep south\n2: 98 of world's crayfish\n3: united states\n4: gulf states\n5: bible belt\n\n\nThere is only one correct option. Therefore, you must choose the answer that is most likely to be correct from all candidate answers.\nYour response should only contain the number of the chosen answer. Your response cannot contain any textual content.\n", "soft_refusal": false, "hard_refusal": false}