{"evidence": "A plate should be put in the sink or dishwasher immediately after eating from it.", "reason": "Based on the knowledge that a plate should be put in the sink or dishwasher immediately after eating from it, the correct answer is the option that mentions a place where a plate can be put after eating.", "answer": 4, "retrieved_documents": [{"content": "A plate should be put in the sink or dishwasher immediately after eating from it.", "metadata": {"source": "knowledge/tmp.txt", "confidence": 0.9}, "score": 0.4876219630241394}, {"content": "After the meal, there would be a messy plate.", "metadata": {"source": "knowledge/tmp.txt", "confidence": 0.8}, "score": 0.7541501522064209}, {"content": "A good place to put a hamburger is on a plate or a bun.", "metadata": {"source": "knowledge/tmp.txt", "confidence": 0.8}, "score": 0.8279047012329102}, {"content": "You typically keep your pizza slice on a plate or napkin before eating it.", "metadata": {"source": "knowledge/tmp.txt", "confidence": 0.9}, "score": 0.8632413744926453}], "question": "Question:\nWhere would you put a plate immediately after eating from it?\n\nCandidate Answers:\n1: kitchen cupboard\n2: floor\n3: table\n4: dishwasher\n5: flea market\n\n\nThere is only one correct option. Therefore, you must choose the answer that is most likely to be correct from all candidate answers.\nYour response should only contain the number of the chosen answer. Your response cannot contain any textual content.\n", "soft_refusal": false, "hard_refusal": false}