{"evidence": "When people don't understand something, they may ask questions, seek clarification, do research, or seek help from others.", "reason": "The evidence provided clearly states that when people don't understand something, they may ask questions, seek clarification, do research, or seek help from others.", "answer": 1, "retrieved_documents": [{"content": "When people don't understand something, they may ask questions, seek clarification, do research, or seek help from others.", "metadata": {"source": "knowledge/tmp.txt", "confidence": 0.9}, "score": 0.5144332051277161}, {"content": "Listening is what someone is usually doing if someone else is talking to him or her.", "metadata": {"source": "knowledge/tmp.txt", "confidence": 1.0}, "score": 1.1576436758041382}, {"content": "Studying a new subject involves a lot of thinking to gain understanding.", "metadata": {"source": "knowledge/tmp.txt", "confidence": 1.0}, "score": 1.1990827322006226}, {"content": "To try doing things differently", "metadata": {"source": "knowledge/tmp.txt", "confidence": 0.9}, "score": 1.2228991985321045}], "question": "Question:\nWhat do people do when they don't understand something?\n\nCandidate Answers:\n1: ask questions\n2: experience joy\n3: believe in god\n4: talk to each other\n5: get sick\n\n\nThere is only one correct option. Therefore, you must choose the answer that is most likely to be correct from all candidate answers.\nYour response should only contain the number of the chosen answer. Your response cannot contain any textual content.\n", "soft_refusal": false, "hard_refusal": false}