{"evidence": "The string began at the kite", "reason": "The evidence clearly states that the string began at the kite.", "answer": 3, "retrieved_documents": [{"content": "The string began at the kite", "metadata": {"source": "knowledge/tmp.txt", "confidence": 1.0}, "score": 0.41202476620674133}, {"content": "The small flying animal may be taking the string to build a nest or use it for nesting material.", "metadata": {"source": "knowledge/tmp.txt", "confidence": 0.8}, "score": 1.0612746477127075}, {"content": "The wire had become bent.", "metadata": {"source": "knowledge/tmp.txt", "confidence": 0.9}, "score": 1.2305934429168701}, {"content": "John needed to bring his violin to work because he was the first violin.", "metadata": {"source": "knowledge/tmp.txt", "confidence": 0.9}, "score": 1.266801357269287}], "question": "Question:\nJames saw a kite flying in the sky.  He traced the string back to its origin and found it.  Where did the string begin?\n\nCandidate Answers:\n1: end of line\n2: hobby shop\n3: his hand\n4: toy store\n5: child's hand\n\n\nThere is only one correct option. Therefore, you must choose the answer that is most likely to be correct from all candidate answers.\nYour response should only contain the number of the chosen answer. Your response cannot contain any textual content.\n", "soft_refusal": false, "hard_refusal": false}