{"evidence": "The newest baseball stadium is Globe Life Field in Arlington, Texas, which opened in 2020.", "reason": "Based on the knowledge that the newest baseball stadium is Globe Life Field in Arlington, Texas, which opened in 2020, we can determine where the newest baseball stadium is located.", "answer": 1, "retrieved_documents": [{"content": "The newest baseball stadium is Globe Life Field in Arlington, Texas, which opened in 2020.", "metadata": {"source": "knowledge/tmp.txt", "confidence": 0.9}, "score": 0.46390634775161743}, {"content": "The pitcher was located on the pitcher's mound.", "metadata": {"source": "knowledge/tmp.txt", "confidence": 1.0}, "score": 1.2088772058486938}, {"content": "Air conditioning is likely to be installed in the living room or entertainment area where the man watches the game on Saturday.", "metadata": {"source": "knowledge/tmp.txt", "confidence": 0.8}, "score": 1.3677051067352295}, {"content": "The soccer field was the closest thing people had to a battlefield.", "metadata": {"source": "knowledge/tmp.txt", "confidence": 0.8}, "score": 1.3802613019943237}], "question": "Question:\nWhere has the newest baseball stadium?\n\nCandidate Answers:\n1: phoenix\n2: chicago\n3: antarctica\n4: san francisco\n5: urban areas\n\n\nThere is only one correct option. Therefore, you must choose the answer that is most likely to be correct from all candidate answers.\nYour response should only contain the number of the chosen answer. Your response cannot contain any textual content.\n", "soft_refusal": false, "hard_refusal": false}