{"evidence": "Factors affecting weight loss include not being in a calorie deficit, hormonal imbalances, medical conditions, lack of exercise, mental issues after eating excessively, and unhealthy snacks due to boredom and hunger.", "reason": "Based on the knowledge provided, it is clear that not losing weight could be due to various factors such as not being in a calorie deficit, hormonal imbalances, medical conditions, lack of exercise, mental issues after eating excessively, and unhealthy snacking habits.", "answer": 5, "retrieved_documents": [{"content": "Not losing weight could be due to factors such as not being in a calorie deficit, hormonal imbalances, medical conditions, or lack of exercise.", "metadata": {"source": "knowledge/tmp.txt", "confidence": 0.8}, "score": 0.6945796012878418}, {"content": "The lady would make herself sick due to mental issues after eating excessively.", "metadata": {"source": "knowledge/tmp.txt", "confidence": 0.8}, "score": 1.0452549457550049}, {"content": "Exercise alone is not enough to lose weight, you also need to have a healthy diet.", "metadata": {"source": "knowledge/tmp.txt", "confidence": 0.9}, "score": 1.2219164371490479}, {"content": "Boredom and hunger led to a wandering waste of time and a cart full of unhealthy snacks during her trip to the grocery store.", "metadata": {"source": "knowledge/tmp.txt", "confidence": 0.7}, "score": 1.2916045188903809}], "question": "Question:\nWhat might happen if someone is not losing weight?\n\nCandidate Answers:\n1: loose skin\n2: beauty\n3: miss universe\n4: death\n5: healthier\n\n\nThere is only one correct option. Therefore, you must choose the answer that is most likely to be correct from all candidate answers.\nYour response should only contain the number of the chosen answer. Your response cannot contain any textual content.\n", "soft_refusal": false, "hard_refusal": true}