{"evidence": "Billy might move to another city or town within the same country, or he could move to a different country altogether.", "reason": "Based on the evidence provided, Billy could move to another city or town within the same country, or he could move to a different country altogether.", "answer": 1, "retrieved_documents": [{"content": "Billy might move to another city or town within the same country, or he could move to a different country altogether.", "metadata": {"source": "knowledge/tmp.txt", "confidence": 0.8}, "score": 0.4734962582588196}, {"content": "Billy might have been trapped on top of a tree or a high platform.", "metadata": {"source": "knowledge/tmp.txt", "confidence": 0.8}, "score": 0.9419012069702148}, {"content": "John lived in an unknown location.", "metadata": {"source": "knowledge/tmp.txt", "confidence": 0.0}, "score": 0.9643508195877075}, {"content": "Billy would go back to his own toilet whenever he needed to poop.", "metadata": {"source": "knowledge/tmp.txt", "confidence": 0.9}, "score": 1.017746925354004}], "question": "Question:\nBilly lived in the capital of his country, then he moved.  Where might he move to?\n\nCandidate Answers:\n1: small town\n2: jail\n3: lower case\n4: contain governmental activities\n5: lowercase\n\n\nThere is only one correct option. Therefore, you must choose the answer that is most likely to be correct from all candidate answers.\nYour response should only contain the number of the chosen answer. Your response cannot contain any textual content.\n", "soft_refusal": false, "hard_refusal": false}