{"evidence": "Ending a marriage with a mean person can lead to feelings of relief, happiness, and freedom.", "reason": "Based on the knowledge that ending a marriage with a mean person can lead to feelings of relief and happiness, it is likely that a person will experience relief and happiness after they stop being married to a mean person.", "answer": 3, "retrieved_documents": [{"content": "Ending a marriage with a mean person can lead to feelings of relief, happiness, and freedom.", "metadata": {"source": "knowledge/tmp.txt", "confidence": 0.8}, "score": 0.6040527820587158}, {"content": "A couple might have a lot of conflict when they are deciding on stopping being married to each other.", "metadata": {"source": "knowledge/tmp.txt", "confidence": 0.8}, "score": 1.0853285789489746}, {"content": "John's recent turns could be described as unhappy or troubled due to his dissatisfaction with his marriage.", "metadata": {"source": "knowledge/tmp.txt", "confidence": 0.8}, "score": 1.207125186920166}, {"content": "A person often feels defensive or upset when someone judges them guilty.", "metadata": {"source": "knowledge/tmp.txt", "confidence": 0.8}, "score": 1.2682545185089111}], "question": "Question:\nWhat is a person likely to experience after they stop being married to a mean person?\n\nCandidate Answers:\n1: isolation\n2: grief\n3: happiness\n4: relief\n5: angry\n\n\nThere is only one correct option. Therefore, you must choose the answer that is most likely to be correct from all candidate answers.\nYour response should only contain the number of the chosen answer. Your response cannot contain any textual content.\n", "soft_refusal": false, "hard_refusal": true}