{"evidence": "The depressed man likely felt overwhelmed or isolated despite the large crowds. The music had a calming effect on the man.", "reason": "Based on the evidence provided, the depressed man likely felt isolated despite the large crowds, which indicates that he felt alone or solitary.", "answer": 3, "retrieved_documents": [{"content": "The depressed man likely felt overwhelmed or isolated despite the large crowds.", "metadata": {"source": "knowledge/tmp.txt", "confidence": 0.8}, "score": 0.31721779704093933}, {"content": "The music had a calming effect on the man.", "metadata": {"source": "knowledge/tmp.txt", "confidence": 0.8}, "score": 0.9779332876205444}, {"content": "His friends surprised him.", "metadata": {"source": "knowledge/tmp.txt", "confidence": 0.8}, "score": 1.147641658782959}, {"content": "The psychologist said he was mentally unwell.", "metadata": {"source": "knowledge/tmp.txt", "confidence": 0.8}, "score": 1.2397328615188599}], "question": "Question:\nDespite the large crowds, how did the depressed man feel?\n\nCandidate Answers:\n1: small group\n2: alone\n3: solitary\n4: solitude\n5: panic\n\n\nThere is only one correct option. Therefore, you must choose the answer that is most likely to be correct from all candidate answers.\nYour response should only contain the number of the chosen answer. Your response cannot contain any textual content.\n", "soft_refusal": false, "hard_refusal": false}