{"evidence": "The person had remembered to bring her umbrella. Jenny was forced to lie there exposed to the sun.", "reason": "Based on the evidence provided, the person used an umbrella while tanning, indicating that he was likely at the beach or by a pool.", "answer": 4, "retrieved_documents": [{"content": "He was likely at the beach or by a pool.", "metadata": {"source": "knowledge/tmp.txt", "confidence": 0.8}, "score": 0.6203122138977051}, {"content": "The person had remembered to bring her umbrella.", "metadata": {"source": "knowledge/tmp.txt", "confidence": 0.8}, "score": 0.9864984750747681}, {"content": "The sun could shine in.", "metadata": {"source": "knowledge/tmp.txt", "confidence": 0.8}, "score": 1.0346548557281494}, {"content": "Jenny was forced to lie there exposed to the sun.", "metadata": {"source": "knowledge/tmp.txt", "confidence": 0.9}, "score": 1.0878305435180664}], "question": "Question:\nHe used an umbrella while tanning, where was he likely?\n\nCandidate Answers:\n1: waves\n2: seattle\n3: suitcase\n4: beach\n5: jacket closet\n\n\nThere is only one correct option. Therefore, you must choose the answer that is most likely to be correct from all candidate answers.\nYour response should only contain the number of the chosen answer. Your response cannot contain any textual content.\n", "soft_refusal": false, "hard_refusal": true}