{"evidence": "Performing for the first time is likely to produce nervousness or excitement. Performing is a type of action or activity.", "reason": "Based on the knowledge that performing for the first time is likely to produce nervousness or excitement, and performing is a type of action or activity, we can infer the type of feeling it is likely to produce.", "answer": 2, "retrieved_documents": [{"content": "Performing for the first time is likely to produce nervousness or excitement.", "metadata": {"source": "knowledge/tmp.txt", "confidence": 0.8}, "score": 0.3765126168727875}, {"content": "The hopeful result of going to see a play is to be entertained, inspired, or moved emotionally.", "metadata": {"source": "knowledge/tmp.txt", "confidence": 0.9}, "score": 1.161759376525879}, {"content": "People are likely to feel happy, grateful, and surprised when an unexpected decent outcome occurs.", "metadata": {"source": "knowledge/tmp.txt", "confidence": 0.9}, "score": 1.241690754890442}, {"content": "Performing is a type of action or activity.", "metadata": {"source": "knowledge/tmp.txt", "confidence": 0.9}, "score": 1.2540152072906494}], "question": "Question:\nWhat type of feeling is performing for the first time likely to produce?\n\nCandidate Answers:\n1: action\n2: butterflies\n3: happiness\n4: a sense of calm\n5: anxiety\n\n\nThere is only one correct option. Therefore, you must choose the answer that is most likely to be correct from all candidate answers.\nYour response should only contain the number of the chosen answer. Your response cannot contain any textual content.\n", "soft_refusal": false, "hard_refusal": false}