{"evidence": "Committing murder means unlawfully killing another person.", "reason": "Based on the knowledge provided, committing murder involves unlawfully killing another person.", "answer": 2, "retrieved_documents": [{"content": "Committing murder can result in a lengthy prison sentence or the death penalty, depending on the laws of the country or state.", "metadata": {"source": "knowledge/tmp.txt", "confidence": 0.9}, "score": 0.6571940779685974}, {"content": "Committing murder can lead to legal consequences such as imprisonment or the death penalty.", "metadata": {"source": "knowledge/tmp.txt", "confidence": 0.9}, "score": 0.7457956671714783}, {"content": "Committing murder means unlawfully killing another person.", "metadata": {"source": "knowledge/tmp.txt", "confidence": 1.0}, "score": 0.8142957091331482}, {"content": "Various factors such as mental illness, anger issues, substance abuse, or a history of violence can contribute to someone committing murder.", "metadata": {"source": "knowledge/tmp.txt", "confidence": 0.8}, "score": 0.8777016401290894}], "question": "Question:\nIf someone is found to be committing murder, what did they do to someone?\n\nCandidate Answers:\n1: misery\n2: kill\n3: distress\n4: tickel\n5: go to jail\n\n\nThere is only one correct option. Therefore, you must choose the answer that is most likely to be correct from all candidate answers.\nYour response should only contain the number of the chosen answer. Your response cannot contain any textual content.\n", "soft_refusal": false, "hard_refusal": false}