{"evidence": "The main purpose of farmers is to cultivate crops and raise livestock for food production. Farm land is used for agricultural purposes such as growing crops or raising livestock. People obtain food by various means such as farming, hunting, fishing, and purchasing from stores or markets.", "reason": "Based on the knowledge provided, the main purpose of farmers is to cultivate crops and raise livestock for food production.", "answer": 5, "retrieved_documents": [{"content": "The main purpose of farmers is to cultivate crops and raise livestock for food production.", "metadata": {"source": "knowledge/tmp.txt", "confidence": 0.9}, "score": 0.325146347284317}, {"content": "Farm land is used for agricultural purposes such as growing crops or raising livestock.", "metadata": {"source": "knowledge/tmp.txt", "confidence": 0.9}, "score": 0.7981380224227905}, {"content": "People obtain food by various means such as farming, hunting, fishing, and purchasing from stores or markets.", "metadata": {"source": "knowledge/tmp.txt", "confidence": 1.0}, "score": 1.0057493448257446}, {"content": "James might look for farmland in rural areas or agricultural regions.", "metadata": {"source": "knowledge/tmp.txt", "confidence": 0.8}, "score": 1.0256688594818115}], "question": "Question:\nWhat is the main purpose of farmers?\n\nCandidate Answers:\n1: raise cattle\n2: grow corn\n3: farm land\n4: drive tractors\n5: supply food\n\n\nThere is only one correct option. Therefore, you must choose the answer that is most likely to be correct from all candidate answers.\nYour response should only contain the number of the chosen answer. Your response cannot contain any textual content.\n", "soft_refusal": false, "hard_refusal": false}