{"evidence": "She had more nervousness as the time came to get on stage.", "reason": "The evidence directly states that she had more nervousness as the time came to get on stage.", "answer": 2, "retrieved_documents": [{"content": "Her encouraging and positive coach saw potential and talent in her despite her disability.", "metadata": {"source": "knowledge/tmp.txt", "confidence": 0.8}, "score": 0.8902701139450073}, {"content": "She had more nervousness as the time came to get on stage.", "metadata": {"source": "knowledge/tmp.txt", "confidence": 0.8}, "score": 0.9265709519386292}, {"content": "She joined the alto section of a choir.", "metadata": {"source": "knowledge/tmp.txt", "confidence": 0.9}, "score": 1.1208692789077759}, {"content": "Her goal is to relax and unwind", "metadata": {"source": "knowledge/tmp.txt", "confidence": 0.8}, "score": 1.1345930099487305}], "question": "Question:\nSeeing idea become reality was a dream of hers for a long time, but as the time came to get on stage she had more what?\n\nCandidate Answers:\n1: build\n2: anxiety\n3: celebrate\n4: very nice\n5: ocean\n\n\nThere is only one correct option. Therefore, you must choose the answer that is most likely to be correct from all candidate answers.\nYour response should only contain the number of the chosen answer. Your response cannot contain any textual content.\n", "soft_refusal": false, "hard_refusal": true}