{"evidence": "A creek could be located in the opposite direction of a city, which is called the countryside or rural area. A creek is a body of water found in a low-lying area or valley.", "reason": "Based on the knowledge provided, it is stated that a creek could be located in the countryside or rural area, which is the opposite direction of a city. It is also mentioned that a creek is found in a low-lying area or valley.", "answer": 5, "retrieved_documents": [{"content": "A creek could be located in the opposite direction of a city, which is called the countryside or rural area.", "metadata": {"source": "knowledge/tmp.txt", "confidence": 0.8}, "score": 0.5395042896270752}, {"content": "A creek is a body of water found in a low-lying area or valley.", "metadata": {"source": "knowledge/tmp.txt", "confidence": 0.9}, "score": 0.8531769514083862}, {"content": "The Amazon river", "metadata": {"source": "knowledge/tmp.txt", "confidence": 0.8}, "score": 1.0341955423355103}, {"content": "A town between two mountains is located in a valley.", "metadata": {"source": "knowledge/tmp.txt", "confidence": 0.9}, "score": 1.0706452131271362}], "question": "Question:\nA creek could be located in the opposite for the city which is called what?\n\nCandidate Answers:\n1: meadow\n2: stick\n3: valley\n4: forest\n5: countryside\n\n\nThere is only one correct option. Therefore, you must choose the answer that is most likely to be correct from all candidate answers.\nYour response should only contain the number of the chosen answer. Your response cannot contain any textual content.\n", "soft_refusal": false, "hard_refusal": false}