{"evidence": "The knowledge base mentions that he removed a shelf on the bookcase to make room for the especially tall hardcovers.", "reason": "Based on the evidence provided, the correct answer is most likely to be 'bookcase' as it is directly mentioned in the knowledge base.", "answer": 5, "retrieved_documents": [{"content": "He removed a shelf on the bookcase to make room for the especially tall hardcovers.", "metadata": {"source": "knowledge/tmp.txt", "confidence": 0.8}, "score": 0.2854948043823242}, {"content": "A shelf is likely to be hidden behind a door in a room or closet.", "metadata": {"source": "knowledge/tmp.txt", "confidence": 0.8}, "score": 0.8462825417518616}, {"content": "Literature is usually kept on bookshelves or in libraries.", "metadata": {"source": "knowledge/tmp.txt", "confidence": 0.9}, "score": 1.087566614151001}, {"content": "A library is a room where you would find many bookcases and is used for contemplation.", "metadata": {"source": "knowledge/tmp.txt", "confidence": 0.9}, "score": 1.1076511144638062}], "question": "Question:\nThe hardcovers were especially tall, so he removed a shelf on the what to make room?\n\nCandidate Answers:\n1: chest of drawers\n2: grocery store\n3: hold alcohol\n4: nightstand\n5: bookcase\n\n\nThere is only one correct option. Therefore, you must choose the answer that is most likely to be correct from all candidate answers.\nYour response should only contain the number of the chosen answer. Your response cannot contain any textual content.\n", "soft_refusal": false, "hard_refusal": false}