{"evidence": "You can put the penny in a piggy bank or a savings jar to save for later.", "reason": "The knowledge base explicitly states that a penny can be put in a piggy bank to save for later.", "answer": 1, "retrieved_documents": [{"content": "You can put the penny in a piggy bank or a savings jar to save for later.", "metadata": {"source": "knowledge/tmp.txt", "confidence": 0.8}, "score": 0.39229699969291687}, {"content": "You would put the dollar in your wallet or purse.", "metadata": {"source": "knowledge/tmp.txt", "confidence": 0.9}, "score": 0.8204761147499084}, {"content": "A pillow case that is not in use can be stored in a closet or a drawer.", "metadata": {"source": "knowledge/tmp.txt", "confidence": 0.9}, "score": 1.228130578994751}, {"content": "A ballpoint pen is typically kept in a pen holder, desk organizer, or drawer when not in use.", "metadata": {"source": "knowledge/tmp.txt", "confidence": 0.9}, "score": 1.279515266418457}], "question": "Question:\nWhere can I put this penny to save for later?\n\nCandidate Answers:\n1: piggy bank\n2: wallet\n3: toy\n4: ground\n5: pocket\n\n\nThere is only one correct option. Therefore, you must choose the answer that is most likely to be correct from all candidate answers.\nYour response should only contain the number of the chosen answer. Your response cannot contain any textual content.\n", "soft_refusal": false, "hard_refusal": false}