{"evidence": "Eating is part of living and our bodies begin the process of digestion to extract nutrients. Your body eliminates waste through bowel movements.", "reason": "Based on the knowledge provided, the body eliminates waste through bowel movements after digesting food.", "answer": 5, "retrieved_documents": [{"content": "After having food, our bodies begin the process of digestion, where the food is broken down into nutrients that can be absorbed and used by the body for energy and growth.", "metadata": {"source": "knowledge/tmp.txt", "confidence": 0.9}, "score": 0.7429649233818054}, {"content": "Your body eliminates waste through bowel movements.", "metadata": {"source": "knowledge/tmp.txt", "confidence": 0.9}, "score": 1.0381673574447632}, {"content": "Animals will digest the food to extract nutrients and energy for their bodies.", "metadata": {"source": "knowledge/tmp.txt", "confidence": 0.9}, "score": 1.0671604871749878}, {"content": "You need energy to perform physical activities such as running, jumping, lifting weights, etc.", "metadata": {"source": "knowledge/tmp.txt", "confidence": 0.9}, "score": 1.1054434776306152}], "question": "Question:\nEating is part of living, but your body doesn't use it all and the next day you will be doing what?\n\nCandidate Answers:\n1: reduced\n2: getting full\n3: becoming full\n4: chewing\n5: defecating\n\n\nThere is only one correct option. Therefore, you must choose the answer that is most likely to be correct from all candidate answers.\nYour response should only contain the number of the chosen answer. Your response cannot contain any textual content.\n", "soft_refusal": false, "hard_refusal": true}