{"evidence": "Contemplating alone for a long time can lead to deep introspection, clarity on thoughts and emotions, and new insights or solutions.", "reason": "The evidence provided suggests that contemplating alone for a long time can result in gaining new insights or solutions.", "answer": 3, "retrieved_documents": [{"content": "Contemplating alone for a long time can lead to deep introspection, clarity on thoughts and emotions, and new insights or solutions.", "metadata": {"source": "knowledge/tmp.txt", "confidence": 0.8}, "score": 0.4757704436779022}, {"content": "When people think too quickly, they may make impulsive decisions or overlook important details.", "metadata": {"source": "knowledge/tmp.txt", "confidence": 0.8}, "score": 1.1331136226654053}, {"content": "If someone's spirits cannot elevate, they may experience feelings of stagnation, lack of motivation, and overall dissatisfaction with life.", "metadata": {"source": "knowledge/tmp.txt", "confidence": 0.8}, "score": 1.149669885635376}, {"content": "Dreaming is likely the activity someone is doing if they are sitting quietly and their eyes are moving.", "metadata": {"source": "knowledge/tmp.txt", "confidence": 0.9}, "score": 1.1776058673858643}], "question": "Question:\nWhat can happen when you contemplate alone for a long time?\n\nCandidate Answers:\n1: daydream\n2: headache\n3: get ideas\n4: sleep\n5: become distracted\n\n\nThere is only one correct option. Therefore, you must choose the answer that is most likely to be correct from all candidate answers.\nYour response should only contain the number of the chosen answer. Your response cannot contain any textual content.\n", "soft_refusal": false, "hard_refusal": false}