{"evidence": "The pioneer was most likely looking for containers or boxes to store goods or supplies. He went to the hardware store.", "reason": "Based on the evidence provided, the pioneer was looking for storage measures at the hardware store.", "answer": 2, "retrieved_documents": [{"content": "The pioneer was most likely looking for containers or boxes to store goods or supplies.", "metadata": {"source": "knowledge/tmp.txt", "confidence": 0.8}, "score": 0.49537110328674316}, {"content": "He went to the hardware store.", "metadata": {"source": "knowledge/tmp.txt", "confidence": 0.8}, "score": 1.030239224433899}, {"content": "A shelf is likely to be hidden behind a door in a room or closet.", "metadata": {"source": "knowledge/tmp.txt", "confidence": 0.8}, "score": 1.1201673746109009}, {"content": "A large container can be stored in a warehouse or storage facility.", "metadata": {"source": "knowledge/tmp.txt", "confidence": 0.8}, "score": 1.128526210784912}], "question": "Question:\nThe pioneer went to the general store for storage measures, what was he looking for?\n\nCandidate Answers:\n1: checkers\n2: barrels\n3: baking soda\n4: buffalo\n5: salt\n\n\nThere is only one correct option. Therefore, you must choose the answer that is most likely to be correct from all candidate answers.\nYour response should only contain the number of the chosen answer. Your response cannot contain any textual content.\n", "soft_refusal": false, "hard_refusal": false}