{"evidence": "Uncooked crab meat should be stored in the refrigerator to keep it fresh.", "reason": "Based on the fact that uncooked crab meat should be stored in the refrigerator, we can determine the appropriate location for uncooked crab meat.", "answer": 5, "retrieved_documents": [{"content": "Uncooked crab meat should be stored in the refrigerator to keep it fresh.", "metadata": {"source": "knowledge/tmp.txt", "confidence": 0.8}, "score": 0.6509618759155273}, {"content": "A person who enjoys seafood or trying new foods may be excited about a crab.", "metadata": {"source": "knowledge/tmp.txt", "confidence": 0.8}, "score": 0.958953857421875}, {"content": "Meat can be cooked on a grill or a pan.", "metadata": {"source": "knowledge/tmp.txt", "confidence": 0.9}, "score": 1.0605247020721436}, {"content": "The Bering Sea is a very cold area in the east where a crab can be found.", "metadata": {"source": "knowledge/tmp.txt", "confidence": 0.8}, "score": 1.1590032577514648}], "question": "Question:\nWhere would you put uncooked crab meat?\n\nCandidate Answers:\n1: wharf\n2: red lobster\n3: tidepools\n4: boss's office\n5: stew pot\n\n\nThere is only one correct option. Therefore, you must choose the answer that is most likely to be correct from all candidate answers.\nYour response should only contain the number of the chosen answer. Your response cannot contain any textual content.\n", "soft_refusal": false, "hard_refusal": true}