{"evidence": "The wire had become bent.", "reason": "Based on the evidence that the wire had become bent, we can conclude that the wire had endured some abuse and was no longer straight.", "answer": 1, "retrieved_documents": [{"content": "The wire had become bent.", "metadata": {"source": "knowledge/tmp.txt", "confidence": 0.9}, "score": 0.6455086469650269}, {"content": "The snake could be described as the only source of love and affection in John's life.", "metadata": {"source": "knowledge/tmp.txt", "confidence": 0.8}, "score": 1.0200642347335815}, {"content": "John might have been on a horse.", "metadata": {"source": "knowledge/tmp.txt", "confidence": 0.7}, "score": 1.1239938735961914}, {"content": "John lived in an unknown location.", "metadata": {"source": "knowledge/tmp.txt", "confidence": 0.0}, "score": 1.1587196588516235}], "question": "Question:\nJohn needed a straight wire.  Unfortunately, this one had endured some abuse and had become what?\n\nCandidate Answers:\n1: bent\n2: bent\n3: crooked\n4: straightforth\n5: curved\n\n\nThere is only one correct option. Therefore, you must choose the answer that is most likely to be correct from all candidate answers.\nYour response should only contain the number of the chosen answer. Your response cannot contain any textual content.\n", "soft_refusal": false, "hard_refusal": false}