{"evidence": "Metal is taken from ore which is pulled from the ground.", "reason": "The knowledge base explicitly states that metal is taken from ore, which is extracted from the ground.", "answer": 3, "retrieved_documents": [{"content": "Metal is taken from ore which is pulled from the ground.", "metadata": {"source": "knowledge/tmp.txt", "confidence": 0.9}, "score": 0.4049142599105835}, {"content": "Metal is used to make various things such as tools, machinery, vehicles, buildings, and more.", "metadata": {"source": "knowledge/tmp.txt", "confidence": 1.0}, "score": 0.6886802315711975}, {"content": "A crane uses many a steel cable when working a construction site.", "metadata": {"source": "knowledge/tmp.txt", "confidence": 0.8}, "score": 1.087606430053711}, {"content": "Using the rock as a handhold or foothold helps in climbing up the cliff.", "metadata": {"source": "knowledge/tmp.txt", "confidence": 0.8}, "score": 1.2544690370559692}], "question": "Question:\nMetal is taken from what which is pulled from the ground?\n\nCandidate Answers:\n1: dirt\n2: instruments\n3: ore\n4: car\n5: junkyard\n\n\nThere is only one correct option. Therefore, you must choose the answer that is most likely to be correct from all candidate answers.\nYour response should only contain the number of the chosen answer. Your response cannot contain any textual content.\n", "soft_refusal": false, "hard_refusal": false}