{"evidence": "Pretending to be a police officer is illegal and can result in criminal charges. A police officer is likely to work for a law enforcement agency or a police department. A police officer typically patrols a specific jurisdiction or area assigned to them, such as a neighborhood, city, or district.", "reason": "Based on the knowledge provided, pretending to be a police officer is illegal and can lead to criminal charges, as police officers have specific jurisdictions and responsibilities.", "answer": 3, "retrieved_documents": [{"content": "Pretending to be a police officer is illegal and can result in criminal charges.", "metadata": {"source": "knowledge/tmp.txt", "confidence": 1.0}, "score": 0.34725409746170044}, {"content": "A police officer is likely to work for a law enforcement agency or a police department.", "metadata": {"source": "knowledge/tmp.txt", "confidence": 1.0}, "score": 0.8712056875228882}, {"content": "A police officer typically patrols a specific jurisdiction or area assigned to them, such as a neighborhood, city, or district.", "metadata": {"source": "knowledge/tmp.txt", "confidence": 0.9}, "score": 1.0537803173065186}, {"content": "This question does not have a factual answer as it seems to be a hypothetical or creative scenario.", "metadata": {"source": "knowledge/tmp.txt", "confidence": 0.0}, "score": 1.263584852218628}], "question": "Question:\nWhat would be happening if you are pretending to be a police officer?\n\nCandidate Answers:\n1: fighting\n2: misunderstanding\n3: deception\n4: play\n5: distrust\n\n\nThere is only one correct option. Therefore, you must choose the answer that is most likely to be correct from all candidate answers.\nYour response should only contain the number of the chosen answer. Your response cannot contain any textual content.\n", "soft_refusal": false, "hard_refusal": false}