{"evidence": "The Everglades is the nature area where he spotted a bald eagle. Bald eagles are likely to be found near bodies of water, such as lakes, rivers, or coastlines.", "reason": "Based on the knowledge provided, the Everglades is mentioned as the nature area where a bald eagle was spotted, and bald eagles are likely to be found near bodies of water.", "answer": 1, "retrieved_documents": [{"content": "The Everglades is the nature area where he spotted a bald eagle.", "metadata": {"source": "knowledge/tmp.txt", "confidence": 0.8}, "score": 0.46909114718437195}, {"content": "Bald eagles are likely to be found near bodies of water, such as lakes, rivers, or coastlines.", "metadata": {"source": "knowledge/tmp.txt", "confidence": 0.8}, "score": 0.7759204506874084}, {"content": "The bald eagle flew all over the United States.", "metadata": {"source": "knowledge/tmp.txt", "confidence": 0.8}, "score": 0.8687043786048889}, {"content": "If the patriotic guy with a camera finds a bald eagle, he is likely to take a photograph of the bald eagle.", "metadata": {"source": "knowledge/tmp.txt", "confidence": 0.8}, "score": 0.9007850885391235}], "question": "Question:\nWhile on the fan boat he thought he'd see swamps and gators, but he was surprised to spot a bald eagle in what nature area?\n\nCandidate Answers:\n1: everglades\n2: high places\n3: natural habitat\n4: new york\n5: colorado\n\n\nThere is only one correct option. Therefore, you must choose the answer that is most likely to be correct from all candidate answers.\nYour response should only contain the number of the chosen answer. Your response cannot contain any textual content.\n", "soft_refusal": false, "hard_refusal": false}