{"evidence": "The baby was cranky because it needed to eat breakfast but refused to do so.", "reason": "Based on the evidence provided, the baby refused to open its mouth to eat breakfast.", "answer": 2, "retrieved_documents": [{"content": "The baby was cranky because it needed to eat breakfast but refused to do so.", "metadata": {"source": "knowledge/tmp.txt", "confidence": 1.0}, "score": 0.5311614871025085}, {"content": "Brad tried to arise from bed but he could not. Instead, he just continued to do what?", "metadata": {"source": "knowledge/tmp.txt", "confidence": 1.0}, "score": 1.0634833574295044}, {"content": "Two slices of bread would be put in the toaster if someone was making breakfast.", "metadata": {"source": "knowledge/tmp.txt", "confidence": 0.9}, "score": 1.1498987674713135}, {"content": "A person suffering from hunger early in the day typically eats breakfast to alleviate their hunger.", "metadata": {"source": "knowledge/tmp.txt", "confidence": 0.9}, "score": 1.1667566299438477}], "question": "Question:\nThe baby was cranky, it needed to eat breakfast but refused to what?\n\nCandidate Answers:\n1: buy food\n2: open mouth\n3: get out of bed\n4: cry\n5: wake up\n\n\nThere is only one correct option. Therefore, you must choose the answer that is most likely to be correct from all candidate answers.\nYour response should only contain the number of the chosen answer. Your response cannot contain any textual content.\n", "soft_refusal": false, "hard_refusal": false}