{"evidence": "Society is made up of people. People live in various places such as houses, apartments, villages, towns, and cities.", "reason": "Based on the knowledge that society is made up of people and people live in various places, we can infer that what is made up of people are places where people live.", "answer": 3, "retrieved_documents": [{"content": "Society is made up of people.", "metadata": {"source": "knowledge/tmp.txt", "confidence": 1.0}, "score": 0.9758180379867554}, {"content": "People live in various places such as houses, apartments, villages, towns, and cities.", "metadata": {"source": "knowledge/tmp.txt", "confidence": 0.9}, "score": 1.215935230255127}, {"content": "Everyone has a unique perspective and experience in relation to other people.", "metadata": {"source": "knowledge/tmp.txt", "confidence": 0.8}, "score": 1.3535956144332886}, {"content": "Humans typically bury or cremate the bodies of deceased individuals.", "metadata": {"source": "knowledge/tmp.txt", "confidence": 0.9}, "score": 1.3661870956420898}], "question": "Question:\nWhat is made up of people?\n\nCandidate Answers:\n1: buildings\n2: audience\n3: apartment\n4: classroom\n5: falling down\n\n\nThere is only one correct option. Therefore, you must choose the answer that is most likely to be correct from all candidate answers.\nYour response should only contain the number of the chosen answer. Your response cannot contain any textual content.\n", "soft_refusal": false, "hard_refusal": true}