{"evidence": "Small dogs pant when it's hot outside to regulate their body temperature as they do not sweat like humans.", "reason": "The knowledge base explicitly states that small dogs pant when it's hot outside to regulate their body temperature.", "answer": 3, "retrieved_documents": [{"content": "Small dogs pant when it's hot outside to regulate their body temperature as they do not sweat like humans.", "metadata": {"source": "knowledge/tmp.txt", "confidence": 0.9}, "score": 0.22962945699691772}, {"content": "The dog was tuckered out because it had just been playing or running around.", "metadata": {"source": "knowledge/tmp.txt", "confidence": 0.8}, "score": 1.2244888544082642}, {"content": "White is another name for the color of the fur of a dog with light colored fur.", "metadata": {"source": "knowledge/tmp.txt", "confidence": 0.9}, "score": 1.239946722984314}, {"content": "Extra clothing can be kept in a backpack or a daypack on a hike.", "metadata": {"source": "knowledge/tmp.txt", "confidence": 0.9}, "score": 1.2742578983306885}], "question": "Question:\nWhy would a small dog pant if it's hot outside?\n\nCandidate Answers:\n1: outside\n2: europe\n3: heat\n4: wet\n5: dog show\n\n\nThere is only one correct option. Therefore, you must choose the answer that is most likely to be correct from all candidate answers.\nYour response should only contain the number of the chosen answer. Your response cannot contain any textual content.\n", "soft_refusal": false, "hard_refusal": false}