{"evidence": "The child had love and support for his mother despite not knowing the problems she was going through.", "reason": "The evidence shows a conversation between a child and his mother, indicating a relationship and communication between them.", "answer": 4, "retrieved_documents": [{"content": "It is unclear what she wanted to do with the man as the question is vague and lacks context.", "metadata": {"source": "knowledge/tmp.txt", "confidence": 0.5}, "score": 0.9595720767974854}, {"content": "The newlyweds began copulating their marriage, they wanted many children.", "metadata": {"source": "knowledge/tmp.txt", "confidence": 0.8}, "score": 1.083260416984558}, {"content": "She only got the puppy because she may have only been able to afford one pet or her living situation may only allow for one pet.", "metadata": {"source": "knowledge/tmp.txt", "confidence": 0.8}, "score": 1.1129777431488037}, {"content": "The child had love and support for his mother despite not knowing the problems she was going through.", "metadata": {"source": "knowledge/tmp.txt", "confidence": 0.8}, "score": 1.1452317237854004}], "question": "Question:\nShe asked her little boy why, he replied that he didn't know and it was just what?\n\nCandidate Answers:\n1: case\n2: reason\n3: how\n4: because\n5: answer\n\n\nThere is only one correct option. Therefore, you must choose the answer that is most likely to be correct from all candidate answers.\nYour response should only contain the number of the chosen answer. Your response cannot contain any textual content.\n", "soft_refusal": false, "hard_refusal": true}