{"evidence": "Stretching is recommended for faster recovery after exercise. The main benefit of exercising is improved physical health, including increased strength, endurance, and flexibility, as well as reduced risk of chronic diseases such as heart disease and diabetes.", "reason": "Based on the knowledge provided, stretching is recommended for faster recovery after exercise.", "answer": 1, "retrieved_documents": [{"content": "Stretching is recommended for faster recovery after exercise.", "metadata": {"source": "knowledge/tmp.txt", "confidence": 0.8}, "score": 0.5429667234420776}, {"content": "The main benefit of exercising is improved physical health, including increased strength, endurance, and flexibility, as well as reduced risk of chronic diseases such as heart disease and diabetes.", "metadata": {"source": "knowledge/tmp.txt", "confidence": 0.9}, "score": 0.8345643281936646}, {"content": "Rest is often needed when you have been exerting physical or mental effort.", "metadata": {"source": "knowledge/tmp.txt", "confidence": 0.9}, "score": 0.8348734974861145}, {"content": "Weightlifting is a form of anaerobic exercising.", "metadata": {"source": "knowledge/tmp.txt", "confidence": 0.9}, "score": 1.0081535577774048}], "question": "Question:\nExercise is very good for you, for faster recovery you should always do what afterwards?\n\nCandidate Answers:\n1: stretch\n2: lower cholesterol\n3: weigh\n4: track\n5: expend energy\n\n\nThere is only one correct option. Therefore, you must choose the answer that is most likely to be correct from all candidate answers.\nYour response should only contain the number of the chosen answer. Your response cannot contain any textual content.\n", "soft_refusal": false, "hard_refusal": false}