{"evidence": "A storey containing a panoramic view would be in a building or a skyscraper. Skyscrapers have the most top floor.", "reason": "Based on the knowledge that a storey with a panoramic view would be in a building or a skyscraper, and skyscrapers have the most top floor, it is likely that the structure would be a tall building.", "answer": 4, "retrieved_documents": [{"content": "A storey containing a panoramic view would be in a building or a skyscraper.", "metadata": {"source": "knowledge/tmp.txt", "confidence": 0.8}, "score": 0.24061276018619537}, {"content": "The architect might be designing a building or a structure with a mezzanine level.", "metadata": {"source": "knowledge/tmp.txt", "confidence": 0.8}, "score": 0.9989359974861145}, {"content": "Skyscrapers have the most top floor.", "metadata": {"source": "knowledge/tmp.txt", "confidence": 0.9}, "score": 1.1302598714828491}, {"content": "You would walk through a central passage to catch an elevator in a building or a structure with multiple floors", "metadata": {"source": "knowledge/tmp.txt", "confidence": 0.9}, "score": 1.1496461629867554}], "question": "Question:\nIf a storey contained a panoramic view, what kind of structure would it be in?\n\nCandidate Answers:\n1: horizontal room\n2: storey book\n3: mall\n4: tall building\n5: book of stories\n\n\nThere is only one correct option. Therefore, you must choose the answer that is most likely to be correct from all candidate answers.\nYour response should only contain the number of the chosen answer. Your response cannot contain any textual content.\n", "soft_refusal": false, "hard_refusal": false}