{"evidence": "The evidence provided in the knowledge base includes Brad trying to arise from bed but could not, enjoying visiting the living room, the audience watching a performance in a concert hall or theater, and Sam staring at a bare and round butt.", "reason": "Based on the evidence provided, the most likely scenario is that the person took their seat in a theater or concert hall and enjoyed a show when the curtains drew back.", "answer": 5, "retrieved_documents": [{"content": "Brad tried to arise from bed but he could not. Instead, he just continued to do what?", "metadata": {"source": "knowledge/tmp.txt", "confidence": 1.0}, "score": 1.0825120210647583}, {"content": "He enjoyed visiting the living room.", "metadata": {"source": "knowledge/tmp.txt", "confidence": 0.8}, "score": 1.1322880983352661}, {"content": "The audience was most likely watching the performance in a concert hall or theater.", "metadata": {"source": "knowledge/tmp.txt", "confidence": 0.8}, "score": 1.1992532014846802}, {"content": "The butt was bare, and Sam couldn't stop staring at it. It was very round.", "metadata": {"source": "knowledge/tmp.txt", "confidence": 0.7}, "score": 1.236324429512024}], "question": "Question:\nI took my seat, the curtains drew back and I enjoyed the what?\n\nCandidate Answers:\n1: airplane\n2: movie\n3: auditorium\n4: theatre\n5: show\n\n\nThere is only one correct option. Therefore, you must choose the answer that is most likely to be correct from all candidate answers.\nYour response should only contain the number of the chosen answer. Your response cannot contain any textual content.\n", "soft_refusal": false, "hard_refusal": true}