{"evidence": "The knowledge base includes statements such as 'Everyone who doesn't want to fight anymore should seek peaceful resolutions, communicate effectively, and work towards understanding and compromise.'", "reason": "Based on the knowledge provided, the answer to the question can be derived from the statement about seeking peaceful resolutions and working towards understanding and compromise.", "answer": 3, "retrieved_documents": [{"content": "Everyone who doesn't want to fight anymore should seek peaceful resolutions, communicate effectively, and work towards understanding and compromise.", "metadata": {"source": "knowledge/tmp.txt", "confidence": 0.9}, "score": 0.7364603877067566}, {"content": "Participating in a fight", "metadata": {"source": "knowledge/tmp.txt", "confidence": 0.8}, "score": 1.0123716592788696}, {"content": "Teach them how to calm down.", "metadata": {"source": "knowledge/tmp.txt", "confidence": 0.9}, "score": 1.2464903593063354}, {"content": "Anger leads to punching.", "metadata": {"source": "knowledge/tmp.txt", "confidence": 0.9}, "score": 1.297082781791687}], "question": "Question:\nWhat should everyone do who doesn't want to fight anymore?\n\nCandidate Answers:\n1: explicate\n2: pay tribute to king\n3: hope for peace\n4: wear shoes\n5: do well\n\n\nThere is only one correct option. Therefore, you must choose the answer that is most likely to be correct from all candidate answers.\nYour response should only contain the number of the chosen answer. Your response cannot contain any textual content.\n", "soft_refusal": false, "hard_refusal": true}