{"evidence": "South America is the large land mass that is home to the most monkeys. Monkeys can be found in the wild in tropical forests, jungles, and savannas.", "reason": "Based on the knowledge provided, South America is stated as the large land mass that is home to the most monkeys, making it the most likely correct answer.", "answer": 1, "retrieved_documents": [{"content": "South America is the large land mass that is home to the most monkeys.", "metadata": {"source": "knowledge/tmp.txt", "confidence": 0.8}, "score": 0.48813846707344055}, {"content": "Monkeys can be found in the rainforests of West Africa, including countries like Nigeria, Cameroon, and Gabon.", "metadata": {"source": "knowledge/tmp.txt", "confidence": 0.8}, "score": 0.7226116061210632}, {"content": "Monkeys can be found in the wild in tropical forests, jungles, and savannas.", "metadata": {"source": "knowledge/tmp.txt", "confidence": 0.9}, "score": 0.7689477205276489}, {"content": "A monkey is likely to enjoy being in a jungle or a forest where it can climb trees and find food.", "metadata": {"source": "knowledge/tmp.txt", "confidence": 0.8}, "score": 0.9039126634597778}], "question": "Question:\nWhich large land mass is home to the most monkeys?\n\nCandidate Answers:\n1: amazon basin\n2: friend's house\n3: lift number 3\n4: research laboratory\n5: african continent\n\n\nThere is only one correct option. Therefore, you must choose the answer that is most likely to be correct from all candidate answers.\nYour response should only contain the number of the chosen answer. Your response cannot contain any textual content.\n", "soft_refusal": false, "hard_refusal": false}