{"evidence": "Trees roots cling to soil for support and to absorb water and nutrients.", "reason": "Based on the knowledge that trees roots cling to soil for support and to absorb water and nutrients, we can determine what trees roots cling to.", "answer": 5, "retrieved_documents": [{"content": "Trees roots cling to soil for support and to absorb water and nutrients.", "metadata": {"source": "knowledge/tmp.txt", "confidence": 0.9}, "score": 0.3503907024860382}, {"content": "Trees have the most amount of leaves.", "metadata": {"source": "knowledge/tmp.txt", "confidence": 0.9}, "score": 0.9817352890968323}, {"content": "Apples form on the branches of an apple tree.", "metadata": {"source": "knowledge/tmp.txt", "confidence": 1.0}, "score": 1.1464375257492065}, {"content": "Beavers get their supplies for building, such as branches and logs, from the surrounding environment like forests and rivers.", "metadata": {"source": "knowledge/tmp.txt", "confidence": 0.9}, "score": 1.1869398355484009}], "question": "Question:\nTo what do trees roots cling?\n\nCandidate Answers:\n1: yard\n2: orchard\n3: museum\n4: countryside\n5: surface of earth\n\n\nThere is only one correct option. Therefore, you must choose the answer that is most likely to be correct from all candidate answers.\nYour response should only contain the number of the chosen answer. Your response cannot contain any textual content.\n", "soft_refusal": false, "hard_refusal": false}