{"evidence": "A vacuum cleaner probably has a lot of dust in the back.", "reason": "The evidence suggests that a vacuum cleaner is likely to have a lot of dust in the back.", "answer": 1, "retrieved_documents": [{"content": "A vacuum cleaner probably has a lot of dust in the back.", "metadata": {"source": "knowledge/tmp.txt", "confidence": 0.8}, "score": 0.4616362452507019}, {"content": "Ceiling fan blades might be the hardest to dust.", "metadata": {"source": "knowledge/tmp.txt", "confidence": 0.8}, "score": 0.8595942854881287}, {"content": "The air was polluted.", "metadata": {"source": "knowledge/tmp.txt", "confidence": 0.9}, "score": 1.2043805122375488}, {"content": "Various things could go on top of wood, such as paint, varnish, wax, or other finishes.", "metadata": {"source": "knowledge/tmp.txt", "confidence": 0.8}, "score": 1.2865434885025024}], "question": "Question:\nWhat probably has a lot of dust in the back?\n\nCandidate Answers:\n1: closet\n2: door\n3: corner\n4: shelf\n5: library\n\n\nThere is only one correct option. Therefore, you must choose the answer that is most likely to be correct from all candidate answers.\nYour response should only contain the number of the chosen answer. Your response cannot contain any textual content.\n", "soft_refusal": false, "hard_refusal": false}