{"evidence": "He found himself making friends with similar interests in comics. Making friends was no personal problem for him.", "reason": "The evidence shows that he made friends with similar interests in comics, indicating that it was nice to meet people with common interests.", "answer": 4, "retrieved_documents": [{"content": "He found himself making friends with similar interests in comics.", "metadata": {"source": "knowledge/tmp.txt", "confidence": 0.8}, "score": 0.44878074526786804}, {"content": "His friends surprised him.", "metadata": {"source": "knowledge/tmp.txt", "confidence": 0.8}, "score": 0.9613108038902283}, {"content": "The person was happy.", "metadata": {"source": "knowledge/tmp.txt", "confidence": 0.9}, "score": 1.2574920654296875}, {"content": "Making friends was no personal problem for him.", "metadata": {"source": "knowledge/tmp.txt", "confidence": 0.8}, "score": 1.2632627487182617}], "question": "Question:\nAt the new comic store he found himself making friends, it was nice to meet people with what?\n\nCandidate Answers:\n1: smiling\n2: smile\n3: open mind\n4: common interests\n5: laughter\n\n\nThere is only one correct option. Therefore, you must choose the answer that is most likely to be correct from all candidate answers.\nYour response should only contain the number of the chosen answer. Your response cannot contain any textual content.\n", "soft_refusal": false, "hard_refusal": false}