{"evidence": "A vestibular issue caused the student to lose his balance.", "reason": "The evidence directly states that a vestibular issue caused the student to lose his balance.", "answer": 3, "retrieved_documents": [{"content": "A vestibular issue caused the student to lose his balance.", "metadata": {"source": "knowledge/tmp.txt", "confidence": 0.8}, "score": 0.7172826528549194}, {"content": "The teacher doesn't tolerate noise during a test in their classroom.", "metadata": {"source": "knowledge/tmp.txt", "confidence": 0.9}, "score": 1.1824772357940674}, {"content": "Part of Joe's brain was functioning normally.", "metadata": {"source": "knowledge/tmp.txt", "confidence": 0.8}, "score": 1.228456735610962}, {"content": "The teacher recommended the student to go to the office to sharpen their pencil.", "metadata": {"source": "knowledge/tmp.txt", "confidence": 0.8}, "score": 1.2519383430480957}], "question": "Question:\nThe student explained he had a clue what neuroepithelium was and got really nervous, he then lost his balance because a what issue?\n\nCandidate Answers:\n1: tastebud\n2: retina\n3: inner ear\n4: nasal cavity\n5: autistic\n\n\nThere is only one correct option. Therefore, you must choose the answer that is most likely to be correct from all candidate answers.\nYour response should only contain the number of the chosen answer. Your response cannot contain any textual content.\n", "soft_refusal": false, "hard_refusal": true}