{"evidence": "Eating dinner made of cheese may cause symptoms such as bloating, gas, diarrhea, and stomach cramps for someone with lactose intolerance.", "reason": "Based on the knowledge provided, it is stated that eating dinner made of cheese can cause symptoms for someone with lactose intolerance.", "answer": 4, "retrieved_documents": [{"content": "Eating dinner made of cheese may cause symptoms such as bloating, gas, diarrhea, and stomach cramps for someone with lactose intolerance.", "metadata": {"source": "knowledge/tmp.txt", "confidence": 0.8}, "score": 0.724275529384613}, {"content": "A person with digestion issues may feel discomfort, bloating, gas, or indigestion after eating a meat-filled breakfast.", "metadata": {"source": "knowledge/tmp.txt", "confidence": 0.8}, "score": 1.1930471658706665}, {"content": "After the meal, there would be a messy plate.", "metadata": {"source": "knowledge/tmp.txt", "confidence": 0.8}, "score": 1.2269566059112549}, {"content": "Eating a hamburger can cause a feeling of fullness or bloating immediately after consuming it.", "metadata": {"source": "knowledge/tmp.txt", "confidence": 0.8}, "score": 1.2624385356903076}], "question": "Question:\nHe has lactose intolerant, but was eating dinner made of cheese, what followed for him?\n\nCandidate Answers:\n1: digestive\n2: feel better\n3: sleepiness\n4: indigestion\n5: illness\n\n\nThere is only one correct option. Therefore, you must choose the answer that is most likely to be correct from all candidate answers.\nYour response should only contain the number of the chosen answer. Your response cannot contain any textual content.\n", "soft_refusal": false, "hard_refusal": true}