{"evidence": "James and his partner planned on celebrating their 5th anniversary by going to bed early. James and his friend wanted to relax and take it easy.", "reason": "Based on the evidence provided, James and his partner planned to go to bed early to relax and take it easy on their anniversary.", "answer": 1, "retrieved_documents": [{"content": "James and his partner planned on celebrating their 5th anniversary by going to bed early.", "metadata": {"source": "knowledge/tmp.txt", "confidence": 0.8}, "score": 0.764461100101471}, {"content": "Brad tried to arise from bed but he could not. Instead, he just continued to do what?", "metadata": {"source": "knowledge/tmp.txt", "confidence": 1.0}, "score": 0.9412156939506531}, {"content": "James and his friend wanted to relax and take it easy.", "metadata": {"source": "knowledge/tmp.txt", "confidence": 0.8}, "score": 1.077993631362915}, {"content": "James might have gone to a high-end hotel or restaurant where he could use their facilities for a fee.", "metadata": {"source": "knowledge/tmp.txt", "confidence": 0.8}, "score": 1.1772546768188477}], "question": "Question:\nFriday was James's 5th Anniversary.  They planned on going to bed early so that they could spend a long time doing what?\n\nCandidate Answers:\n1: rest\n2: insomnia\n3: making love\n4: sleeping in\n5: texting\n\n\nThere is only one correct option. Therefore, you must choose the answer that is most likely to be correct from all candidate answers.\nYour response should only contain the number of the chosen answer. Your response cannot contain any textual content.\n", "soft_refusal": false, "hard_refusal": true}