{"evidence": "The audience was spectating a sports event, most likely a soccer match.", "reason": "The audience was watching a sports event, and the most likely sport being watched was soccer.", "answer": 1, "retrieved_documents": [{"content": "Cricket is the game they were playing.", "metadata": {"source": "knowledge/tmp.txt", "confidence": 0.8}, "score": 0.7889677286148071}, {"content": "The audience was spectating a sports event, most likely a soccer match.", "metadata": {"source": "knowledge/tmp.txt", "confidence": 0.9}, "score": 0.8271815180778503}, {"content": "The player was likely a member of a marching band or a musical ensemble.", "metadata": {"source": "knowledge/tmp.txt", "confidence": 0.8}, "score": 1.006225347518921}, {"content": "The audience was most likely watching the performance in a concert hall or theater.", "metadata": {"source": "knowledge/tmp.txt", "confidence": 0.8}, "score": 1.0343825817108154}], "question": "Question:\nThe ball was hit over a boundary and struck an audience member.  What kind of game were they playing?\n\nCandidate Answers:\n1: sporting event\n2: sporting\n3: basketball\n4: society\n5: ranch country\n\n\nThere is only one correct option. Therefore, you must choose the answer that is most likely to be correct from all candidate answers.\nYour response should only contain the number of the chosen answer. Your response cannot contain any textual content.\n", "soft_refusal": false, "hard_refusal": true}