{"evidence": "Operating a vehicle while inebriated can lead to accusations of driving under the influence (DUI) or driving while intoxicated (DWI).", "reason": "The evidence clearly states that someone operating a vehicle while inebriated can be accused of driving under the influence or driving while intoxicated.", "answer": 4, "retrieved_documents": [{"content": "Operating a vehicle while inebriated can lead to accusations of driving under the influence (DUI) or driving while intoxicated (DWI).", "metadata": {"source": "knowledge/tmp.txt", "confidence": 1.0}, "score": 0.4220743775367737}, {"content": "Drinking alcohol can lead to various health issues such as liver damage, addiction, impaired judgment, and increased risk of accidents.", "metadata": {"source": "knowledge/tmp.txt", "confidence": 0.8}, "score": 0.9675089716911316}, {"content": "A person would light alcohol on fire in a controlled environment such as a laboratory or a safe outdoor area.", "metadata": {"source": "knowledge/tmp.txt", "confidence": 0.8}, "score": 1.0875898599624634}, {"content": "A driving car could potentially hit or injure a pedestrian if the driver is not paying attention or if there is a mistake in the driving process.", "metadata": {"source": "knowledge/tmp.txt", "confidence": 0.8}, "score": 1.1149265766143799}], "question": "Question:\nWhat is someone operating a vehicle likely to be accused of after becoming inebriated?\n\nCandidate Answers:\n1: punish\n2: arrest\n3: automobile accidents\n4: drunk driving\n5: talking nonsense\n\n\nThere is only one correct option. Therefore, you must choose the answer that is most likely to be correct from all candidate answers.\nYour response should only contain the number of the chosen answer. Your response cannot contain any textual content.\n", "soft_refusal": false, "hard_refusal": false}