{"evidence": "You can get jewelry from stores, online retailers, or by borrowing from friends or family.", "reason": "Based on the knowledge base provided, the options for obtaining jewelry are limited to stores, online retailers, or borrowing from friends or family.", "answer": 4, "retrieved_documents": [{"content": "You can get jewelry from stores, online retailers, or by borrowing from friends or family.", "metadata": {"source": "knowledge/tmp.txt", "confidence": 0.9}, "score": 0.4650917649269104}, {"content": "You can buy a clock, clothing, and wrenches at a department store or a general store.", "metadata": {"source": "knowledge/tmp.txt", "confidence": 0.8}, "score": 1.083893895149231}, {"content": "You would go to a clothing store or a department store.", "metadata": {"source": "knowledge/tmp.txt", "confidence": 1.0}, "score": 1.1360223293304443}, {"content": "You may be in a neighborhood or local corner shop.", "metadata": {"source": "knowledge/tmp.txt", "confidence": 0.8}, "score": 1.2346378564834595}], "question": "Question:\nWhere would you get jewelry if you do not have any?\n\nCandidate Answers:\n1: vault\n2: suitcase\n3: neighbour's house\n4: department store\n5: safe deposit box\n\n\nThere is only one correct option. Therefore, you must choose the answer that is most likely to be correct from all candidate answers.\nYour response should only contain the number of the chosen answer. Your response cannot contain any textual content.\n", "soft_refusal": false, "hard_refusal": false}