{"evidence": "A philosopher is waiting to gain wisdom through his studies.", "reason": "The evidence explicitly states that a philosopher is waiting to gain wisdom through his studies.", "answer": 5, "retrieved_documents": [{"content": "A philosopher is waiting to gain wisdom through his studies.", "metadata": {"source": "knowledge/tmp.txt", "confidence": 0.9}, "score": 0.5308812260627747}, {"content": "Studying a new subject involves a lot of thinking to gain understanding.", "metadata": {"source": "knowledge/tmp.txt", "confidence": 1.0}, "score": 0.9762769341468811}, {"content": "People aim to earn a living, pursue their passions, gain personal fulfillment, and contribute to society.", "metadata": {"source": "knowledge/tmp.txt", "confidence": 0.9}, "score": 1.0698072910308838}, {"content": "Learning is likely to result in acquiring new knowledge or skills.", "metadata": {"source": "knowledge/tmp.txt", "confidence": 0.9}, "score": 1.0759719610214233}], "question": "Question:\nWhat is a philosopher waiting for to eventually gain through his studies?\n\nCandidate Answers:\n1: job\n2: boredom\n3: anxiety\n4: impatience\n5: wisdom\n\n\nThere is only one correct option. Therefore, you must choose the answer that is most likely to be correct from all candidate answers.\nYour response should only contain the number of the chosen answer. Your response cannot contain any textual content.\n", "soft_refusal": false, "hard_refusal": false}