{"evidence": "The goal of listening to the lecture intensely is likely to understand and retain the information presented in the lecture.", "reason": "Based on the knowledge provided, the goal of listening to the lecture intensely is to understand and retain the information presented.", "answer": 4, "retrieved_documents": [{"content": "The goal of listening to the lecture intensely is likely to understand and retain the information presented in the lecture.", "metadata": {"source": "knowledge/tmp.txt", "confidence": 0.8}, "score": 0.5048079490661621}, {"content": "Studying a new subject involves a lot of thinking to gain understanding.", "metadata": {"source": "knowledge/tmp.txt", "confidence": 1.0}, "score": 0.8703519701957703}, {"content": "Learning is likely to result in acquiring new knowledge or skills.", "metadata": {"source": "knowledge/tmp.txt", "confidence": 0.9}, "score": 1.084957242012024}, {"content": "You would sit in a classroom or study area while working toward an advanced degree.", "metadata": {"source": "knowledge/tmp.txt", "confidence": 0.9}, "score": 1.1257809400558472}], "question": "Question:\nI listened to lecture intensely, what is my goal?\n\nCandidate Answers:\n1: gain confidence\n2: concentrate\n3: get attention\n4: pay attention\n5: stop talking\n\n\nThere is only one correct option. Therefore, you must choose the answer that is most likely to be correct from all candidate answers.\nYour response should only contain the number of the chosen answer. Your response cannot contain any textual content.\n", "soft_refusal": false, "hard_refusal": false}