{"evidence": "Using a computer to talk to their granddaughter might cause feelings of connection, communication, and joy for the person.", "reason": "The knowledge base mentions that using a computer to talk to their granddaughter can cause feelings of connection, communication, and joy for the person.", "answer": 3, "retrieved_documents": [{"content": "Using a computer to talk to their granddaughter might cause feelings of connection, communication, and joy for the person.", "metadata": {"source": "knowledge/tmp.txt", "confidence": 0.8}, "score": 0.49371328949928284}, {"content": "A computer user would be using their own computer at home, work, or any other location where they have access to their personal device.", "metadata": {"source": "knowledge/tmp.txt", "confidence": 1.0}, "score": 1.0624620914459229}, {"content": "Joe and Jill might limit the time their children spend watching TV or playing video games.", "metadata": {"source": "knowledge/tmp.txt", "confidence": 0.8}, "score": 1.1770652532577515}, {"content": "She signed up for computer classes to learn more about the computer.", "metadata": {"source": "knowledge/tmp.txt", "confidence": 0.8}, "score": 1.1782971620559692}], "question": "Question:\nIf a person is using a computer to talk to their granddaughter, what might the computer cause for them?\n\nCandidate Answers:\n1: program created\n2: stress\n3: happiness\n4: ocean\n5: headache\n\n\nThere is only one correct option. Therefore, you must choose the answer that is most likely to be correct from all candidate answers.\nYour response should only contain the number of the chosen answer. Your response cannot contain any textual content.\n", "soft_refusal": false, "hard_refusal": false}