{"evidence": "Trash cans are commonly found on sidewalks in many towns and cities.", "reason": "Based on the knowledge that trash cans are commonly found on sidewalks in many towns and cities, we can infer that the correct answer is most likely to be a location commonly found on sidewalks.", "answer": 3, "retrieved_documents": [{"content": "Trash cans are commonly found on sidewalks in many towns and cities.", "metadata": {"source": "knowledge/tmp.txt", "confidence": 0.9}, "score": 0.27099353075027466}, {"content": "In Australia, the trash is called 'rubbish' or 'garbage'.", "metadata": {"source": "knowledge/tmp.txt", "confidence": 0.9}, "score": 0.9446956515312195}, {"content": "Cities with high population density and limited space for parking, such as New York City or Tokyo, are likely to have many parking structures.", "metadata": {"source": "knowledge/tmp.txt", "confidence": 0.8}, "score": 1.07426917552948}, {"content": "A container can is typically put in the recycling bin after it is bought.", "metadata": {"source": "knowledge/tmp.txt", "confidence": 0.9}, "score": 1.1240178346633911}], "question": "Question:\nMany towns and cities have trash cans where on sidewalks?\n\nCandidate Answers:\n1: hospital\n2: park\n3: corner\n4: motel\n5: office\n\n\nThere is only one correct option. Therefore, you must choose the answer that is most likely to be correct from all candidate answers.\nYour response should only contain the number of the chosen answer. Your response cannot contain any textual content.\n", "soft_refusal": false, "hard_refusal": false}