{"evidence": "If airplane engines cut off and are unable to be restarted in flight, the aircraft will lose power and altitude, leading to a potential emergency landing or crash.", "reason": "Based on the knowledge provided, when airplane engines cut off and cannot be restarted in flight, the aircraft will lose power and altitude, potentially leading to a crash.", "answer": 4, "retrieved_documents": [{"content": "If airplane engines cut off and are unable to be restarted in flight, the aircraft will lose power and altitude, leading to a potential emergency landing or crash.", "metadata": {"source": "knowledge/tmp.txt", "confidence": 0.8}, "score": 0.26826196908950806}, {"content": "Various factors such as mechanical failure, running out of fuel, flat tire, engine overheating, and electrical issues can prevent a driving car from continuing to drive.", "metadata": {"source": "knowledge/tmp.txt", "confidence": 0.9}, "score": 1.0715080499649048}, {"content": "The sound of the engine", "metadata": {"source": "knowledge/tmp.txt", "confidence": 0.8}, "score": 1.3671846389770508}, {"content": "When someone is dead, they stop breathing, their heart stops beating, and their brain activity ceases.", "metadata": {"source": "knowledge/tmp.txt", "confidence": 1.0}, "score": 1.4127572774887085}], "question": "Question:\nWhat happens when airplane engines cut off and are unable to be restarted in flight?\n\nCandidate Answers:\n1: stall\n2: start melting\n3: taxi\n4: crash\n5: speed up\n\n\nThere is only one correct option. Therefore, you must choose the answer that is most likely to be correct from all candidate answers.\nYour response should only contain the number of the chosen answer. Your response cannot contain any textual content.\n", "soft_refusal": false, "hard_refusal": false}