{"evidence": "Cavities are typically found in teeth.", "reason": "Based on the knowledge that cavities are typically found in teeth, we can determine where one would be concerned about finding a cavity.", "answer": 5, "retrieved_documents": [{"content": "Cavities are typically found in teeth.", "metadata": {"source": "knowledge/tmp.txt", "confidence": 1.0}, "score": 0.6343255639076233}, {"content": "You can get a toothpick from a restaurant, coffee shop, or convenience store.", "metadata": {"source": "knowledge/tmp.txt", "confidence": 0.8}, "score": 1.2778397798538208}, {"content": "An unsmooth pit could be caused by a fruit pit that is not completely smooth or has irregularities in its surface.", "metadata": {"source": "knowledge/tmp.txt", "confidence": 0.8}, "score": 1.3270395994186401}, {"content": "A vacuum cleaner probably has a lot of dust in the back.", "metadata": {"source": "knowledge/tmp.txt", "confidence": 0.8}, "score": 1.4179688692092896}], "question": "Question:\nWhere would you be concerned about finding a cavity?\n\nCandidate Answers:\n1: solid object\n2: molar\n3: dentist\n4: unbrushed tooth\n5: teeth\n\n\nThere is only one correct option. Therefore, you must choose the answer that is most likely to be correct from all candidate answers.\nYour response should only contain the number of the chosen answer. Your response cannot contain any textual content.\n", "soft_refusal": false, "hard_refusal": false}