{"evidence": "The man wanted lodging in the actual inn, so that he was already where he needed to be. He stayed in a hotel after arriving from the farm.", "reason": "Based on the evidence provided, the man wanted lodging in the actual inn and stayed in a hotel after arriving from the farm.", "answer": 1, "retrieved_documents": [{"content": "He wanted lodging in the actual inn, so that he was already where he needed to be.", "metadata": {"source": "knowledge/tmp.txt", "confidence": 0.8}, "score": 0.3569249212741852}, {"content": "James might have gone to a high-end hotel or restaurant where he could use their facilities for a fee.", "metadata": {"source": "knowledge/tmp.txt", "confidence": 0.8}, "score": 0.8818097114562988}, {"content": "He stayed in a hotel after arriving from the farm.", "metadata": {"source": "knowledge/tmp.txt", "confidence": 1.0}, "score": 1.0056449174880981}, {"content": "The man was heading to a meeting or a conference room.", "metadata": {"source": "knowledge/tmp.txt", "confidence": 0.8}, "score": 1.0082762241363525}], "question": "Question:\nHe wanted lodging in the actual what, so that he was already where he needed to be?\n\nCandidate Answers:\n1: a yurt\n2: resort area\n3: big city\n4: michigan\n5: going on vacation\n\n\nThere is only one correct option. Therefore, you must choose the answer that is most likely to be correct from all candidate answers.\nYour response should only contain the number of the chosen answer. Your response cannot contain any textual content.\n", "soft_refusal": false, "hard_refusal": false}