{"evidence": "To see something beautiful when suffering from boredom, you can try watching a sunset, visiting a botanical garden, or exploring art galleries.", "reason": "The knowledge base suggests that to see something beautiful when suffering from boredom, one can try watching a sunset, visiting a botanical garden, or exploring art galleries.", "answer": 1, "retrieved_documents": [{"content": "To see something beautiful when suffering from boredom, you can try watching a sunset, visiting a botanical garden, or exploring art galleries.", "metadata": {"source": "knowledge/tmp.txt", "confidence": 0.8}, "score": 0.27661553025245667}, {"content": "To see new things in a new place, you can explore the area, visit local attractions, try new foods, interact with locals, and participate in cultural activities.", "metadata": {"source": "knowledge/tmp.txt", "confidence": 0.9}, "score": 1.0471205711364746}, {"content": "You could have fun by yourself with activities such as reading a book, watching a movie, going for a walk, listening to music, painting, or practicing a hobby.", "metadata": {"source": "knowledge/tmp.txt", "confidence": 0.9}, "score": 1.099587082862854}, {"content": "To alleviate boredom at home, people might watch TV, read a book, play video games, listen to music, or engage in a hobby.", "metadata": {"source": "knowledge/tmp.txt", "confidence": 0.9}, "score": 1.1053358316421509}], "question": "Question:\nIf I am suffering from boredom, and I want to see something beautiful, what should I do?\n\nCandidate Answers:\n1: see art\n2: see ghost\n3: watch film\n4: grocery shop\n5: do crossword puzzle\n\n\nThere is only one correct option. Therefore, you must choose the answer that is most likely to be correct from all candidate answers.\nYour response should only contain the number of the chosen answer. Your response cannot contain any textual content.\n", "soft_refusal": false, "hard_refusal": false}