{"evidence": "After the meal, there would be a messy plate.", "reason": "Based on the knowledge that after the meal there would be a messy plate, it is likely that if a fried egg was runny and there was no toast to sop it up, the messy item would be a plate.", "answer": 3, "retrieved_documents": [{"content": "After the meal, there would be a messy plate.", "metadata": {"source": "knowledge/tmp.txt", "confidence": 0.8}, "score": 0.6905834078788757}, {"content": "Two slices of bread would be put in the toaster if someone was making breakfast.", "metadata": {"source": "knowledge/tmp.txt", "confidence": 0.9}, "score": 1.0020849704742432}, {"content": "Eating beans and sitting down quickly could lead to flatulence or gas.", "metadata": {"source": "knowledge/tmp.txt", "confidence": 0.9}, "score": 1.1898831129074097}, {"content": "A person with digestion issues may feel discomfort, bloating, gas, or indigestion after eating a meat-filled breakfast.", "metadata": {"source": "knowledge/tmp.txt", "confidence": 0.8}, "score": 1.2187479734420776}], "question": "Question:\nIf a fried egg was runny and there was no toast to sop it up, after the meal there'd be a messy what?\n\nCandidate Answers:\n1: henhouse\n2: garden\n3: plate\n4: supermarket\n5: bird's nest\n\n\nThere is only one correct option. Therefore, you must choose the answer that is most likely to be correct from all candidate answers.\nYour response should only contain the number of the chosen answer. Your response cannot contain any textual content.\n", "soft_refusal": false, "hard_refusal": true}