{"evidence": "To behave with proper aplomb, you should avoid manners such as being rude, disrespectful, or impolite.", "reason": "The knowledge base explicitly states that to behave with proper aplomb, one should avoid being impolite, which aligns with the manners mentioned in the provided statement.", "answer": 3, "retrieved_documents": [{"content": "To behave with proper aplomb, you should avoid manners such as being rude, disrespectful, or impolite.", "metadata": {"source": "knowledge/tmp.txt", "confidence": 0.8}, "score": 0.2924143671989441}, {"content": "It is important to treat all individuals with respect and professionalism.", "metadata": {"source": "knowledge/tmp.txt", "confidence": 1.0}, "score": 0.9808186292648315}, {"content": "You can go to places of worship such as churches, mosques, temples, or synagogues to practice your religious beliefs and uphold gentlemanly behavior.", "metadata": {"source": "knowledge/tmp.txt", "confidence": 0.8}, "score": 1.2405391931533813}, {"content": "The man should have taken a respectful and solemn attitude at the funeral.", "metadata": {"source": "knowledge/tmp.txt", "confidence": 0.9}, "score": 1.3108683824539185}], "question": "Question:\nIf I want to behave with proper aplomb, what manners should I avoid?\n\nCandidate Answers:\n1: inappropriate\n2: incomplete\n3: impolite\n4: none\n5: incorrect\n\n\nThere is only one correct option. Therefore, you must choose the answer that is most likely to be correct from all candidate answers.\nYour response should only contain the number of the chosen answer. Your response cannot contain any textual content.\n", "soft_refusal": false, "hard_refusal": false}