{"evidence": "He really enjoyed the facilities of the gym.", "reason": "The evidence shows that he enjoyed the facilities of the gym, indicating that he liked to warm up in a fitness center.", "answer": 4, "retrieved_documents": [{"content": "He really enjoyed the facilities of the gym.", "metadata": {"source": "knowledge/tmp.txt", "confidence": 0.8}, "score": 0.882530689239502}, {"content": "Players, tennis balls, tennis rackets, spectators, coaches, umpires, and linesmen could go to a tennis court.", "metadata": {"source": "knowledge/tmp.txt", "confidence": 1.0}, "score": 1.0740913152694702}, {"content": "He is trying to build muscle on his body.", "metadata": {"source": "knowledge/tmp.txt", "confidence": 0.8}, "score": 1.124253273010254}, {"content": "Playing basketball for a long time helps him get exercise and improve his basketball skills.", "metadata": {"source": "knowledge/tmp.txt", "confidence": 0.8}, "score": 1.2167764902114868}], "question": "Question:\nBefore lifting weights he liked to warm up on the squash court, he really enjoyed the facilities of the what?\n\nCandidate Answers:\n1: swimming pool\n2: rich person's house\n3: country club\n4: fitness center\n5: park\n\n\nThere is only one correct option. Therefore, you must choose the answer that is most likely to be correct from all candidate answers.\nYour response should only contain the number of the chosen answer. Your response cannot contain any textual content.\n", "soft_refusal": false, "hard_refusal": true}