{"evidence": "A town between two mountains is located in a valley.", "reason": "Based on the knowledge that a town between two mountains is located in a valley, the answer is clear.", "answer": 1, "retrieved_documents": [{"content": "A town between two mountains is located in a valley.", "metadata": {"source": "knowledge/tmp.txt", "confidence": 0.9}, "score": 0.4688364863395691}, {"content": "A creek could be located in the opposite direction of a city, which is called the countryside or rural area.", "metadata": {"source": "knowledge/tmp.txt", "confidence": 0.8}, "score": 0.9893254041671753}, {"content": "The general geography of the region where the cave was found was likely mountainous.", "metadata": {"source": "knowledge/tmp.txt", "confidence": 0.8}, "score": 1.0363428592681885}, {"content": "A house outside the center of a community is said to be in a suburban area.", "metadata": {"source": "knowledge/tmp.txt", "confidence": 0.8}, "score": 1.1539835929870605}], "question": "Question:\nA town between two mountains is located in a what?\n\nCandidate Answers:\n1: valley\n2: hospital\n3: state\n4: train station\n5: michigan\n\n\nThere is only one correct option. Therefore, you must choose the answer that is most likely to be correct from all candidate answers.\nYour response should only contain the number of the chosen answer. Your response cannot contain any textual content.\n", "soft_refusal": false, "hard_refusal": false}