{"evidence": "Skills and experience in cooking or food preparation are needed for anyone to be hired in the kitchen.", "reason": "Based on the knowledge that skills and experience in cooking or food preparation are required for anyone to be hired in the kitchen, it is clear that the correct answer should be related to cooking or food preparation.", "answer": 4, "retrieved_documents": [{"content": "Skills and experience in cooking or food preparation are needed for anyone to be hired in the kitchen.", "metadata": {"source": "knowledge/tmp.txt", "confidence": 0.8}, "score": 0.42921707034111023}, {"content": "The chef likely practiced cooking techniques, experimented with different ingredients, sought feedback from others, and continued to learn and improve.", "metadata": {"source": "knowledge/tmp.txt", "confidence": 0.8}, "score": 1.0466842651367188}, {"content": "The child could help set the table, clear the table, or assist in serving food in the dining room.", "metadata": {"source": "knowledge/tmp.txt", "confidence": 0.9}, "score": 1.082358717918396}, {"content": "The hostess was good at her job, she always had a smile when she would welcome guests or greet customers", "metadata": {"source": "knowledge/tmp.txt", "confidence": 0.8}, "score": 1.104921579360962}], "question": "Question:\nAnybody could be hired in the kitchen, what was needed of them?\n\nCandidate Answers:\n1: forget\n2: oil squeaky hinge\n3: question authority\n4: wash dishes\n5: oik squeaky hinge\n\n\nThere is only one correct option. Therefore, you must choose the answer that is most likely to be correct from all candidate answers.\nYour response should only contain the number of the chosen answer. Your response cannot contain any textual content.\n", "soft_refusal": false, "hard_refusal": false}