{"evidence": "Two slices of bread would be put in the toaster if someone was making breakfast. A person suffering from hunger early in the day typically eats breakfast to alleviate their hunger.", "reason": "Based on the knowledge that two slices of bread would be put in the toaster when making breakfast, the most likely item to put the bread in would be the toaster.", "answer": 4, "retrieved_documents": [{"content": "Two slices of bread would be put in the toaster if someone was making breakfast.", "metadata": {"source": "knowledge/tmp.txt", "confidence": 0.9}, "score": 0.21881580352783203}, {"content": "A person suffering from hunger early in the day typically eats breakfast to alleviate their hunger.", "metadata": {"source": "knowledge/tmp.txt", "confidence": 0.9}, "score": 0.9498577117919922}, {"content": "After the meal, there would be a messy plate.", "metadata": {"source": "knowledge/tmp.txt", "confidence": 0.8}, "score": 1.1392757892608643}, {"content": "A human is likely to go to a place where they can find food, such as a restaurant, grocery store, or kitchen.", "metadata": {"source": "knowledge/tmp.txt", "confidence": 0.9}, "score": 1.1899572610855103}], "question": "Question:\nIf someone was making breakfast, they'd probably put two slices of bread in the what?\n\nCandidate Answers:\n1: plastic bag\n2: pantry\n3: supermarket\n4: toaster\n5: prison\n\n\nThere is only one correct option. Therefore, you must choose the answer that is most likely to be correct from all candidate answers.\nYour response should only contain the number of the chosen answer. Your response cannot contain any textual content.\n", "soft_refusal": false, "hard_refusal": false}