{"evidence": "A corpse would typically be covered by a blanket in a morgue or at a crime scene.", "reason": "Based on the knowledge provided, a corpse would be covered by a blanket in a morgue or at a crime scene.", "answer": 3, "retrieved_documents": [{"content": "A corpse would typically be covered by a blanket in a morgue or at a crime scene.", "metadata": {"source": "knowledge/tmp.txt", "confidence": 0.8}, "score": 0.2856011986732483}, {"content": "Your body can be a part of a funeral or burial service.", "metadata": {"source": "knowledge/tmp.txt", "confidence": 0.8}, "score": 0.9263067245483398}, {"content": "Humans typically bury or cremate the bodies of deceased individuals.", "metadata": {"source": "knowledge/tmp.txt", "confidence": 0.9}, "score": 0.9628294706344604}, {"content": "When someone is dead, they stop breathing, their heart stops beating, and their brain activity ceases.", "metadata": {"source": "knowledge/tmp.txt", "confidence": 1.0}, "score": 1.1737966537475586}], "question": "Question:\nWhere would a corpse be covered by a blanket?\n\nCandidate Answers:\n1: bath store\n2: bedroom\n3: hospital\n4: flower garden\n5: michigan\n\n\nThere is only one correct option. Therefore, you must choose the answer that is most likely to be correct from all candidate answers.\nYour response should only contain the number of the chosen answer. Your response cannot contain any textual content.\n", "soft_refusal": false, "hard_refusal": false}