{"evidence": "The person in the cat's actions are unclear due to a typographical error or confusion in the sentence. Joe's cat might have jumped into a hot oven or stove. The kitten slid across the floor when it tried to stop. Brad tried to arise from bed but he could not. Instead, he just continued to do what?", "reason": "Based on the evidence provided, there is no direct information related to the actions of the person in the cat trying to kill someone. Therefore, it is not possible to determine the correct answer from the given knowledge base.", "answer": null, "retrieved_documents": [{"content": "The person in the cat's actions are unclear due to a typographical error or confusion in the sentence.", "metadata": {"source": "knowledge/tmp.txt", "confidence": 0.7}, "score": 0.9690777659416199}, {"content": "Joe's cat might have jumped into a hot oven or stove.", "metadata": {"source": "knowledge/tmp.txt", "confidence": 0.7}, "score": 1.0350598096847534}, {"content": "The kitten slid across the floor when it tried to stop.", "metadata": {"source": "knowledge/tmp.txt", "confidence": 0.8}, "score": 1.1366914510726929}, {"content": "Brad tried to arise from bed but he could not. Instead, he just continued to do what?", "metadata": {"source": "knowledge/tmp.txt", "confidence": 1.0}, "score": 1.1660962104797363}], "question": "Question:\nThe man  tried to break the glass in order to make his escape in time, but he could not.  The person in the cat, trying to kill him, did what?\n\nCandidate Answers:\n1: accelerate\n2: putting together\n3: working\n4: construct\n5: train\n\n\nThere is only one correct option. Therefore, you must choose the answer that is most likely to be correct from all candidate answers.\nYour response should only contain the number of the chosen answer. Your response cannot contain any textual content.\n", "soft_refusal": true, "hard_refusal": true}