{"evidence": "Extra clothing can be kept in a backpack or a daypack on a hike.", "reason": "The evidence explicitly states that extra clothing can be kept in a backpack on a hike.", "answer": 5, "retrieved_documents": [{"content": "Extra clothing can be kept in a backpack or a daypack on a hike.", "metadata": {"source": "knowledge/tmp.txt", "confidence": 0.9}, "score": 0.41917479038238525}, {"content": "You can store your spare linens near your socks in a drawer or storage container.", "metadata": {"source": "knowledge/tmp.txt", "confidence": 0.8}, "score": 0.8378540277481079}, {"content": "When hiking, you should wear comfortable and moisture-wicking clothing, sturdy hiking boots, a hat, sunglasses, and sunscreen. It is also important to dress in layers to be prepared for changing weather conditions.", "metadata": {"source": "knowledge/tmp.txt", "confidence": 0.9}, "score": 0.8464233875274658}, {"content": "Traveling clothes are often kept in a suitcase or a travel bag.", "metadata": {"source": "knowledge/tmp.txt", "confidence": 0.9}, "score": 0.8836634755134583}], "question": "Question:\nWhere do you keep extra clothing on a hike?\n\nCandidate Answers:\n1: person\n2: hamper\n3: closet\n4: upstairs\n5: backpack\n\n\nThere is only one correct option. Therefore, you must choose the answer that is most likely to be correct from all candidate answers.\nYour response should only contain the number of the chosen answer. Your response cannot contain any textual content.\n", "soft_refusal": false, "hard_refusal": false}