{"evidence": "An apple tree can produce apples. Apples form on the branches of an apple tree. The Bible states that an apple tree led to the downfall of man. Trees have the most amount of leaves.", "reason": "Based on the knowledge provided, it is clear that an apple tree can produce apples and apples form on its branches.", "answer": 2, "retrieved_documents": [{"content": "An apple tree can produce apples.", "metadata": {"source": "knowledge/tmp.txt", "confidence": 0.9}, "score": 0.5074496865272522}, {"content": "Apples form on the branches of an apple tree.", "metadata": {"source": "knowledge/tmp.txt", "confidence": 1.0}, "score": 0.6381579041481018}, {"content": "The Bible states that an apple tree led to the downfall of man.", "metadata": {"source": "knowledge/tmp.txt", "confidence": 0.9}, "score": 0.7738456726074219}, {"content": "Trees have the most amount of leaves.", "metadata": {"source": "knowledge/tmp.txt", "confidence": 0.9}, "score": 1.126487374305725}], "question": "Question:\nWhat could an apple tree do?\n\nCandidate Answers:\n1: new hampshire\n2: bloom\n3: washington state\n4: sunshine\n5: spontaneously combust\n\n\nThere is only one correct option. Therefore, you must choose the answer that is most likely to be correct from all candidate answers.\nYour response should only contain the number of the chosen answer. Your response cannot contain any textual content.\n", "soft_refusal": false, "hard_refusal": false}