{"evidence": "She only got the puppy because she may have only been able to afford one pet or her living situation may only allow for one pet. The kitten should spend most of its time around its mother to learn hunting skills and behavior.", "reason": "The evidence provided suggests that the reason she only got the puppy is due to financial constraints or living situation limitations, which may only allow for one pet.", "answer": 1, "retrieved_documents": [{"content": "She only got the puppy because she may have only been able to afford one pet or her living situation may only allow for one pet.", "metadata": {"source": "knowledge/tmp.txt", "confidence": 0.8}, "score": 0.4100797772407532}, {"content": "The kitten should spend most of its time around its mother to learn hunting skills and behavior.", "metadata": {"source": "knowledge/tmp.txt", "confidence": 0.8}, "score": 1.0953272581100464}, {"content": "A ferret can be very mischievous and probably wouldn't make a great pet for the entire family.", "metadata": {"source": "knowledge/tmp.txt", "confidence": 0.9}, "score": 1.1679491996765137}, {"content": "Joe's cat might have jumped into a hot oven or stove.", "metadata": {"source": "knowledge/tmp.txt", "confidence": 0.7}, "score": 1.1794190406799316}], "question": "Question:\nShe wanted a kitten and puppy so why did she only get the puppy?\n\nCandidate Answers:\n1: one choice for pet\n2: cute\n3: kennel\n4: soft\n5: waxy\n\n\nThere is only one correct option. Therefore, you must choose the answer that is most likely to be correct from all candidate answers.\nYour response should only contain the number of the chosen answer. Your response cannot contain any textual content.\n", "soft_refusal": false, "hard_refusal": false}