{"evidence": "Jenny was forced to lie there exposed to the sun.", "reason": "The evidence clearly states that Jenny was exposed to the sun, indicating that she was forced to lie there exposed to full sunlight.", "answer": 1, "retrieved_documents": [{"content": "Jenny was forced to lie there exposed to the sun.", "metadata": {"source": "knowledge/tmp.txt", "confidence": 0.9}, "score": 0.5334122180938721}, {"content": "The victim was going to testify or give a statement in court.", "metadata": {"source": "knowledge/tmp.txt", "confidence": 0.9}, "score": 1.175767421722412}, {"content": "The person had remembered to bring her umbrella.", "metadata": {"source": "knowledge/tmp.txt", "confidence": 0.8}, "score": 1.2357345819473267}, {"content": "They might have been in a movie theater or a similar venue where it would be dangerous to move around in the dark.", "metadata": {"source": "knowledge/tmp.txt", "confidence": 0.8}, "score": 1.2573047876358032}], "question": "Question:\nThere was no shade for Jenny.  She was forced to lie there exposed to what?\n\nCandidate Answers:\n1: full sunlight\n2: bright sunshine\n3: sunny place\n4: eat cake\n5: direct sunlight\n\n\nThere is only one correct option. Therefore, you must choose the answer that is most likely to be correct from all candidate answers.\nYour response should only contain the number of the chosen answer. Your response cannot contain any textual content.\n", "soft_refusal": false, "hard_refusal": false}