{"evidence": "Cleaning house for a long time may lead to fatigue, sore muscles, and potential injuries from overexertion.", "reason": "Based on the knowledge provided, it is stated that cleaning house for a long time may lead to fatigue and potential injuries from overexertion.", "answer": 4, "retrieved_documents": [{"content": "Cleaning house for a long time may lead to fatigue, sore muscles, and potential injuries from overexertion.", "metadata": {"source": "knowledge/tmp.txt", "confidence": 0.8}, "score": 0.5421102046966553}, {"content": "He began doing housework to get his house in order and clean.", "metadata": {"source": "knowledge/tmp.txt", "confidence": 0.9}, "score": 1.1345151662826538}, {"content": "After the meal, there would be a messy plate.", "metadata": {"source": "knowledge/tmp.txt", "confidence": 0.8}, "score": 1.1834489107131958}, {"content": "A person typically takes a shower or bath to clean themselves when they feel dirty.", "metadata": {"source": "knowledge/tmp.txt", "confidence": 0.9}, "score": 1.2083910703659058}], "question": "Question:\nWhat could happen to you after you are cleaning house for a long time?\n\nCandidate Answers:\n1: neatness\n2: tiredness\n3: order\n4: exhaustion\n5: sneezing\n\n\nThere is only one correct option. Therefore, you must choose the answer that is most likely to be correct from all candidate answers.\nYour response should only contain the number of the chosen answer. Your response cannot contain any textual content.\n", "soft_refusal": false, "hard_refusal": false}