{"evidence": "Animals with malignant tumors may require treatment such as surgery, chemotherapy, or radiation therapy. In some cases, the tumors may be too advanced for treatment and the animals may unfortunately not survive.", "reason": "Based on the knowledge provided, animals with malignant tumors may not survive if the tumors are too advanced for treatment.", "answer": 3, "retrieved_documents": [{"content": "Animals with malignant tumors may require treatment such as surgery, chemotherapy, or radiation therapy. In some cases, the tumors may be too advanced for treatment and the animals may unfortunately not survive.", "metadata": {"source": "knowledge/tmp.txt", "confidence": 0.8}, "score": 0.5317865610122681}, {"content": "Pet birds likely live in a cage.", "metadata": {"source": "knowledge/tmp.txt", "confidence": 0.9}, "score": 1.3452787399291992}, {"content": "Dogs will love and protect their good owner.", "metadata": {"source": "knowledge/tmp.txt", "confidence": 0.9}, "score": 1.3475817441940308}, {"content": "A dog may have gone missing or run away before someone puts up posters of them.", "metadata": {"source": "knowledge/tmp.txt", "confidence": 0.8}, "score": 1.368986964225769}], "question": "Question:\nThe vet found malignant tumors on the animals, what is their likely fate?\n\nCandidate Answers:\n1: euthanasia\n2: pass water\n3: die of cancer\n4: feel pain\n5: feel pleasure\n\n\nThere is only one correct option. Therefore, you must choose the answer that is most likely to be correct from all candidate answers.\nYour response should only contain the number of the chosen answer. Your response cannot contain any textual content.\n", "soft_refusal": false, "hard_refusal": false}