{"evidence": "The brain is the thing that is agitated in your head when kissing.", "reason": "Based on the knowledge provided, it is stated that the brain is the thing that is agitated in your head when kissing.", "answer": 3, "retrieved_documents": [{"content": "The brain is the thing that is agitated in your head when kissing.", "metadata": {"source": "knowledge/tmp.txt", "confidence": 1.0}, "score": 0.3060145676136017}, {"content": "Kissing is normally an activity reserved for your romantic partner.", "metadata": {"source": "knowledge/tmp.txt", "confidence": 1.0}, "score": 1.0453121662139893}, {"content": "Kissing too long may lead to discomfort or fatigue in the lips and facial muscles, as well as an increased risk of passing germs or infections through saliva exchange.", "metadata": {"source": "knowledge/tmp.txt", "confidence": 0.8}, "score": 1.168838381767273}, {"content": "Going to bed with your spouse for sex leads to intimacy and physical connection.", "metadata": {"source": "knowledge/tmp.txt", "confidence": 0.8}, "score": 1.2851072549819946}], "question": "Question:\nWhat is the thing that is agitated in your head when kissing?\n\nCandidate Answers:\n1: sexual stimulation\n2: herpes\n3: headache\n4: catch cold\n5: happiness\n\n\nThere is only one correct option. Therefore, you must choose the answer that is most likely to be correct from all candidate answers.\nYour response should only contain the number of the chosen answer. Your response cannot contain any textual content.\n", "soft_refusal": false, "hard_refusal": false}