{"evidence": "A mountie might be in Toronto if he got off at a subway stop.", "reason": "Based on the knowledge that a mountie might be in Toronto if he got off at a subway stop, we can determine the city where the mountie might be.", "answer": 5, "retrieved_documents": [{"content": "A mountie might be in Toronto if he got off at a subway stop.", "metadata": {"source": "knowledge/tmp.txt", "confidence": 0.8}, "score": 0.38268178701400757}, {"content": "John lived in an unknown location.", "metadata": {"source": "knowledge/tmp.txt", "confidence": 0.0}, "score": 1.3444559574127197}, {"content": "A town between two mountains is located in a valley.", "metadata": {"source": "knowledge/tmp.txt", "confidence": 0.9}, "score": 1.354850172996521}, {"content": "The large area location of the empire state building is in New York City, USA", "metadata": {"source": "knowledge/tmp.txt", "confidence": 1.0}, "score": 1.3714393377304077}], "question": "Question:\nA mountie got off at a subway stop.  What city might he be in?\n\nCandidate Answers:\n1: urban area\n2: metropolis\n3: chicago\n4: new york city\n5: toronto\n\n\nThere is only one correct option. Therefore, you must choose the answer that is most likely to be correct from all candidate answers.\nYour response should only contain the number of the chosen answer. Your response cannot contain any textual content.\n", "soft_refusal": false, "hard_refusal": false}