{"evidence": "People are likely to feel happy, grateful, and surprised when an unexpected decent outcome occurs.", "reason": "Based on the knowledge that people feel happy and grateful when an unexpected decent outcome occurs, it is likely that they would thank god in this situation.", "answer": "2", "retrieved_documents": [{"content": "People are likely to feel happy, grateful, and surprised when an unexpected decent outcome occurs.", "metadata": {"source": "knowledge/tmp.txt", "confidence": 0.9}, "score": 0.40076079964637756}, {"content": "The hopeful result of going to see a play is to be entertained, inspired, or moved emotionally.", "metadata": {"source": "knowledge/tmp.txt", "confidence": 0.9}, "score": 1.1867151260375977}, {"content": "Surprising an angry person could lead to escalating the situation or causing them to react impulsively.", "metadata": {"source": "knowledge/tmp.txt", "confidence": 0.8}, "score": 1.1908138990402222}, {"content": "If someone laughs after surprising them they have a good sense of humor", "metadata": {"source": "knowledge/tmp.txt", "confidence": 0.9}, "score": 1.210448980331421}], "question": "Question:\nWhat are people likely to do when an unexpected decent outcome occurs?\n\nCandidate Answers:\n1: kill each other\n2: thank god\n3: experience pain\n4: hatred\n5: talk to each other\n\n\nThere is only one correct option. Therefore, you must choose the answer that is most likely to be correct from all candidate answers.\nYour response should only contain the number of the chosen answer. Your response cannot contain any textual content.\n", "soft_refusal": false, "hard_refusal": false}