{"evidence": "The terrace with Kanji written on it was made in Japan.", "reason": "Based on the knowledge that the terrace with Kanji written on it was made in Japan, we can conclude that the correct answer is most likely Japan.", "answer": 1, "retrieved_documents": [{"content": "The terrace with Kanji written on it was made in Japan.", "metadata": {"source": "knowledge/tmp.txt", "confidence": 0.8}, "score": 0.4161444902420044}, {"content": "Courtyards are a common feature in many homes in China.", "metadata": {"source": "knowledge/tmp.txt", "confidence": 0.8}, "score": 1.1603573560714722}, {"content": "A house outside the center of a community is said to be in a suburban area.", "metadata": {"source": "knowledge/tmp.txt", "confidence": 0.8}, "score": 1.2094249725341797}, {"content": "The architect might be designing a building or a structure with a mezzanine level.", "metadata": {"source": "knowledge/tmp.txt", "confidence": 0.8}, "score": 1.2555551528930664}], "question": "Question:\nThe terrace had Kanji written on it, indicating that it was made where?\n\nCandidate Answers:\n1: japan\n2: rice paddy\n3: garden\n4: michigan\n5: italy\n\n\nThere is only one correct option. Therefore, you must choose the answer that is most likely to be correct from all candidate answers.\nYour response should only contain the number of the chosen answer. Your response cannot contain any textual content.\n", "soft_refusal": false, "hard_refusal": false}