{"evidence": "The company used recycled cardboard as their packaging material.", "reason": "Based on the knowledge provided, the company used recycled cardboard as their packaging material.", "answer": 1, "retrieved_documents": [{"content": "The company used recycled cardboard as their packaging material.", "metadata": {"source": "knowledge/tmp.txt", "confidence": 0.9}, "score": 0.48031893372535706}, {"content": "A container can is typically put in the recycling bin after it is bought.", "metadata": {"source": "knowledge/tmp.txt", "confidence": 0.9}, "score": 1.1154154539108276}, {"content": "The pioneer was most likely looking for containers or boxes to store goods or supplies.", "metadata": {"source": "knowledge/tmp.txt", "confidence": 0.8}, "score": 1.2061340808868408}, {"content": "You can buy storage containers or boxes to put your spare unused things.", "metadata": {"source": "knowledge/tmp.txt", "confidence": 0.9}, "score": 1.2093690633773804}], "question": "Question:\nThe company sent off many purchases, they used recycled cardboard as their what?\n\nCandidate Answers:\n1: packaging materials\n2: recycle bin\n3: box factory\n4: warehouse\n5: bowler hats\n\n\nThere is only one correct option. Therefore, you must choose the answer that is most likely to be correct from all candidate answers.\nYour response should only contain the number of the chosen answer. Your response cannot contain any textual content.\n", "soft_refusal": false, "hard_refusal": false}