{"evidence": "The man gave assistance by offering money or other forms of help to the pan handler.", "reason": "The evidence clearly states that the man gave assistance by offering money or other forms of help to the pan handler.", "answer": 4, "retrieved_documents": [{"content": "The man gave assistance by offering money or other forms of help to the pan handler.", "metadata": {"source": "knowledge/tmp.txt", "confidence": 0.8}, "score": 0.3797626793384552}, {"content": "A human is likely to go to a place where they can find food, such as a restaurant, grocery store, or kitchen.", "metadata": {"source": "knowledge/tmp.txt", "confidence": 0.9}, "score": 1.1852439641952515}, {"content": "The man was likely catching draining motor oil in the garage or driveway at home.", "metadata": {"source": "knowledge/tmp.txt", "confidence": 0.8}, "score": 1.1881415843963623}, {"content": "To get out of there the person had to keep on walking.", "metadata": {"source": "knowledge/tmp.txt", "confidence": 1.0}, "score": 1.2173048257827759}], "question": "Question:\nThe man was giving assistance to a pan handler in the streets, how did he give assistance?\n\nCandidate Answers:\n1: feeling good\n2: killing\n3: law suits\n4: out of pocket\n5: feel loved\n\n\nThere is only one correct option. Therefore, you must choose the answer that is most likely to be correct from all candidate answers.\nYour response should only contain the number of the chosen answer. Your response cannot contain any textual content.\n", "soft_refusal": false, "hard_refusal": false}