{"evidence": "Parents are the caretakers of a child. Parenthood is the term used when two people in love have children.", "reason": "Based on the knowledge provided, it is clear that parents are the caretakers of a child.", "answer": 5, "retrieved_documents": [{"content": "Parents are the caretakers of a child.", "metadata": {"source": "knowledge/tmp.txt", "confidence": 1.0}, "score": 0.5680687427520752}, {"content": "Parenthood is the term used when two people in love have children.", "metadata": {"source": "knowledge/tmp.txt", "confidence": 0.9}, "score": 1.1263787746429443}, {"content": "An elderly person needing help performing daily tasks might call a caregiver, family member, or home care service provider.", "metadata": {"source": "knowledge/tmp.txt", "confidence": 0.9}, "score": 1.1527098417282104}, {"content": "Parents may tell a child to do chores, homework, play outside, spend time with family, or relax on the weekend.", "metadata": {"source": "knowledge/tmp.txt", "confidence": 0.8}, "score": 1.1772270202636719}], "question": "Question:\nWhat do you call the caretakers of a child?\n\nCandidate Answers:\n1: principal\n2: birth\n3: loving couple\n4: act of sex\n5: parents\n\n\nThere is only one correct option. Therefore, you must choose the answer that is most likely to be correct from all candidate answers.\nYour response should only contain the number of the chosen answer. Your response cannot contain any textual content.\n", "soft_refusal": false, "hard_refusal": false}