{"evidence": "When you illustrate a point, you want someone to understand or grasp the idea you are trying to convey.", "reason": "The evidence provided clearly states that when you illustrate a point, you want someone to understand the idea you are conveying.", "answer": 5, "retrieved_documents": [{"content": "When you illustrate a point, you want someone to understand or grasp the idea you are trying to convey.", "metadata": {"source": "knowledge/tmp.txt", "confidence": 0.9}, "score": 0.31602367758750916}, {"content": "Various methods such as speaking, typing on a keyboard, using sign language, or using technology like a smartphone or computer can be used to express information without a pen or pencil.", "metadata": {"source": "knowledge/tmp.txt", "confidence": 1.0}, "score": 1.163986086845398}, {"content": "After finishing creating art, someone might share it with others, display it in an exhibition, sell it, or keep it for themselves.", "metadata": {"source": "knowledge/tmp.txt", "confidence": 0.9}, "score": 1.190068006515503}, {"content": "A picture would be displayed on a horizontal surface such as a table or a desk.", "metadata": {"source": "knowledge/tmp.txt", "confidence": 1.0}, "score": 1.1903324127197266}], "question": "Question:\nWhat do you want someone to do when you illustrate point?\n\nCandidate Answers:\n1: did not understand\n2: accepting\n3: make clear\n4: understood\n5: understanding\n\n\nThere is only one correct option. Therefore, you must choose the answer that is most likely to be correct from all candidate answers.\nYour response should only contain the number of the chosen answer. Your response cannot contain any textual content.\n", "soft_refusal": false, "hard_refusal": false}