{"evidence": "Having a hangover is a common experience after awaking from a night of heavy drinking. Having a hangover is a common consequence of celebrating with too many cocktails.", "reason": "The evidence provided clearly states that having a hangover is a common experience after awaking from a night of heavy drinking or celebrating with too many cocktails.", "answer": 4, "retrieved_documents": [{"content": "Having a hangover is a common experience after awaking from a night of heavy drinking.", "metadata": {"source": "knowledge/tmp.txt", "confidence": 0.9}, "score": 0.5731618404388428}, {"content": "Having a hangover is a common consequence of celebrating with too many cocktails.", "metadata": {"source": "knowledge/tmp.txt", "confidence": 0.9}, "score": 0.8430997133255005}, {"content": "Partying all night can lead to feeling tired even when just beginning work.", "metadata": {"source": "knowledge/tmp.txt", "confidence": 0.8}, "score": 1.1317918300628662}, {"content": "Brad tried to arise from bed but he could not. Instead, he just continued to do what?", "metadata": {"source": "knowledge/tmp.txt", "confidence": 1.0}, "score": 1.1345534324645996}], "question": "Question:\nWhat may you have after awaking after a night of heavy drinking?\n\nCandidate Answers:\n1: get up\n2: discomfort\n3: discomfort\n4: headache\n5: shock\n\n\nThere is only one correct option. Therefore, you must choose the answer that is most likely to be correct from all candidate answers.\nYour response should only contain the number of the chosen answer. Your response cannot contain any textual content.\n", "soft_refusal": false, "hard_refusal": false}