{"evidence": "A typewriter uses a ribbon to put words on paper.", "reason": "Based on the knowledge that a typewriter uses a ribbon to put words on paper, we can determine the correct answer.", "answer": 5, "retrieved_documents": [{"content": "A typewriter uses a ribbon to put words on paper.", "metadata": {"source": "knowledge/tmp.txt", "confidence": 0.9}, "score": 0.5444582104682922}, {"content": "Papers are likely to be set on a desk or table while working on them.", "metadata": {"source": "knowledge/tmp.txt", "confidence": 0.9}, "score": 1.0036083459854126}, {"content": "A pen is filled with ink to write.", "metadata": {"source": "knowledge/tmp.txt", "confidence": 1.0}, "score": 1.0309239625930786}, {"content": "You can buy a finely crafted writing instrument at a high-end stationery store or a specialty pen shop.", "metadata": {"source": "knowledge/tmp.txt", "confidence": 0.8}, "score": 1.0775542259216309}], "question": "Question:\nWhat uses a ribbon to put words on paper?\n\nCandidate Answers:\n1: wrapping paper\n2: girl's hair\n3: bath\n4: floral arrangement\n5: typewriter\n\n\nThere is only one correct option. Therefore, you must choose the answer that is most likely to be correct from all candidate answers.\nYour response should only contain the number of the chosen answer. Your response cannot contain any textual content.\n", "soft_refusal": false, "hard_refusal": false}