{"evidence": "The knowledge base includes information about turning the fan on to make the room more comfortable and air conditioning being used to cool down a home when it feels too hot.", "reason": "Based on the knowledge that turning the fan on can make the room more comfortable, and air conditioners can be used to cool down a hot home, it is likely that turning the fan on would make the living room more comfortable.", "answer": 2, "retrieved_documents": [{"content": "Turning the fan on can make the room more comfortable.", "metadata": {"source": "knowledge/tmp.txt", "confidence": 0.9}, "score": 0.586803674697876}, {"content": "Air conditioners can be turned on to cool down a home when it feels too hot.", "metadata": {"source": "knowledge/tmp.txt", "confidence": 0.9}, "score": 0.8609638810157776}, {"content": "Air conditioning is likely to be installed in the living room or entertainment area where the man watches the game on Saturday.", "metadata": {"source": "knowledge/tmp.txt", "confidence": 0.8}, "score": 1.0164188146591187}, {"content": "One might be watching TV instead of doing something else because they find it entertaining, relaxing, or informative.", "metadata": {"source": "knowledge/tmp.txt", "confidence": 0.8}, "score": 1.1295206546783447}], "question": "Question:\nIf I was watching TV on the couch and the air was stuffy, I might turn the fan on to make the what more comfortable?\n\nCandidate Answers:\n1: hockey game\n2: living room\n3: bathroom\n4: football stadium\n5: hot room\n\n\nThere is only one correct option. Therefore, you must choose the answer that is most likely to be correct from all candidate answers.\nYour response should only contain the number of the chosen answer. Your response cannot contain any textual content.\n", "soft_refusal": false, "hard_refusal": false}