{"evidence": "Soap can be obtained from a grocery store, pharmacy, or online retailer. Unused soap is likely to be stored in a dry and cool place, such as a linen closet or a drawer.", "reason": "Based on the knowledge provided, soap can be obtained from a grocery store, pharmacy, or online retailer, and it is likely to be stored in a dry and cool place when unused.", "answer": 1, "retrieved_documents": [{"content": "Soap can be obtained from a grocery store, pharmacy, or online retailer.", "metadata": {"source": "knowledge/tmp.txt", "confidence": 0.9}, "score": 0.4779161810874939}, {"content": "Unused soap is likely to be stored in a dry and cool place, such as a linen closet or a drawer.", "metadata": {"source": "knowledge/tmp.txt", "confidence": 0.8}, "score": 0.9447619318962097}, {"content": "You may be in a neighborhood or local corner shop.", "metadata": {"source": "knowledge/tmp.txt", "confidence": 0.8}, "score": 1.1579474210739136}, {"content": "You would go to a clothing store or a department store.", "metadata": {"source": "knowledge/tmp.txt", "confidence": 1.0}, "score": 1.200165867805481}], "question": "Question:\nwhere is a good place to obtain new soap?\n\nCandidate Answers:\n1: supermarket\n2: washing\n3: cabinet\n4: own home\n5: sink\n\n\nThere is only one correct option. Therefore, you must choose the answer that is most likely to be correct from all candidate answers.\nYour response should only contain the number of the chosen answer. Your response cannot contain any textual content.\n", "soft_refusal": false, "hard_refusal": false}