{"evidence": "Professors primarily teach and conduct research in their respective fields of expertise.", "reason": "Based on the knowledge that professors primarily teach and conduct research in their respective fields of expertise, we can determine what professors primarily do.", "answer": 5, "retrieved_documents": [{"content": "Professors work with students, colleagues, researchers, and academic institutions.", "metadata": {"source": "knowledge/tmp.txt", "confidence": 0.9}, "score": 0.4642617106437683}, {"content": "Professors primarily teach and conduct research in their respective fields of expertise.", "metadata": {"source": "knowledge/tmp.txt", "confidence": 0.9}, "score": 0.5066624283790588}, {"content": "You would sit in a classroom or study area while working toward an advanced degree.", "metadata": {"source": "knowledge/tmp.txt", "confidence": 0.9}, "score": 1.1728752851486206}, {"content": "A person will typically perform tasks related to their job responsibilities, collaborate with colleagues, attend meetings, communicate with clients or customers, and contribute to the overall goals of the organization.", "metadata": {"source": "knowledge/tmp.txt", "confidence": 0.9}, "score": 1.2596476078033447}], "question": "Question:\nWhat do professors primarily do?\n\nCandidate Answers:\n1: master physics\n2: state facts\n3: wear wrinkled tweed jackets\n4: school students\n5: teach courses\n\n\nThere is only one correct option. Therefore, you must choose the answer that is most likely to be correct from all candidate answers.\nYour response should only contain the number of the chosen answer. Your response cannot contain any textual content.\n", "soft_refusal": false, "hard_refusal": false}