{"evidence": "The knowledge base includes the fact that 'Bowling alley is where you throw a ball at pins.'", "reason": "Based on the knowledge provided, the only place mentioned where you throw a ball at pins is a bowling alley.", "answer": 1, "retrieved_documents": [{"content": "Bowling alley is where you throw a ball at pins.", "metadata": {"source": "knowledge/tmp.txt", "confidence": 0.9}, "score": 0.7113809585571289}, {"content": "The pitcher was located on the pitcher's mound.", "metadata": {"source": "knowledge/tmp.txt", "confidence": 1.0}, "score": 1.186842679977417}, {"content": "When playing ball, the main objective is to score points or goals depending on the sport.", "metadata": {"source": "knowledge/tmp.txt", "confidence": 0.8}, "score": 1.2011544704437256}, {"content": "A projectile ball can't hit anything if it isn't in motion or movement.", "metadata": {"source": "knowledge/tmp.txt", "confidence": 0.8}, "score": 1.2456721067428589}], "question": "Question:\nWhere do you throw a ball at pins?\n\nCandidate Answers:\n1: bowling alley\n2: football stadium\n3: soccer field\n4: sporting event\n5: sporting goods store\n\n\nThere is only one correct option. Therefore, you must choose the answer that is most likely to be correct from all candidate answers.\nYour response should only contain the number of the chosen answer. Your response cannot contain any textual content.\n", "soft_refusal": false, "hard_refusal": true}