{"evidence": "Cleaning supplies such as a mop, broom, vacuum cleaner, cleaning solutions, and sponges are needed for cleaning. A vacuum cleaner probably has a lot of dust in the back. James needed to clean out dirt. Ceiling fan blades might be the hardest to dust.", "reason": "Based on the knowledge provided, it is clear that cleaning supplies like a mop, broom, vacuum cleaner, cleaning solutions, and sponges are needed for cleaning.", "answer": null, "retrieved_documents": [{"content": "Cleaning supplies such as a mop, broom, vacuum cleaner, cleaning solutions, and sponges are needed for cleaning.", "metadata": {"source": "knowledge/tmp.txt", "confidence": 0.9}, "score": 0.6276043653488159}, {"content": "A vacuum cleaner probably has a lot of dust in the back.", "metadata": {"source": "knowledge/tmp.txt", "confidence": 0.8}, "score": 0.9578651189804077}, {"content": "James needed to clean out dirt.", "metadata": {"source": "knowledge/tmp.txt", "confidence": 1.0}, "score": 1.022986650466919}, {"content": "Ceiling fan blades might be the hardest to dust.", "metadata": {"source": "knowledge/tmp.txt", "confidence": 0.8}, "score": 1.0838042497634888}], "question": "Question:\nWhat might you need to do cleaning?\n\nCandidate Answers:\n1: sing a song\n2: neatness\n3: allergies\n4: healthy living\n5: using water\n\n\nThere is only one correct option. Therefore, you must choose the answer that is most likely to be correct from all candidate answers.\nYour response should only contain the number of the chosen answer. Your response cannot contain any textual content.\n", "soft_refusal": false, "hard_refusal": false}