{"evidence": "Sally was feeling impatient. A person would be in a queue or line when having to wait their turn. They had been standing in queue for a long time. Sally was bored because she didn't like the junk that was on the TV.", "reason": "Based on the evidence provided, Sally was feeling impatient and bored while standing in the slow-moving queue.", "answer": 1, "retrieved_documents": [{"content": "Sally was feeling impatient.", "metadata": {"source": "knowledge/tmp.txt", "confidence": 0.8}, "score": 0.5918861627578735}, {"content": "A person would be in a queue or line when having to wait their turn.", "metadata": {"source": "knowledge/tmp.txt", "confidence": 1.0}, "score": 0.9453510642051697}, {"content": "They had been standing in queue for a long time.", "metadata": {"source": "knowledge/tmp.txt", "confidence": 0.9}, "score": 0.9575878977775574}, {"content": "Sally was bored because she didn't like the junk that was on the TV.", "metadata": {"source": "knowledge/tmp.txt", "confidence": 0.8}, "score": 1.087493896484375}], "question": "Question:\nSally was standing in queue.  The line was very, very slow.  What was she feeling?\n\nCandidate Answers:\n1: frustration\n2: delays\n3: being annoyed\n4: moving forward\n5: progress\n\n\nThere is only one correct option. Therefore, you must choose the answer that is most likely to be correct from all candidate answers.\nYour response should only contain the number of the chosen answer. Your response cannot contain any textual content.\n", "soft_refusal": false, "hard_refusal": false}