{"evidence": "A newspaper likely shows up in the driveway every morning if a house has a subscription.", "reason": "Based on the knowledge that a newspaper shows up in the driveway every morning if a house has a subscription, the likely item to show up in the driveway every morning is a newspaper.", "answer": 2, "retrieved_documents": [{"content": "A newspaper likely shows up in the driveway every morning if a house has a subscription.", "metadata": {"source": "knowledge/tmp.txt", "confidence": 0.8}, "score": 0.456371009349823}, {"content": "A doormat is likely to be in front of a door.", "metadata": {"source": "knowledge/tmp.txt", "confidence": 1.0}, "score": 1.1984479427337646}, {"content": "A car-less person might listen to talk radio at home, using a radio, computer, or smartphone.", "metadata": {"source": "knowledge/tmp.txt", "confidence": 0.9}, "score": 1.1988940238952637}, {"content": "A small building or house usually does not have an elevator and sometimes has a telephone book.", "metadata": {"source": "knowledge/tmp.txt", "confidence": 0.8}, "score": 1.2540676593780518}], "question": "Question:\nIf a house has a subscription, what likely shows up in the driveway every morning?\n\nCandidate Answers:\n1: subdivision\n2: newspaper\n3: street\n4: laundry mat\n5: surface of earth\n\n\nThere is only one correct option. Therefore, you must choose the answer that is most likely to be correct from all candidate answers.\nYour response should only contain the number of the chosen answer. Your response cannot contain any textual content.\n", "soft_refusal": false, "hard_refusal": false}