{"evidence": "A person typically takes a shower or bath to clean themselves when they feel dirty.", "reason": "Based on the knowledge provided, it is clear that when a person feels dirty, they typically take a shower or bath to clean themselves.", "answer": 3, "retrieved_documents": [{"content": "A person typically takes a shower or bath to clean themselves when they feel dirty.", "metadata": {"source": "knowledge/tmp.txt", "confidence": 0.9}, "score": 0.6703937649726868}, {"content": "Believing in the importance of cleanliness and hygiene", "metadata": {"source": "knowledge/tmp.txt", "confidence": 0.8}, "score": 1.1149356365203857}, {"content": "To get clean clothes, you need to wash them.", "metadata": {"source": "knowledge/tmp.txt", "confidence": 1.0}, "score": 1.1422995328903198}, {"content": "The smelly man is pursuing personal hygiene or cleanliness.", "metadata": {"source": "knowledge/tmp.txt", "confidence": 0.9}, "score": 1.1698130369186401}], "question": "Question:\nWhat does a person do when they feel dirty?\n\nCandidate Answers:\n1: feel lucky\n2: cross street\n3: wash themselves\n4: eat\n5: wonder what happened\n\n\nThere is only one correct option. Therefore, you must choose the answer that is most likely to be correct from all candidate answers.\nYour response should only contain the number of the chosen answer. Your response cannot contain any textual content.\n", "soft_refusal": false, "hard_refusal": false}