{"evidence": "To stay healthy, a person can maintain a balanced diet, exercise regularly, get enough sleep, stay hydrated, manage stress, and avoid harmful substances like tobacco and excessive alcohol.", "reason": "The evidence provided clearly outlines the actions a person can take to stay healthy.", "answer": 2, "retrieved_documents": [{"content": "To stay healthy, a person can maintain a balanced diet, exercise regularly, get enough sleep, stay hydrated, manage stress, and avoid harmful substances like tobacco and excessive alcohol.", "metadata": {"source": "knowledge/tmp.txt", "confidence": 0.9}, "score": 0.3795180022716522}, {"content": "Children require a balanced diet, regular exercise, adequate sleep, and a safe and nurturing environment to grow up healthy.", "metadata": {"source": "knowledge/tmp.txt", "confidence": 0.9}, "score": 0.9450750350952148}, {"content": "Getting in shape typically requires a combination of regular exercise, a balanced diet, and adequate rest.", "metadata": {"source": "knowledge/tmp.txt", "confidence": 0.9}, "score": 1.0329055786132812}, {"content": "It is recommended to start the day with a healthy breakfast, some light exercise, and setting goals for the day.", "metadata": {"source": "knowledge/tmp.txt", "confidence": 0.8}, "score": 1.1024184226989746}], "question": "Question:\nwhat does a person do to stay healthy?\n\nCandidate Answers:\n1: fever\n2: eat every day\n3: excited\n4: headache\n5: expressive\n\n\nThere is only one correct option. Therefore, you must choose the answer that is most likely to be correct from all candidate answers.\nYour response should only contain the number of the chosen answer. Your response cannot contain any textual content.\n", "soft_refusal": false, "hard_refusal": false}