{"evidence": "You can keep the letter opener on your desk or in a drawer where it is easily accessible.", "reason": "Based on the knowledge provided, the letter opener can be kept on the desk or in a drawer for easy access when needed soon.", "answer": 3, "retrieved_documents": [{"content": "You can keep the letter opener on your desk or in a drawer where it is easily accessible.", "metadata": {"source": "knowledge/tmp.txt", "confidence": 0.8}, "score": 0.3778643310070038}, {"content": "The stapler could be in the drawer, on the desk, or in the stationery cupboard.", "metadata": {"source": "knowledge/tmp.txt", "confidence": 0.8}, "score": 1.015568733215332}, {"content": "A ballpoint pen is typically kept in a pen holder, desk organizer, or drawer when not in use.", "metadata": {"source": "knowledge/tmp.txt", "confidence": 0.9}, "score": 1.1159530878067017}, {"content": "A slot effectively made a mailbox of the door.", "metadata": {"source": "knowledge/tmp.txt", "confidence": 0.8}, "score": 1.1254675388336182}], "question": "Question:\nWhere can you keep letter opener when it likely to be needed soon?\n\nCandidate Answers:\n1: office supply store\n2: stationery store\n3: dek\n4: martyr's chest\n5: refrigerator\n\n\nThere is only one correct option. Therefore, you must choose the answer that is most likely to be correct from all candidate answers.\nYour response should only contain the number of the chosen answer. Your response cannot contain any textual content.\n", "soft_refusal": false, "hard_refusal": false}