{"evidence": "The place might be a hotel or a rental property. A large dining room containing a fancy chandelier is typically found in a luxury hotel or a high-end restaurant.", "reason": "Based on the evidence provided, the place described in the question is likely to be a luxury hotel.", "answer": 5, "retrieved_documents": [{"content": "The place might be a hotel or a rental property.", "metadata": {"source": "knowledge/tmp.txt", "confidence": 0.7}, "score": 0.9930979609489441}, {"content": "The business with stained carpets from sauces and ketchup is likely a fast food restaurant.", "metadata": {"source": "knowledge/tmp.txt", "confidence": 0.8}, "score": 0.9932754635810852}, {"content": "The location of the smelly carpet installation is not specified.", "metadata": {"source": "knowledge/tmp.txt", "confidence": 0.2}, "score": 1.023978352546692}, {"content": "A large dining room containing a fancy chandelier is typically found in a luxury hotel or a high-end restaurant.", "metadata": {"source": "knowledge/tmp.txt", "confidence": 0.8}, "score": 1.0359244346618652}], "question": "Question:\nDanny found that the carpet did not ,match the drapes, which was disappointing, because this place was expensive.  But it was the only place in town that wasn't booked solid for the week and he needed it while he was in town, so he couldn't complain.   Where might this place be?\n\nCandidate Answers:\n1: brothel\n2: restaurant\n3: building\n4: bowling alley\n5: at hotel\n\n\nThere is only one correct option. Therefore, you must choose the answer that is most likely to be correct from all candidate answers.\nYour response should only contain the number of the chosen answer. Your response cannot contain any textual content.\n", "soft_refusal": false, "hard_refusal": true}