{"evidence": "Having too much greed may make you unable to be content or satisfied with what you have.", "reason": "The evidence provided indicates that having too much greed may prevent someone from being content or satisfied.", "answer": 1, "retrieved_documents": [{"content": "Having too much greed may make you unable to be content or satisfied with what you have.", "metadata": {"source": "knowledge/tmp.txt", "confidence": 0.8}, "score": 0.40382006764411926}, {"content": "You would be going fishing to catch fish to eat and satisfy your hunger.", "metadata": {"source": "knowledge/tmp.txt", "confidence": 0.9}, "score": 1.260141372680664}, {"content": "Not saving money and only spending on buying can lead to financial difficulties in the future or make it hard to cover unexpected expenses.", "metadata": {"source": "knowledge/tmp.txt", "confidence": 0.8}, "score": 1.2835805416107178}, {"content": "Buying products in excess can lead to accumulation of unnecessary items, wastage of money, and potential clutter.", "metadata": {"source": "knowledge/tmp.txt", "confidence": 0.8}, "score": 1.2906585931777954}], "question": "Question:\nWhat would you be unable to do if you have too much greed?\n\nCandidate Answers:\n1: keep things\n2: make friends\n3: play poker\n4: conquer opponent\n5: lie\n\n\nThere is only one correct option. Therefore, you must choose the answer that is most likely to be correct from all candidate answers.\nYour response should only contain the number of the chosen answer. Your response cannot contain any textual content.\n", "soft_refusal": false, "hard_refusal": false}