{"evidence": "People need to set clear goals, take action, and be willing to make changes in their habits and mindset to change their lives.", "reason": "The evidence clearly states the steps that people need to take in order to change their lives.", "answer": 2, "retrieved_documents": [{"content": "To change their lives, people need to set clear goals, take action, and be willing to make changes in their habits and mindset.", "metadata": {"source": "knowledge/tmp.txt", "confidence": 0.8}, "score": 0.36964625120162964}, {"content": "People aim to earn a living, pursue their passions, gain personal fulfillment, and contribute to society.", "metadata": {"source": "knowledge/tmp.txt", "confidence": 0.9}, "score": 0.9957833886146545}, {"content": "To try doing things differently", "metadata": {"source": "knowledge/tmp.txt", "confidence": 0.9}, "score": 1.0639235973358154}, {"content": "People may stop caring about their problems due to feeling overwhelmed, lack of support, or feeling hopeless.", "metadata": {"source": "knowledge/tmp.txt", "confidence": 0.8}, "score": 1.1249853372573853}], "question": "Question:\nWhat do people need to do to change their lives?\n\nCandidate Answers:\n1: face problems\n2: better themselves\n3: pay bills\n4: become disillusioned\n5: eat chicken\n\n\nThere is only one correct option. Therefore, you must choose the answer that is most likely to be correct from all candidate answers.\nYour response should only contain the number of the chosen answer. Your response cannot contain any textual content.\n", "soft_refusal": false, "hard_refusal": false}