{"evidence": "Humans usually find shelter in homes, buildings, or other structures. A person could live in a remote or isolated area such as a cabin in the woods, a desert, or a private island. People live in various places such as houses, apartments, villages, towns, and cities.", "reason": "Based on the knowledge provided, humans usually find shelter in homes, buildings, or other structures, as well as in remote or isolated areas like cabins in the woods, deserts, or private islands.", "answer": 2, "retrieved_documents": [{"content": "Humans usually find shelter in homes, buildings, or other structures.", "metadata": {"source": "knowledge/tmp.txt", "confidence": 0.9}, "score": 0.3648064434528351}, {"content": "A person could live in a remote or isolated area such as a cabin in the woods, a desert, or a private island.", "metadata": {"source": "knowledge/tmp.txt", "confidence": 0.8}, "score": 1.0314172506332397}, {"content": "People live in various places such as houses, apartments, villages, towns, and cities.", "metadata": {"source": "knowledge/tmp.txt", "confidence": 0.9}, "score": 1.1351747512817383}, {"content": "Conditions in homeless shelters can vary widely depending on the location and organization running the shelter. Some may provide basic necessities like a bed, meals, and hygiene facilities, while others offer additional services such as counseling, job training, and healthcare. However, overcrowding, lack of privacy, and safety concerns are common issues in many shelters.", "metadata": {"source": "knowledge/tmp.txt", "confidence": 0.7}, "score": 1.1396602392196655}], "question": "Question:\nHumans need shelter to survive.  They usually find shelter where?\n\nCandidate Answers:\n1: underpass\n2: homes\n3: workplace\n4: school\n5: space shuttle\n\n\nThere is only one correct option. Therefore, you must choose the answer that is most likely to be correct from all candidate answers.\nYour response should only contain the number of the chosen answer. Your response cannot contain any textual content.\n", "soft_refusal": false, "hard_refusal": false}