{"evidence": "The water in clouds turns into ice crystals when it gets cold. A snowflake forms in a cloud when water vapor condenses and freezes around a dust particle.", "reason": "Based on the knowledge provided, water in clouds turns into ice crystals when it gets cold, which is the process of snowflake formation.", "answer": 2, "retrieved_documents": [{"content": "The water in clouds turns into ice crystals when it gets cold.", "metadata": {"source": "knowledge/tmp.txt", "confidence": 0.9}, "score": 0.37395063042640686}, {"content": "Clouds float in the atmosphere, which is a mixture of gases primarily composed of nitrogen and oxygen.", "metadata": {"source": "knowledge/tmp.txt", "confidence": 0.9}, "score": 0.6683881282806396}, {"content": "A snowflake forms in a cloud when water vapor condenses and freezes around a dust particle.", "metadata": {"source": "knowledge/tmp.txt", "confidence": 0.9}, "score": 0.7903100252151489}, {"content": "The sky usually darkens and clouds form before rain.", "metadata": {"source": "knowledge/tmp.txt", "confidence": 0.9}, "score": 0.933599054813385}], "question": "Question:\nThe water in clouds turn in to what when it gets cold?\n\nCandidate Answers:\n1: typhoon\n2: snowflake\n3: laddle\n4: teardrops\n5: sink\n\n\nThere is only one correct option. Therefore, you must choose the answer that is most likely to be correct from all candidate answers.\nYour response should only contain the number of the chosen answer. Your response cannot contain any textual content.\n", "soft_refusal": false, "hard_refusal": false}