{"evidence": "Louisiana is known for having many swamps. Louisiana is part of the Southern United States.", "reason": "Based on the knowledge that Louisiana is known for having many swamps and is part of the Southern United States, it can be inferred that the southern U.S. state known for having many swamps is Louisiana.", "answer": 4, "retrieved_documents": [{"content": "Louisiana is known for having many swamps.", "metadata": {"source": "knowledge/tmp.txt", "confidence": 0.9}, "score": 0.5377531051635742}, {"content": "Louisiana is part of the Southern United States.", "metadata": {"source": "knowledge/tmp.txt", "confidence": 0.9}, "score": 0.8473573327064514}, {"content": "Texas is known for having some of the most famous BBQ steakhouses in America.", "metadata": {"source": "knowledge/tmp.txt", "confidence": 0.8}, "score": 1.1789222955703735}, {"content": "Michigan is commonly referred to as the 'glove-shaped state' due to its shape resembling a mitten or glove.", "metadata": {"source": "knowledge/tmp.txt", "confidence": 0.9}, "score": 1.1982733011245728}], "question": "Question:\nWhat southern U.S. state is know for having many swamps?\n\nCandidate Answers:\n1: wetlands\n2: new york\n3: michigan\n4: louisiana\n5: river delta\n\n\nThere is only one correct option. Therefore, you must choose the answer that is most likely to be correct from all candidate answers.\nYour response should only contain the number of the chosen answer. Your response cannot contain any textual content.\n", "soft_refusal": false, "hard_refusal": false}