{"evidence": "He stayed in a hotel after arriving from the farm. He wanted lodging in the actual inn, so that he was already where he needed to be.", "reason": "Based on the evidence provided, it is clear that he stayed in a hotel after arriving from the farm.", "answer": 1, "retrieved_documents": [{"content": "He stayed in a hotel after arriving from the farm.", "metadata": {"source": "knowledge/tmp.txt", "confidence": 1.0}, "score": 0.5568460822105408}, {"content": "He wanted lodging in the actual inn, so that he was already where he needed to be.", "metadata": {"source": "knowledge/tmp.txt", "confidence": 0.8}, "score": 0.8257849812507629}, {"content": "John lived in an unknown location.", "metadata": {"source": "knowledge/tmp.txt", "confidence": 0.0}, "score": 1.0402778387069702}, {"content": "James might have gone to a high-end hotel or restaurant where he could use their facilities for a fee.", "metadata": {"source": "knowledge/tmp.txt", "confidence": 0.8}, "score": 1.057131052017212}], "question": "Question:\nIt was a long trip from the farm, so he stayed in a hotel when he arrived at the what?\n\nCandidate Answers:\n1: bed away from home\n2: wwii bunker\n3: resort\n4: las vegas\n5: city\n\n\nThere is only one correct option. Therefore, you must choose the answer that is most likely to be correct from all candidate answers.\nYour response should only contain the number of the chosen answer. Your response cannot contain any textual content.\n", "soft_refusal": false, "hard_refusal": false}