{"evidence": "Weightlifting is a form of anaerobic exercising.", "reason": "Based on the knowledge that weightlifting is a form of anaerobic exercising, we can determine the correct answer.", "answer": 2, "retrieved_documents": [{"content": "Weightlifting is a form of anaerobic exercising.", "metadata": {"source": "knowledge/tmp.txt", "confidence": 0.9}, "score": 0.47245463728904724}, {"content": "The main benefit of exercising is improved physical health, including increased strength, endurance, and flexibility, as well as reduced risk of chronic diseases such as heart disease and diabetes.", "metadata": {"source": "knowledge/tmp.txt", "confidence": 0.9}, "score": 1.1623623371124268}, {"content": "Performing is a type of action or activity.", "metadata": {"source": "knowledge/tmp.txt", "confidence": 0.9}, "score": 1.1637763977050781}, {"content": "Getting in shape typically requires a combination of regular exercise, a balanced diet, and adequate rest.", "metadata": {"source": "knowledge/tmp.txt", "confidence": 0.9}, "score": 1.1716854572296143}], "question": "Question:\nWhat is a form of anaerobic exercising?\n\nCandidate Answers:\n1: shortness of breath\n2: lift weights\n3: error\n4: fall down\n5: run\n\n\nThere is only one correct option. Therefore, you must choose the answer that is most likely to be correct from all candidate answers.\nYour response should only contain the number of the chosen answer. Your response cannot contain any textual content.\n", "soft_refusal": false, "hard_refusal": false}