{"evidence": "The earth is one planet in the solar system. A planet usually moves around the sun in an elliptical orbit. The first place someone leaving the planet ends up is in space. From space, Billy would have seen the Earth as a beautiful blue planet with white clouds and continents visible.", "reason": "The knowledge base clearly states that the Earth is one planet in the solar system, so the correct answer is directly provided.", "answer": 3, "retrieved_documents": [{"content": "The earth is one planet in the solar system.", "metadata": {"source": "knowledge/tmp.txt", "confidence": 1.0}, "score": 0.4295453131198883}, {"content": "A planet usually moves around the sun in an elliptical orbit.", "metadata": {"source": "knowledge/tmp.txt", "confidence": 0.9}, "score": 1.0180870294570923}, {"content": "The first place someone leaving the planet ends up is in space.", "metadata": {"source": "knowledge/tmp.txt", "confidence": 1.0}, "score": 1.1270924806594849}, {"content": "From space, Billy would have seen the Earth as a beautiful blue planet with white clouds and continents visible.", "metadata": {"source": "knowledge/tmp.txt", "confidence": 0.9}, "score": 1.2430038452148438}], "question": "Question:\nThe earth is one planet in what?\n\nCandidate Answers:\n1: tree\n2: orbit\n3: solar system\n4: fotograph\n5: dreams\n\n\nThere is only one correct option. Therefore, you must choose the answer that is most likely to be correct from all candidate answers.\nYour response should only contain the number of the chosen answer. Your response cannot contain any textual content.\n", "soft_refusal": false, "hard_refusal": false}