{"evidence": "Seeing new presents at a birthday party could make the person feel excited, happy, or surprised.", "reason": "Based on the knowledge provided, seeing new presents at a birthday party is likely to evoke positive emotions such as excitement, happiness, or surprise.", "answer": 5, "retrieved_documents": [{"content": "Seeing new presents at a birthday party could make the person feel excited, happy, or surprised.", "metadata": {"source": "knowledge/tmp.txt", "confidence": 0.8}, "score": 0.4364836812019348}, {"content": "Buying presents for others can create feelings of joy, happiness, and generosity.", "metadata": {"source": "knowledge/tmp.txt", "confidence": 0.9}, "score": 1.10940420627594}, {"content": "When going to a party in a new town, you are hoping to make new friends.", "metadata": {"source": "knowledge/tmp.txt", "confidence": 0.9}, "score": 1.2770967483520508}, {"content": "Surprising an angry person could lead to escalating the situation or causing them to react impulsively.", "metadata": {"source": "knowledge/tmp.txt", "confidence": 0.8}, "score": 1.314058542251587}], "question": "Question:\nWhat could happen if someone is seeing new presents at a birthday party?\n\nCandidate Answers:\n1: envy\n2: jealousy\n3: education\n4: fear\n5: excitement\n\n\nThere is only one correct option. Therefore, you must choose the answer that is most likely to be correct from all candidate answers.\nYour response should only contain the number of the chosen answer. Your response cannot contain any textual content.\n", "soft_refusal": false, "hard_refusal": false}