{"evidence": "Joe's cat might have jumped into a hot oven or stove.", "reason": "Based on the evidence provided, it is likely that Joe's cat jumped into a hot oven or stove.", "answer": 3, "retrieved_documents": [{"content": "Joe's cat might have jumped into a hot oven or stove.", "metadata": {"source": "knowledge/tmp.txt", "confidence": 0.7}, "score": 0.5471086502075195}, {"content": "Joe might have found spiders while checking the garden or the exterior of a building.", "metadata": {"source": "knowledge/tmp.txt", "confidence": 0.8}, "score": 1.041131615638733}, {"content": "Joe, being a squirrel, probably lives in a forest or wooded area.", "metadata": {"source": "knowledge/tmp.txt", "confidence": 0.8}, "score": 1.046568751335144}, {"content": "The person in the cat's actions are unclear due to a typographical error or confusion in the sentence.", "metadata": {"source": "knowledge/tmp.txt", "confidence": 0.7}, "score": 1.089088797569275}], "question": "Question:\nJoe's cat smelled something delicious and jumped into this, causing him to panic and fear for its life. Where might it have jumped?\n\nCandidate Answers:\n1: meat loaf\n2: bedroom\n3: microwave\n4: living room\n5: floor\n\n\nThere is only one correct option. Therefore, you must choose the answer that is most likely to be correct from all candidate answers.\nYour response should only contain the number of the chosen answer. Your response cannot contain any textual content.\n", "soft_refusal": false, "hard_refusal": true}