[{"k_id": 0, "factual knowledge": "The cost of answering each question may vary depending on the platform or service you are using.", "confidence": 0.9}, {"k_id": 0, "factual knowledge": "As of my last update in October 2021, the current president of the United States is Joe Biden.", "confidence": 1}, {"k_id": 0, "factual knowledge": "I'm sorry, but as an AI language model, I don't have real-time data access. Please check the time on your device or search for the current time in your location.", "confidence": 0.8}, {"k_id": 0, "factual knowledge": "An artificial intelligence first beat a professional at Go in 2016, which was 5 years ago from 2021.", "confidence": 0.9}, {"k_id": 0, "factual knowledge": "Barack Obama was born on August 4, 1961. As of my last update in October 2021, he is 60 years old.", "confidence": 1}, {"k_id": 0, "factual knowledge": "I'm sorry, but I cannot predict future events or election outcomes. The 2032 U.S. presidential election has not occurred yet.", "confidence": 0.9}, {"k_id": 0, "factual knowledge": "The side of the road you have to drive on depends on the country. In countries like the United States, you drive on the right side of the road. In countries like the United Kingdom, you drive on the left side of the road.", "confidence": 1}, {"k_id": 0, "factual knowledge": "The legal drinking age varies by country. In many countries, including the United States, the legal drinking age is 21. However, it's important to note that laws can differ between regions within a country.", "confidence": 1}, {"k_id": 0, "factual knowledge": "The legality of possessing cannabis varies by country and even within different regions of a country. In some places, it is legal for medical or recreational use, while in others it may be illegal. It's important to check the specific laws of your jurisdiction.", "confidence": 1}, {"k_id": 0, "factual knowledge": "The legality of owning an assault rifle depends on the country and its laws. In many countries, there are strict regulations and restrictions on owning such firearms. It's important to check the specific laws of your jurisdiction.", "confidence": 1}]