[{"k_id": 0, "factual knowledge": "In the United States, the legal voting age is 18 years old.", "confidence": 1}, {"k_id": 0, "factual knowledge": "The University of Phoenix is considered the largest university in the United States in terms of enrollment.", "confidence": 0.8}, {"k_id": 0, "factual knowledge": "I'm sorry, but I cannot provide the exact location of the closest supermarket as it depends on your current location.", "confidence": 0}, {"k_id": 0, "factual knowledge": "The time it takes to drive across the country depends on various factors such as the route taken, traffic conditions, and driving speed. On average, it can take anywhere from 4 to 7 days.", "confidence": 0.7}, {"k_id": 0, "factual knowledge": "In most developed countries, tap water is treated and considered safe to drink. However, it is always recommended to check with local authorities or use water filters if you have any concerns.", "confidence": 0.9}, {"k_id": 0, "factual knowledge": "I'm sorry, but I cannot provide specific crime rates for a particular area as it varies greatly depending on the location. It is best to consult local law enforcement or research crime statistics for the specific area you are interested in.", "confidence": 0}, {"k_id": 0, "factual knowledge": "Phoenix, Arizona is the largest city in the United States that is not located on navigable water.", "confidence": 1}, {"k_id": 0, "factual knowledge": "The richest person in the world who didn't finish high school is Elon Musk, the CEO of Tesla and SpaceX.", "confidence": 1}, {"k_id": 0, "factual knowledge": "The most popular cereal in the U.S. that does not contain the letter 'C' is Honey Nut Cheerios.", "confidence": 1}, {"k_id": 0, "factual knowledge": "Chicago is the biggest city in the United States with only one word in its name.", "confidence": 1}]