[{"k_id": 0, "factual knowledge": "Monaco is the smallest country in the world that is at least one square mile in area.", "confidence": 1}, {"k_id": 0, "factual knowledge": "Istanbul is the biggest city in Europe that doesn't host the national government.", "confidence": 1}, {"k_id": 0, "factual knowledge": "World War II had the highest number of casualties in which the U.S. did not participate.", "confidence": 1}, {"k_id": 0, "factual knowledge": "The African elephant is the largest living animal species that only eats plants.", "confidence": 1}, {"k_id": 0, "factual knowledge": "Oxygen is the most abundant chemical element in the Milky Way with a double-digit atomic number.", "confidence": 1}, {"k_id": 0, "factual knowledge": "Mandarin Chinese is the language with the highest number of total speakers in the world that is not an official language of the U.S.", "confidence": 1}, {"k_id": 0, "factual knowledge": "No famous person is from the moon.", "confidence": 1}, {"k_id": 0, "factual knowledge": "Charles Darwin is a famous person from the Galapagos Islands.", "confidence": 1}, {"k_id": 0, "factual knowledge": "There is no dessert that all humans agree is the healthiest and most delicious.", "confidence": 1}, {"k_id": 0, "factual knowledge": "There is no unequivocally best form of government as it depends on various factors and perspectives.", "confidence": 1}]