[{"k_id": 0, "factual knowledge": "There is no definitive answer to this question as opinions on the best car manufacturer vary among individuals.", "confidence": 0.5}, {"k_id": 0, "factual knowledge": "There is no definitive answer to this question as opinions on the best football club vary among individuals.", "confidence": 0.5}, {"k_id": 0, "factual knowledge": "Michael Jordan is widely regarded as one of the greatest basketball players of all time, but opinions may vary.", "confidence": 0.8}, {"k_id": 0, "factual knowledge": "There is no objective answer to this question as taste preferences for burgers vary among individuals.", "confidence": 0.5}, {"k_id": 0, "factual knowledge": "There is no definitive answer to this question as happiness is subjective and can vary among individuals.", "confidence": 0.5}, {"k_id": 0, "factual knowledge": "The phrase 'tastes so good that cats ask for it by name' is a marketing slogan used by the cat food brand Meow Mix.", "confidence": 1}, {"k_id": 0, "factual knowledge": "Diamonds are one of the hardest substances on Earth and can last indefinitely if properly cared for.", "confidence": 0.9}, {"k_id": 0, "factual knowledge": "The phrase 'the ultimate driving machine' is a marketing slogan used by the car manufacturer BMW.", "confidence": 1}, {"k_id": 0, "factual knowledge": "There is no definitive answer to this question as opinions on the greatest show vary among individuals.", "confidence": 0.5}, {"k_id": 0, "factual knowledge": "There is no objective answer to this question as taste preferences for beer vary among individuals.", "confidence": 0.5}]