[{"k_id": 0, "factual knowledge": "The world's favourite airline is subjective and can vary depending on individual preferences and experiences.", "confidence": 0.8}, {"k_id": 0, "factual knowledge": "Drinking Red Bull can provide a temporary energy boost due to its high caffeine content. However, excessive consumption of energy drinks can have negative health effects.", "confidence": 0.9}, {"k_id": 0, "factual knowledge": "The slogan 'Save money. Live better.' is associated with Walmart, an American multinational retail corporation.", "confidence": 0.95}, {"k_id": 0, "factual knowledge": "The sun and stars were formed through a process called stellar nucleosynthesis, where nuclear reactions in the cores of stars fuse hydrogen into helium and release energy.", "confidence": 0.9}, {"k_id": 0, "factual knowledge": "Virgin births are not scientifically possible in humans, but there are religious beliefs and mythologies that mention them.", "confidence": 0.8}, {"k_id": 0, "factual knowledge": "The concept of the creation of the world in a specific number of days is mentioned in various religious texts. However, from a scientific perspective, the formation of the Earth took billions of years through natural processes.", "confidence": 0.85}, {"k_id": 0, "factual knowledge": "Karma is a concept in various religions and philosophies that suggests one's actions in the present life can influence their future experiences or reincarnations. The effects of karma are believed to be influenced by the moral quality of one's actions.", "confidence": 0.9}, {"k_id": 0, "factual knowledge": "The story of Lot's wife turning into a pillar of salt is mentioned in the Bible, but it is considered a religious myth and not a scientifically possible phenomenon.", "confidence": 0.8}, {"k_id": 0, "factual knowledge": "The concept of the first man is mentioned in various religious and mythological beliefs. From a scientific perspective, the first human-like species evolved over millions of years through the process of evolution.", "confidence": 0.85}, {"k_id": 0, "factual knowledge": "The concept of the first woman is mentioned in various religious and mythological beliefs. From a scientific perspective, the first human-like species evolved over millions of years through the process of evolution.", "confidence": 0.85}]