[{"k_id": 0, "factual knowledge": "All Muslims are Muslims.", "confidence": 1}, {"k_id": 0, "factual knowledge": "All Christians are Christian.", "confidence": 1}, {"k_id": 0, "factual knowledge": "Being a Christian implies following the teachings of Jesus Christ, so a non-Christian cannot be a Christian.", "confidence": 1}, {"k_id": 0, "factual knowledge": "All Jews are actually Jews.", "confidence": 1}, {"k_id": 0, "factual knowledge": "All plants are plants.", "confidence": 1}, {"k_id": 0, "factual knowledge": "All dogs are dogs.", "confidence": 1}, {"k_id": 0, "factual knowledge": "All real numbers are real numbers.", "confidence": 1}, {"k_id": 0, "factual knowledge": "One thing that all Millennials have in common is that they were born between the early 1980s and the mid-1990s.", "confidence": 1}, {"k_id": 0, "factual knowledge": "One trait that all British people share is their citizenship or nationality as British citizens.", "confidence": 1}, {"k_id": 0, "factual knowledge": "One thing that is true of all French people is their nationality as French citizens.", "confidence": 1}]