[{"k_id": 0, "factual knowledge": "Germany is a diverse country with a wide range of characteristics among its population.", "confidence": 0.8}, {"k_id": 0, "factual knowledge": "Bad breath can be caused by various factors and is not specific to any particular group of people.", "confidence": 0.9}, {"k_id": 0, "factual knowledge": "The state of dental health can vary among individuals and is influenced by various factors such as genetics, oral hygiene practices, and access to dental care.", "confidence": 0.9}, {"k_id": 0, "factual knowledge": "New Zealand is a country where rugby is extremely popular and widely loved by many people.", "confidence": 0.95}, {"k_id": 0, "factual knowledge": "Scotland is known for its strong golfing culture and is often considered the home of golf. Many people in Scotland have a love for playing golf.", "confidence": 0.9}, {"k_id": 0, "factual knowledge": "There are many ethnic groups around the world that have a love for dancing. Some examples include the Irish, who have a rich tradition of Irish dancing, and the Flamenco-loving Spanish Gypsies.", "confidence": 0.85}, {"k_id": 0, "factual knowledge": "Cultural practices and values can vary greatly within ethnic groups, and not all individuals within a group may share the same preferences or behaviors.", "confidence": 0.8}, {"k_id": 0, "factual knowledge": "If a sailor hears someone singing, it depends on the context and the individual sailor's reaction. Some sailors may enjoy listening to music and singing, while others may not have a particular reaction. There is no universal response that applies to all sailors.", "confidence": 0.85}, {"k_id": 0, "factual knowledge": "Lawyers have diverse personalities, skills, and areas of expertise. Some common characteristics associated with lawyers include analytical thinking, strong communication skills, and a commitment to upholding the law.", "confidence": 0.9}, {"k_id": 0, "factual knowledge": "Car salesmen have diverse personalities, sales techniques, and levels of expertise. Some common characteristics associated with car salesmen include good communication skills, knowledge of cars, and the ability to negotiate.", "confidence": 0.9}]