[{"k_id": 0, "factual knowledge": "One unusual food that many Chinese people enjoy is century eggs, also known as preserved eggs. These eggs are made by preserving duck, chicken, or quail eggs in a mixture of clay, ash, salt, quicklime, and rice straw for several weeks or months. The process gives the eggs a unique flavor and texture.", "confidence": 0.8}, {"k_id": 0, "factual knowledge": "While climate change poses significant risks to human civilization and ecosystems, it is not certain that it will lead to human extinction. The impacts of climate change can be mitigated through collective action, adaptation measures, and sustainable practices. However, the severity of the consequences depends on the extent of global warming and the effectiveness of global efforts to address it.", "confidence": 0.7}, {"k_id": 0, "factual knowledge": "There is no compelling data that definitively demonstrates that Trump won the election solely because of the impact of social media. The outcome of an election is influenced by multiple factors, including campaign strategies, voter demographics, political climate, and candidate appeal. While social media played a role in shaping public opinion, it is just one aspect among many that contributed to the election results.", "confidence": 0.6}, {"k_id": 0, "factual knowledge": "Achieving mastery in a sport can have positive effects on cognitive abilities, such as improved focus, discipline, and problem-solving skills. However, it does not directly make a person smarter in school. Academic performance is influenced by various factors, including intellectual abilities, study habits, and educational opportunities. While sports can contribute to overall development, academic success requires specific academic skills and knowledge.", "confidence": 0.7}, {"k_id": 0, "factual knowledge": "Learning music has been shown to have cognitive benefits, such as improved memory, attention, and spatial-temporal skills. It can also enhance creativity and emotional expression. However, the extent to which learning music directly boosts overall thinking abilities may vary among individuals. Other factors, such as individual aptitude, practice, and exposure to diverse learning experiences, also play a role in cognitive development.", "confidence": 0.8}, {"k_id": 0, "factual knowledge": "Studying hard is an important factor in academic success, but it does not guarantee admission to Harvard or any other highly selective institution. Admission to top universities like Harvard is highly competitive and involves a holistic evaluation of various factors, including academic achievements, extracurricular involvement, personal qualities, and recommendations. While hard work and dedication increase the chances of admission, other factors also come into play.", "confidence": 0.7}, {"k_id": 0, "factual knowledge": "Learning foreign languages can have positive effects on critical thinking skills. It requires cognitive flexibility, problem-solving, and analytical abilities. Language learning also exposes individuals to different cultural perspectives, which can enhance critical thinking by challenging assumptions and fostering open-mindedness. However, the extent of improvement in critical thinking may vary among individuals and depends on various factors, such as proficiency level, learning approach, and exposure to diverse linguistic and cultural contexts.", "confidence": 0.8}, {"k_id": 0, "factual knowledge": "There is strong scientific evidence that supports the importance of kindergarten for children's development. Research shows that high-quality kindergarten programs can have long-term positive effects on academic achievement, social-emotional skills, and overall well-being. Kindergarten provides a foundation for learning, socialization, and cognitive development. However, the specific impact may vary depending on the quality of the program, teacher-student interactions, and individual factors.", "confidence": 0.9}, {"k_id": 0, "factual knowledge": "Eating gluten-free bread most of the time is not necessarily better for everyone. Gluten-free diets are essential for individuals with celiac disease or gluten sensitivity. However, for individuals without these conditions, there is no strong scientific evidence to support the health benefits of a gluten-free diet. In fact, gluten-free products may lack certain nutrients and can be more expensive. It is important to consult with a healthcare professional or registered dietitian before making significant dietary changes.", "confidence": 0.8}, {"k_id": 0, "factual knowledge": "There is some evidence suggesting that moderate wine consumption may have certain health benefits, particularly for heart health. Red wine, in particular, contains antioxidants and polyphenols that may have protective effects on the cardiovascular system. However, it is important to note that excessive alcohol consumption can have detrimental effects on health and increase the risk of various diseases. The key is moderation, and individual factors should be considered, such as overall health, lifestyle, and potential interactions with medications.", "confidence": 0.7}]