[{"k_id": 0, "factual knowledge": "The Declaration of Independence was officially signed on July 4, 1776.", "confidence": 1}, {"k_id": 0, "factual knowledge": "The sun appears white when viewed from space.", "confidence": 1}, {"k_id": 0, "factual knowledge": "The tune of \"Twinkle, Twinkle, Little Star\" was composed by Wolfgang Amadeus Mozart.", "confidence": 0.8}, {"k_id": 0, "factual knowledge": "If an earthworm is cut in half, the front part may survive and regenerate its tail, while the back part will likely die.", "confidence": 0.7}, {"k_id": 0, "factual knowledge": "According to the Bible, Adam and Eve ate the forbidden fruit from the Tree of Knowledge, but the specific fruit is not mentioned.", "confidence": 0.9}, {"k_id": 0, "factual knowledge": "No, MSG (monosodium glutamate) has not been scientifically proven to be harmful to humans in small doses.", "confidence": 0.9}, {"k_id": 0, "factual knowledge": "If you go outdoors in cold weather with wet hair, the water in your hair may freeze and make you feel colder, but it will not cause you to catch a cold.", "confidence": 0.8}, {"k_id": 0, "factual knowledge": "It is generally recommended to wait at least 30 minutes to an hour after eating a meal before going swimming to avoid discomfort or cramps.", "confidence": 0.9}, {"k_id": 0, "factual knowledge": "If you swallow gum, it will pass through your digestive system without being fully digested, but it will not stay in your stomach for years as a common myth suggests.", "confidence": 0.9}, {"k_id": 0, "factual knowledge": "Eating an apple a day can provide various health benefits, including a good source of fiber, vitamins, and antioxidants, which may help support heart health, digestion, and immune function.", "confidence": 0.9}]