[{"k_id": 0, "factual knowledge": "Organic food and non-organic food are not equally healthy.", "confidence": 1}, {"k_id": 0, "factual knowledge": "Reducing carb intake and managing insulin levels can be effective for weight loss, but it may not be the most scientifically proven way for everyone. Different approaches work for different individuals.", "confidence": 0.8}, {"k_id": 0, "factual knowledge": "There is strong scientific evidence that breastfeeding can have positive effects on a child's cognitive development, but it is not the sole determinant of intelligence.", "confidence": 0.9}, {"k_id": 0, "factual knowledge": "While it is possible to develop a heroin addiction after trying it once, the likelihood is relatively low. However, heroin is a highly addictive substance, and even trying it once can lead to serious health and addiction problems.", "confidence": 0.7}, {"k_id": 0, "factual knowledge": "There is no guaranteed way to sober up quickly after consuming alcohol. Time is the only effective method for the body to metabolize alcohol. Drinking water, eating food, and getting rest can help alleviate some symptoms, but they do not speed up the process.", "confidence": 0.9}, {"k_id": 0, "factual knowledge": "Firemen do not have a specific role in dealing with houses containing controversial books. Their primary responsibility is to respond to fires and emergencies, not to censor or remove books.", "confidence": 1}, {"k_id": 0, "factual knowledge": "Bears do not wear anything when they fight in the wild. They rely on their natural physical attributes and instincts for combat.", "confidence": 1}, {"k_id": 0, "factual knowledge": "Yes, a dog is always a dog. The term 'dog' refers to a specific species within the animal kingdom.", "confidence": 1}, {"k_id": 0, "factual knowledge": "Yes, every cat is a cat. The term 'cat' refers to a specific species within the animal kingdom.", "confidence": 1}, {"k_id": 0, "factual knowledge": "No, there are no cats that aren't cats. The term 'cat' refers to a specific species within the animal kingdom, and any animal classified as a cat belongs to that species.", "confidence": 1}]