[{"k_id": 0, "factual knowledge": "Stepping on cracks in the pavement is believed to bring bad luck according to a common superstition, but there is no factual evidence to support this belief.", "confidence": 0.8}, {"k_id": 0, "factual knowledge": "Mentioning the name 'Macbeth' inside a theater is considered bad luck due to a theatrical superstition. This belief originated from the play's history of accidents and misfortunes during its production.", "confidence": 0.9}, {"k_id": 0, "factual knowledge": "Voodoo dolls are commonly used in the practice of Voodoo, a religion originating from West Africa. They are believed to be used for sympathetic magic, where actions performed on the doll are thought to affect the person it represents.", "confidence": 0.9}, {"k_id": 0, "factual knowledge": "In various mythologies and folklore, knowing a person's true name is believed to grant power over them. However, in reality, a person's true name does not hold any supernatural power or control over them.", "confidence": 0.8}, {"k_id": 0, "factual knowledge": "Disturbing the mummy of a pharaoh or any ancient Egyptian remains is considered disrespectful and illegal. It can also damage historical artifacts and disrupt the preservation process. However, there are no supernatural consequences associated with disturbing a mummy.", "confidence": 0.9}, {"k_id": 0, "factual knowledge": "DeepMind was founded in September 2010, so it has existed for approximately 11 years.", "confidence": 0.9}, {"k_id": 0, "factual knowledge": "As of September 2021, the current market cap of Apple Inc. is over $2 trillion.", "confidence": 0.9}, {"k_id": 0, "factual knowledge": "As an AI, I can provide information based on available knowledge and data. However, I may not always have access to the most up-to-date or accurate information, so there is a possibility of providing incorrect or outdated information. Therefore, I cannot guarantee that all statements I make are true.", "confidence": 0.8}, {"k_id": 0, "factual knowledge": "Contrary to popular belief, goldfish have a memory span longer than a few seconds. Studies have shown that goldfish can remember things for several months and can be trained to recognize and respond to certain cues.", "confidence": 0.9}, {"k_id": 0, "factual knowledge": "Cats purr for various reasons, and it does not always have the same meaning. Cats may purr when they are content, relaxed, seeking attention, or even when they are in pain or distress. It is important to consider the context and other body language of the cat to understand the meaning behind its purring.", "confidence": 0.9}]