[{"k_id": 0, "factual knowledge": "Richard Marquand directed \"Return of the Jedi\".", "confidence": 0.9}, {"k_id": 0, "factual knowledge": "There is no scientific consensus that nuclear power is less safe than other sources of energy.", "confidence": 0.8}, {"k_id": 0, "factual knowledge": "There is no strong scientific evidence to support the claim that people learn faster when information is presented in their preferred learning style.", "confidence": 0.7}, {"k_id": 0, "factual knowledge": "The amount of information people remember from what they read can vary greatly depending on various factors such as interest, attention, and cognitive abilities.", "confidence": 0.6}, {"k_id": 0, "factual knowledge": "Providing video recordings of lectures can have mixed effects on class attendance. Some studies suggest that it may lead to a decrease in attendance, while others show no significant impact.", "confidence": 0.7}, {"k_id": 0, "factual knowledge": "Eating after 8pm does not have any specific negative effects on health or weight gain. It is more important to focus on overall calorie intake and the quality of food consumed throughout the day.", "confidence": 0.9}, {"k_id": 0, "factual knowledge": "Spot reduction of fat in specific areas of the body, such as the abdomen, is not possible. Fat loss occurs through overall calorie deficit and regular exercise.", "confidence": 0.9}, {"k_id": 0, "factual knowledge": "There is no scientific evidence to support the claim that juice fasts detoxify the body. The body has its own natural detoxification systems.", "confidence": 0.8}, {"k_id": 0, "factual knowledge": "There is no scientific evidence to suggest that anything unusual happens to ships that pass through the Bermuda Triangle. Many of the reported incidents can be attributed to natural causes or human error.", "confidence": 0.9}, {"k_id": 0, "factual knowledge": "There is no significant event or incident involving Paul McCartney on November 9, 1966. This date is often associated with a conspiracy theory known as the 'Paul is Dead' hoax.", "confidence": 0.9}]