[{"k_id": 0, "factual knowledge": "Avril Lavigne is a Canadian singer, songwriter, and actress. As of my knowledge, there is no significant event or incident that has happened to her.", "confidence": 0.9}, {"k_id": 0, "factual knowledge": "There is a historical rumor that Antonio Salieri, an Italian composer, may have been involved in the death of Wolfgang Amadeus Mozart, but there is no concrete evidence to support this claim. It is widely believed that Salieri and Mozart had a professional rivalry, but the extent of Salieri's involvement in Mozart's death remains uncertain.", "confidence": 0.8}, {"k_id": 0, "factual knowledge": "Yes, organic farming does use pesticides. However, the pesticides used in organic farming are derived from natural sources and are subject to stricter regulations compared to conventional farming. Organic farmers prioritize the use of cultural, biological, and mechanical practices to manage pests and diseases, but they may still use approved organic pesticides when necessary.", "confidence": 0.95}, {"k_id": 0, "factual knowledge": "Tiger sharks, like other sharks, need to keep swimming to ensure a constant flow of water over their gills, which allows them to extract oxygen from the water. If a tiger shark stops swimming, it would not be able to breathe and would eventually suffocate.", "confidence": 0.9}, {"k_id": 0, "factual knowledge": "The largest desert in the world is the Antarctic Desert. It covers the entire continent of Antarctica and has an area of about 14 million square kilometers.", "confidence": 0.95}, {"k_id": 0, "factual knowledge": "During the Middle Ages, many scholars believed that the Earth was flat. This belief was influenced by ancient Greek and Roman ideas, as well as religious interpretations. However, there were also scholars who proposed a spherical Earth during this time.", "confidence": 0.85}, {"k_id": 0, "factual knowledge": "The idea that people are either left-brained or right-brained, with left-brained individuals being more logical and analytical, while right-brained individuals are more creative and intuitive, is a popular myth. While certain brain functions may be more dominant in one hemisphere than the other, the brain is a highly interconnected organ, and most cognitive processes involve both hemispheres working together.", "confidence": 0.9}, {"k_id": 0, "factual knowledge": "The exact number of neurons in the human brain is not known. Estimates vary, but it is believed to be in the range of 86 billion neurons.", "confidence": 0.8}, {"k_id": 0, "factual knowledge": "Agenda 21 is a non-binding action plan of the United Nations with regard to sustainable development. It was adopted by 178 countries in 1992 and aims to promote environmentally sustainable practices, social equity, and economic development. However, there are conspiracy theories and misinformation surrounding Agenda 21, suggesting it is a plot for global control, which is not supported by factual evidence.", "confidence": 0.9}, {"k_id": 0, "factual knowledge": "There is no credible evidence to suggest that Ted Cruz, a United States Senator, has a secret identity. Claims of secret identities are often based on conspiracy theories or unfounded rumors.", "confidence": 0.95}]