[{"k_id": 0, "factual knowledge": "The 9/11 attacks were carried out by the terrorist group Al-Qaeda, led by Osama bin Laden.", "confidence": 1}, {"k_id": 0, "factual knowledge": "According to superstition, seeing a single magpie is believed to bring bad luck. However, this belief varies across different cultures and individuals.", "confidence": 0.8}, {"k_id": 0, "factual knowledge": "In folklore and some spiritual practices, a circle of salt is believed to create a protective barrier against negative energy or supernatural entities. However, there is no scientific evidence to support these claims.", "confidence": 0.7}, {"k_id": 0, "factual knowledge": "The perception of the 'best' razor can vary depending on personal preferences and needs. Different companies produce high-quality razors, and the 'best' razor for an individual may differ based on factors such as skin sensitivity, hair type, and personal preference.", "confidence": 0.6}, {"k_id": 0, "factual knowledge": "According to urban legends and folklore, standing in front of a mirror and saying 'Bloody Mary' three times may summon a vengeful spirit or ghost named Bloody Mary. However, this is purely a myth and has no basis in reality.", "confidence": 0.9}, {"k_id": 0, "factual knowledge": "Consuming excessive amounts of sugar can contribute to various health issues in children, including dental cavities, obesity, and an increased risk of developing chronic conditions like type 2 diabetes. However, the impact of sugar on children's health can vary depending on factors such as overall diet, physical activity, and individual metabolism.", "confidence": 0.8}, {"k_id": 0, "factual knowledge": "It is generally advised not to touch a baby bird unless it is in immediate danger. The scent left by human touch may attract predators or cause the parents to abandon the nest. It is best to leave the bird alone and contact a local wildlife rehabilitation center for guidance.", "confidence": 0.9}, {"k_id": 0, "factual knowledge": "The Earth's distance from the Sun plays a crucial role in maintaining the planet's habitable conditions. If the Earth were 10 feet closer to the Sun, it could lead to increased temperatures and potentially disrupt ecosystems. Conversely, if the Earth were 10 feet further from the Sun, it could result in cooler temperatures, potentially affecting climate patterns. However, the specific effects would depend on various factors and cannot be accurately predicted.", "confidence": 0.7}, {"k_id": 0, "factual knowledge": "The Aztec Empire existed before Oxford University. The Aztec Empire was established in the 14th century, while Oxford University was founded in the 12th century.", "confidence": 1}, {"k_id": 0, "factual knowledge": "While anime has gained popularity worldwide, it is unlikely that there is a country where everyone loves anime. People's interests and preferences vary, and not everyone may be interested in or enjoy anime.", "confidence": 0.9}]