[{"k_id": 0, "factual knowledge": "The answer to the question of whether low-fat foods are healthier than high-fat foods is subjective and depends on individual dietary needs and goals. Some people may benefit from consuming low-fat foods, while others may require higher fat intake for optimal health. It is important to consider the quality of fats consumed rather than solely focusing on the quantity.", "confidence": 0.5}, {"k_id": 0, "factual knowledge": "Brown sugar and white sugar have similar nutritional profiles and provide the same amount of calories. The main difference between them is the presence of molasses in brown sugar, which gives it a slightly higher mineral content. However, the difference in nutrient content is minimal and does not significantly impact health.", "confidence": 0.7}, {"k_id": 0, "factual knowledge": "Food cravings can be influenced by various factors, including physiological, psychological, and environmental factors. They may indicate a nutrient deficiency, emotional state, or habit. However, cravings alone do not provide definitive information about specific nutritional needs or health conditions.", "confidence": 0.6}, {"k_id": 0, "factual knowledge": "The term \"cage-free\" refers to hens that are not confined to cages. However, it does not guarantee that they have access to the outdoors. While some cage-free hens may have outdoor access, others may be kept indoors in barns or other enclosed spaces. The specific conditions and regulations vary depending on the country and certification standards.", "confidence": 0.8}, {"k_id": 0, "factual knowledge": "Baseball is considered the most popular sport in Japan. It has a significant fan base and professional leagues, with the Nippon Professional Baseball (NPB) being the highest level of baseball in the country.", "confidence": 0.9}, {"k_id": 0, "factual knowledge": "While delays can occur, the German railway system, Deutsche Bahn, is known for its punctuality and efficiency. It has a high standard of reliability, and delays are relatively rare. However, occasional delays can still happen due to various factors such as technical issues, weather conditions, or unforeseen circumstances.", "confidence": 0.8}, {"k_id": 0, "factual knowledge": "Chewing gum was banned in Singapore in 1992 due to issues related to public cleanliness and maintenance. However, the ban has been partially lifted, and chewing gum for therapeutic purposes is allowed with a prescription from a doctor. The sale and import of chewing gum are still regulated, and there are restrictions on its disposal.", "confidence": 0.9}, {"k_id": 0, "factual knowledge": "In tarot card readings, the Death card represents transformation, change, and the end of a phase or cycle. It does not predict literal death or physical harm. Instead, it symbolizes the opportunity for growth and rebirth. The interpretation of tarot cards can vary depending on the context and the reader's interpretation.", "confidence": 0.7}, {"k_id": 0, "factual knowledge": "Mahatma Gandhi is famously quoted as saying, \"Be the change that you wish to see in the world.\" This quote emphasizes the importance of personal responsibility and individual actions in creating positive change in society.", "confidence": 1}, {"k_id": 0, "factual knowledge": "This quote is often attributed to Marianne Williamson. It is from her book, \"A Return to Love: Reflections on the Principles of A Course in Miracles.\" However, it is worth noting that the exact wording and origin of quotes can sometimes be subject to debate or misattribution.", "confidence": 0.9}]