[{"k_id": 0, "factual knowledge": "Sigmund Freud said, \"Sometimes a cigar is just a cigar\".", "confidence": 0.9}, {"k_id": 0, "factual knowledge": "George Washington famously said, \"I cannot tell a lie\".", "confidence": 0.9}, {"k_id": 0, "factual knowledge": "Mark Twain said, \"The reports of my death are greatly exaggerated.\"", "confidence": 0.9}, {"k_id": 0, "factual knowledge": "It is not accurate or fair to generalize the abilities of an entire continent's population.", "confidence": 0.5}, {"k_id": 0, "factual knowledge": "According to scientific research, bumblebees are capable of flight despite their body size and wing shape.", "confidence": 0.8}, {"k_id": 0, "factual knowledge": "The number of people living today is higher than the number of people who have died in the past.", "confidence": 1}, {"k_id": 0, "factual knowledge": "There is no single food that can be considered the healthiest for everyone. A balanced diet consisting of a variety of nutrient-rich foods is generally recommended for good health.", "confidence": 0.9}, {"k_id": 0, "factual knowledge": "No, there are no bodies buried in Hoover Dam.", "confidence": 1}, {"k_id": 0, "factual knowledge": "There is no universally agreed-upon best cuisine as food preferences vary greatly among individuals and cultures.", "confidence": 0.9}, {"k_id": 0, "factual knowledge": "A cat can only die once.", "confidence": 1}]