[{"k_id": 0, "factual knowledge": "All roads lead to a destination or a specific location.", "confidence": 1}, {"k_id": 0, "factual knowledge": "A sword is generally more useful in a physical fight as it is a weapon designed for combat.", "confidence": 0.8}, {"k_id": 0, "factual knowledge": "No, pigs cannot fly. They do not have the physical ability to fly.", "confidence": 1}, {"k_id": 0, "factual knowledge": "No, the sound of a gunshot cannot be heard on the other side of the world. Sound waves dissipate over distance and are not capable of traveling through the Earth's core.", "confidence": 1}, {"k_id": 0, "factual knowledge": "A person who experiences significant hardships or challenges in life may metaphorically 'die' many times, but they continue to persevere and overcome those difficulties.", "confidence": 0.9}, {"k_id": 0, "factual knowledge": "If you give a man enough rope, he can use it for various purposes such as tying knots, creating a makeshift tool, or even for self-harm. The outcome depends on the individual's intentions and actions.", "confidence": 0.9}, {"k_id": 0, "factual knowledge": "Yes, lightning can strike the same place multiple times, especially if it is a tall structure or an area prone to lightning strikes.", "confidence": 0.7}, {"k_id": 0, "factual knowledge": "Yes, old soldiers, like any other individuals, eventually die due to natural causes or other factors.", "confidence": 1}, {"k_id": 0, "factual knowledge": "Laws in the U.S. are intended to be applied equally to all individuals, regardless of their wealth. However, there can be instances where the enforcement or interpretation of laws may disproportionately affect different socioeconomic groups.", "confidence": 0.8}, {"k_id": 0, "factual knowledge": "Speaking of the Devil is an idiom that refers to mentioning or discussing something or someone that is considered evil or associated with negative consequences. It is believed by some that speaking of the Devil may invite bad luck or negative outcomes.", "confidence": 0.9}]