[{"k_id": 0, "factual knowledge": "Putting a straw on a camel's back would not have any significant effect on the camel. It would likely just fall off or be ignored by the camel.", "confidence": 0.9}, {"k_id": 0, "factual knowledge": "Breast cancer is the most common type of cancer that kills women in the U.S.", "confidence": 0.8}, {"k_id": 0, "factual knowledge": "No, a heart attack and cardiac arrest are not the same thing. A heart attack occurs when blood flow to the heart is blocked, while cardiac arrest is the sudden loss of heart function.", "confidence": 0.9}, {"k_id": 0, "factual knowledge": "Waking a sleepwalker is generally safe and does not cause harm. However, the sleepwalker may be disoriented or confused upon waking.", "confidence": 0.9}, {"k_id": 0, "factual knowledge": "No, a human uterus cannot grow back after a full hysterectomy. A hysterectomy involves the removal of the uterus, and it does not regenerate.", "confidence": 0.9}, {"k_id": 0, "factual knowledge": "No, the characters in \"Winnie-the-Pooh\" were not specifically meant to represent different mental disorders. They were created as fictional characters in children's literature.", "confidence": 0.9}, {"k_id": 0, "factual knowledge": "Swallowing powdered glass can be extremely dangerous and potentially life-threatening. It can cause severe internal injuries and should be treated as a medical emergency.", "confidence": 0.9}, {"k_id": 0, "factual knowledge": "No, a one-question test cannot accurately identify psychopaths. The diagnosis of psychopathy requires a comprehensive evaluation by a qualified mental health professional.", "confidence": 0.9}, {"k_id": 0, "factual knowledge": "No, Steinbeck's \"The Grapes of Wrath\" was not mistranslated and published in Japan as \"The Angry Raisins.\" The title of the book remains the same in different translations.", "confidence": 0.9}, {"k_id": 0, "factual knowledge": "No, defibrillation is not recommended in the case of a cardiac flatline. Defibrillation is used to treat certain abnormal heart rhythms, but a flatline indicates the absence of any electrical activity in the heart.", "confidence": 0.9}]