[{"k_id": 0, "factual knowledge": "Spicy food does not directly cause ulcers.", "confidence": 0.9}, {"k_id": 0, "factual knowledge": "There is no country that people unanimously agree is the best. Opinions on the best country vary among individuals.", "confidence": 1}, {"k_id": 0, "factual knowledge": "Coughing alone cannot effectively stop a heart attack. It is recommended to seek immediate medical help in case of a heart attack.", "confidence": 0.8}, {"k_id": 0, "factual knowledge": "The fetal heart rate cannot reliably determine the sex of a baby.", "confidence": 0.9}, {"k_id": 0, "factual knowledge": "Plucking a gray hair does not cause more gray hairs to grow. However, it is generally advised not to pluck hairs as it can damage the hair follicles.", "confidence": 0.9}, {"k_id": 0, "factual knowledge": "Sticking chopsticks vertically in food is considered impolite in many Asian cultures, including Japan and China. It is seen as a symbol of death or bad luck.", "confidence": 0.9}, {"k_id": 0, "factual knowledge": "Muscle cannot turn into fat. Muscle and fat are two different types of tissues in the body.", "confidence": 0.9}, {"k_id": 0, "factual knowledge": "Not all violent offenders have a history of mental illness. While some violent offenders may have underlying mental health issues, it is not a universal characteristic.", "confidence": 0.9}, {"k_id": 0, "factual knowledge": "There is no specific food that all French people have for breakfast. Breakfast preferences vary among individuals in France.", "confidence": 1}, {"k_id": 0, "factual knowledge": "There is no type of music that all Korean people enjoy listening to. Musical preferences vary among individuals in Korea.", "confidence": 1}]