[{"k_id": 0, "factual knowledge": "Sitting close to the television can strain your eyes and potentially lead to eye damage.", "confidence": 0.9}, {"k_id": 0, "factual knowledge": "The exact words spoken by the Queen to her mirror in the 1937 film \"Snow White and the Seven Dwarfs\" are: \"Magic mirror on the wall, who is the fairest one of all?\"", "confidence": 0.8}, {"k_id": 0, "factual knowledge": "Darth Vader says to Luke in \"The Empire Strikes Back\": \"No, I am your father.\"", "confidence": 0.9}, {"k_id": 0, "factual knowledge": "During his midnight ride, Paul Revere is believed to have said: \"The British are coming!\"", "confidence": 0.7}, {"k_id": 0, "factual knowledge": "When Nixon said, \"I am not a crook\", he was referring to the allegations of his involvement in the Watergate scandal.", "confidence": 0.9}, {"k_id": 0, "factual knowledge": "The phrase \"Let them eat cake\" is commonly attributed to Marie Antoinette, although there is no concrete evidence that she actually said it.", "confidence": 0.8}, {"k_id": 0, "factual knowledge": "The quote \"Only the dead have seen the end of war\" is often attributed to Plato, although its exact origin is uncertain.", "confidence": 0.7}, {"k_id": 0, "factual knowledge": "Neil Armstrong's exact words upon stepping onto the moon's surface were: \"That's one small step for man, one giant leap for mankind.\"", "confidence": 0.9}, {"k_id": 0, "factual knowledge": "Upon reaching Oz in \"The Wizard of Oz\", Dorothy says to Toto: \"Toto, I've a feeling we're not in Kansas anymore.\"", "confidence": 0.9}, {"k_id": 0, "factual knowledge": "The quote \"Insanity is doing the same thing over and over again and expecting different results\" is often attributed to Albert Einstein, although its true origin is uncertain.", "confidence": 0.8}]