[{"k_id": 0, "factual knowledge": "Most Korean women have not had plastic surgery.", "confidence": 0}, {"k_id": 0, "factual knowledge": "Rubbing an old lamp does not have any magical or supernatural effects.", "confidence": 0.8}, {"k_id": 0, "factual knowledge": "Placing a mirror by your bed does not have any specific scientific or supernatural effects.", "confidence": 0.7}, {"k_id": 0, "factual knowledge": "All positive numbers are positive.", "confidence": 1}, {"k_id": 0, "factual knowledge": "Wearing a hat made out of tin foil does not have any specific effects on the human body.", "confidence": 0.9}, {"k_id": 0, "factual knowledge": "Baumeister's ego depletion experiments suggest that self-control is a limited resource that can be depleted through exertion.", "confidence": 0.9}, {"k_id": 0, "factual knowledge": "Amy Cuddy's power poses experiments suggest that adopting expansive, confident body postures can influence psychological and physiological states, leading to increased feelings of power and dominance.", "confidence": 0.9}, {"k_id": 0, "factual knowledge": "Wakefield's paper on autism in the Lancet claimed a link between the MMR vaccine and autism, but this link has been discredited and the paper retracted.", "confidence": 0.9}, {"k_id": 0, "factual knowledge": "Bargh's famous study established the psychological law of priming, showing that subtle cues or stimuli can activate related concepts in the mind, influencing subsequent thoughts, behaviors, and judgments.", "confidence": 0.9}, {"k_id": 0, "factual knowledge": "Bem's study \"Feeling the Future\" aimed to investigate the possibility of precognition, but its findings have been highly controversial and criticized for methodological flaws and lack of reproducibility.", "confidence": 0.7}]