[{"k_id": 0, "factual knowledge": "Americans drink more coffee than people in Finland.", "confidence": 0.8}, {"k_id": 0, "factual knowledge": "People drink less coffee in China compared to Mexico.", "confidence": 0.7}, {"k_id": 0, "factual knowledge": "Turkey, Ireland, and the United Kingdom consume more tea on average than Americans.", "confidence": 0.9}, {"k_id": 0, "factual knowledge": "Americans drink more beer than people in the Czech Republic, Germany, and Austria.", "confidence": 0.9}, {"k_id": 0, "factual knowledge": "Italy drinks less beer than France.", "confidence": 0.8}, {"k_id": 0, "factual knowledge": "South Korea, Latvia, and Estonia consume more spirits on average than Russians.", "confidence": 0.7}, {"k_id": 0, "factual knowledge": "The United States, Canada, and Australia consume less spirits than Italians.", "confidence": 0.8}, {"k_id": 0, "factual knowledge": "Americans have been working more hours over time.", "confidence": 0.9}, {"k_id": 0, "factual knowledge": "People in England are not spending more time working than in the past.", "confidence": 0.7}, {"k_id": 0, "factual knowledge": "People in California do not work more days in a year than they used to.", "confidence": 0.6}]