[{"k_id": 0, "factual knowledge": "Americans work less than people in most other rich countries.", "confidence": 0.9}, {"k_id": 0, "factual knowledge": "No, Canadians do not work less hours than Mexicans.", "confidence": 0.8}, {"k_id": 0, "factual knowledge": "There are several countries that work more hours than Mexicans, including South Korea, Costa Rica, and Greece.", "confidence": 0.7}, {"k_id": 0, "factual knowledge": "People work less hours than Germans in countries like Denmark, Norway, and the Netherlands.", "confidence": 0.8}, {"k_id": 0, "factual knowledge": "People in the US have longer paid vacations than people in countries like Japan and the United Kingdom.", "confidence": 0.9}, {"k_id": 0, "factual knowledge": "US incomes are less unequal than people in countries like Brazil, South Africa, and India.", "confidence": 0.8}, {"k_id": 0, "factual knowledge": "No, people are not richer on average in Japan than in the US.", "confidence": 0.9}, {"k_id": 0, "factual knowledge": "People in Japan are richer than people in countries like China, Indonesia, and India.", "confidence": 0.8}, {"k_id": 0, "factual knowledge": "Americans earn less (median income) than people in countries like Switzerland, Luxembourg, and Norway.", "confidence": 0.9}, {"k_id": 0, "factual knowledge": "Taxes are much higher on income in countries like Sweden, Denmark, and Belgium compared to California.", "confidence": 0.9}]