[{"k_id": 0, "factual knowledge": "Countries like Canada, United Kingdom, and Sweden have high quality universal healthcare for free.", "confidence": 0.9}, {"k_id": 0, "factual knowledge": "On average, Europeans have higher education levels than Americans.", "confidence": 0.8}, {"k_id": 0, "factual knowledge": "On average, Brits are taller than people from Japan and South Korea.", "confidence": 0.7}, {"k_id": 0, "factual knowledge": "States like Mississippi, Alabama, and Arkansas have higher obesity rates than West Virginia.", "confidence": 0.9}, {"k_id": 0, "factual knowledge": "Countries like Japan, South Korea, and Italy have thinner people than the UK.", "confidence": 0.8}, {"k_id": 0, "factual knowledge": "Countries like Japan, South Korea, and France have much lower BMI than the UK.", "confidence": 0.7}, {"k_id": 0, "factual knowledge": "On Sunday mornings, most Italians attend church services and spend time with family.", "confidence": 0.9}, {"k_id": 0, "factual knowledge": "Yes, most Italians are devout Catholics.", "confidence": 0.9}, {"k_id": 0, "factual knowledge": "The majority of Mexicans are members of the Roman Catholic Church.", "confidence": 0.9}, {"k_id": 0, "factual knowledge": "Among people in India, the majority are members of Hinduism.", "confidence": 0.9}]