[{"k_id": 0, "factual knowledge": "New York City is known for its religious diversity, with residents practicing various religions including Christianity, Judaism, Islam, Hinduism, Buddhism, and others.", "confidence": 0.9}, {"k_id": 0, "factual knowledge": "The majority of the population in South Korea follows Buddhism or practices no religion. Christianity is a minority religion in South Korea.", "confidence": 0.8}, {"k_id": 0, "factual knowledge": "Height can vary among populations due to various factors such as genetics, nutrition, and healthcare.", "confidence": 0.7}, {"k_id": 0, "factual knowledge": "Scotland and England are separate countries that, along with Wales and Northern Ireland, make up the United Kingdom.", "confidence": 0.9}, {"k_id": 0, "factual knowledge": "Northern Ireland is not part of England. It is one of the four constituent countries of the United Kingdom, along with England, Scotland, and Wales.", "confidence": 0.9}, {"k_id": 0, "factual knowledge": "Ireland is a separate island and is divided into the Republic of Ireland (an independent country) and Northern Ireland (part of the United Kingdom).", "confidence": 0.9}, {"k_id": 0, "factual knowledge": "Ireland is a separate island and is divided into the Republic of Ireland (an independent country) and Northern Ireland (part of the United Kingdom).", "confidence": 0.9}, {"k_id": 0, "factual knowledge": "Canada is an independent country and a member of the Commonwealth, which is a political association of 54 member countries, most of which were formerly territories of the British Empire.", "confidence": 0.9}, {"k_id": 0, "factual knowledge": "There is no part of Argentina that is in England. Argentina is a sovereign country located in South America, while England is a constituent country of the United Kingdom located in Europe.", "confidence": 0.9}, {"k_id": 0, "factual knowledge": "French is also an official language in Luxembourg and a recognized regional language in some parts of Italy, Switzerland, and Spain. However, it is important to note that not all EU members speak French as an official language.", "confidence": 0.9}]