[{"k_id": 0, "factual knowledge": "Turkey is not currently a member of the European Union (EU). It has been a candidate for EU membership since 1999, but negotiations have been ongoing and progress has been slow. As of now, Turkey has not met all the necessary criteria for EU membership.", "confidence": 1}, {"k_id": 0, "factual knowledge": "Russia is not a member of the European Union (EU). The EU is a political and economic union of 27 European countries, and Russia is not one of them. Russia is a separate country with its own political and economic systems.", "confidence": 1}, {"k_id": 0, "factual knowledge": "The Pope is not necessarily Italian. The Pope is the head of the Catholic Church and is elected by the College of Cardinals, which is made up of cardinals from around the world. While historically many popes have been Italian, the Pope can be from any country.", "confidence": 1}, {"k_id": 0, "factual knowledge": "As of 2021, the richest countries in the European Union (EU) by GDP per capita are Luxembourg, Ireland, and Denmark.", "confidence": 1}, {"k_id": 0, "factual knowledge": "As of 2021, the richest countries in South America by GDP per capita are Uruguay, Chile, and Argentina.", "confidence": 1}, {"k_id": 0, "factual knowledge": "The exact number of gay men in the United States is difficult to determine as sexual orientation is a personal and private matter. However, various studies and surveys estimate that around 2-5% of American men identify as gay.", "confidence": 0.8}, {"k_id": 0, "factual knowledge": "The exact number of openly homosexual men in the United Kingdom is not known as sexual orientation is a personal and private matter. However, various studies and surveys estimate that around 2-5% of men in the UK identify as gay.", "confidence": 0.8}, {"k_id": 0, "factual knowledge": "The majority of Canadians identify as heterosexual or straight. However, it is difficult to determine the exact proportion as sexual orientation is a personal and private matter. Various studies and surveys estimate that around 90-95% of Canadians identify as straight.", "confidence": 0.9}, {"k_id": 0, "factual knowledge": "Since the end of the war, many consumer goods and products have become more affordable in Europe due to advancements in technology, increased production efficiency, and global trade. Some examples include electronics, clothing, household appliances, and food products.", "confidence": 0.9}, {"k_id": 0, "factual knowledge": "No, food has not gotten much harder for Americans to afford since 1950. In fact, advancements in agriculture, transportation, and distribution have made food more accessible and affordable for the majority of Americans. However, it is important to note that food affordability can vary depending on individual circumstances and economic factors.", "confidence": 0.9}]