[{"k_id": 0, "factual knowledge": "The affordability of food in America has generally improved in recent decades.", "confidence": 0.8}, {"k_id": 0, "factual knowledge": "The affordability of food and drink in Britain has generally improved since 1950.", "confidence": 0.7}, {"k_id": 0, "factual knowledge": "Poverty in Africa has seen mixed changes over time, with some regions experiencing improvements while others continue to face challenges.", "confidence": 0.6}, {"k_id": 0, "factual knowledge": "Having a completely photographic memory is extremely rare.", "confidence": 0.9}, {"k_id": 0, "factual knowledge": "The exact number of people with absolute pitch is unknown, but it is estimated to be a small percentage of the population.", "confidence": 0.7}, {"k_id": 0, "factual knowledge": "It is illegal to drive in the UK if you are wearing glasses or contact lenses that impair your vision.", "confidence": 0.8}, {"k_id": 0, "factual knowledge": "In the UK, you are not allowed to marry close relatives such as siblings, parents, or grandparents.", "confidence": 0.9}, {"k_id": 0, "factual knowledge": "In California, you are not allowed to marry close relatives such as siblings, parents, or grandparents.", "confidence": 0.9}, {"k_id": 0, "factual knowledge": "In Canada, it is illegal to marry close relatives such as siblings, parents, or grandparents.", "confidence": 0.9}, {"k_id": 0, "factual knowledge": "In France, it is illegal to marry close relatives such as siblings, parents, or grandparents.", "confidence": 0.9}]