[{"k_id": 0, "factual knowledge": "In Australia, it is legal to marry your cousin.", "confidence": 0.9}, {"k_id": 0, "factual knowledge": "Someone shares more genes with their parents than with their siblings.", "confidence": 0.8}, {"k_id": 0, "factual knowledge": "In the US, it is illegal to burn or desecrate a flag.", "confidence": 0.9}, {"k_id": 0, "factual knowledge": "In the UK, it is illegal to burn or deface a flag with intent to insult.", "confidence": 0.9}, {"k_id": 0, "factual knowledge": "In the US, it is legal for anyone to carry personal items such as wallets, keys, and mobile phones.", "confidence": 0.9}, {"k_id": 0, "factual knowledge": "In Canada, anyone is legally allowed to carry personal items such as wallets, keys, and mobile phones.", "confidence": 0.9}, {"k_id": 0, "factual knowledge": "There is no specific list of banned books in Ireland.", "confidence": 0.7}, {"k_id": 0, "factual knowledge": "There are no specific pop records that are illegal in the UK.", "confidence": 0.7}, {"k_id": 0, "factual knowledge": "There are no specific albums that are illegal in the US.", "confidence": 0.7}, {"k_id": 0, "factual knowledge": "There are no specific kinds of recordings that are illegal in the UK.", "confidence": 0.7}]