[{"k_id": 0, "factual knowledge": "In the UK, it is illegal to hit a child in a way that causes injury or leaves a mark. However, parents are allowed to use reasonable force to discipline their children.", "confidence": 0.9}, {"k_id": 0, "factual knowledge": "In California, it is illegal to use physical force or corporal punishment on a child that causes injury or harm. However, parents are allowed to use reasonable and age-appropriate discipline.", "confidence": 0.9}, {"k_id": 0, "factual knowledge": "The original US Constitution was written on parchment.", "confidence": 0.8}, {"k_id": 0, "factual knowledge": "Legal tender laws in the US require all businesses to accept US currency (dollars) for payment.", "confidence": 0.9}, {"k_id": 0, "factual knowledge": "UK businesses are not legally required to accept any specific form of payment. However, they must clearly state their accepted payment methods to customers.", "confidence": 0.8}, {"k_id": 0, "factual knowledge": "It is illegal in Canada to desecrate or disrespect the Canadian flag, such as burning or defacing it.", "confidence": 0.9}, {"k_id": 0, "factual knowledge": "There are no specific types of clothing that are universally illegal in the US. However, certain clothing may be prohibited in specific contexts or locations, such as wearing clothing that obscures the face in public places.", "confidence": 0.8}, {"k_id": 0, "factual knowledge": "There are no specific types of clothing that are universally illegal in the UK. However, certain clothing may be prohibited in specific contexts or locations, such as wearing clothing that is intended to incite violence or promote hate speech.", "confidence": 0.8}, {"k_id": 0, "factual knowledge": "Flying the US flag at night is allowed, but it should be properly illuminated to ensure it is visible. If the flag is not properly illuminated, it is considered a breach of flag etiquette.", "confidence": 0.9}, {"k_id": 0, "factual knowledge": "In the US, you can't be charged with DUI (Driving Under the Influence) if your blood alcohol concentration (BAC) is below the legal limit, which is typically 0.08%. However, it is important to note that laws and legal limits may vary by state.", "confidence": 0.9}]