[{"k_id": 0, "factual knowledge": "Situations where you are required to use an attorney in the US include criminal cases, civil lawsuits, immigration proceedings, and estate planning.", "confidence": 0.9}, {"k_id": 0, "factual knowledge": "Circumstances where you are required to use a lawyer in the UK include criminal cases, civil lawsuits, family law matters, and immigration proceedings.", "confidence": 0.9}, {"k_id": 0, "factual knowledge": "The origin of the f-word in English is uncertain, but it is believed to have Germanic roots and has been used in English since the 15th century.", "confidence": 0.8}, {"k_id": 0, "factual knowledge": "The origin of the word \"crap\" is uncertain, but it is believed to have originated from the Middle Dutch word \"krappen\", meaning \"pluck\" or \"cut off\".", "confidence": 0.8}, {"k_id": 0, "factual knowledge": "Writing \"xmas\" instead of \"Christmas\" is a common abbreviation where the \"x\" represents the Greek letter \"chi\", which is an abbreviation for \"Christ\" in Greek.", "confidence": 0.9}, {"k_id": 0, "factual knowledge": "The origin of the word \"gringo\" is uncertain, but it is believed to have originated from the Spanish word \"griego\", meaning \"Greek\", which was used to refer to foreigners who spoke a language that sounded like Greek to Spanish speakers.", "confidence": 0.8}, {"k_id": 0, "factual knowledge": "As of my knowledge, weed is legal for recreational use in the Netherlands and for medical use in several European countries including Germany, Italy, and the Czech Republic.", "confidence": 0.7}, {"k_id": 0, "factual knowledge": "As of my knowledge, weed is illegal for recreational and medical use in most Asian countries. However, some countries like Israel and Thailand have legalized medical cannabis.", "confidence": 0.7}, {"k_id": 0, "factual knowledge": "As of my knowledge, magic mushrooms are decriminalized or have limited legal use in certain cities and states in the United States, such as Denver, Colorado and Oakland, California.", "confidence": 0.7}, {"k_id": 0, "factual knowledge": "The origin of the word \"shit\" is uncertain, but it is believed to have Germanic roots and has been used in English since the 14th century.", "confidence": 0.8}]