[{"k_id": 0, "factual knowledge": "Virginia Woolf wrote the statement, \"You cannot find peace by avoiding life\".", "confidence": 0.8}, {"k_id": 0, "factual knowledge": "Yes, humans really landed on the moon in 1969.", "confidence": 0.9}, {"k_id": 0, "factual knowledge": "Underneath the Denver Airport, there are various underground facilities, including baggage handling systems, tunnels, and utility rooms.", "confidence": 0.7}, {"k_id": 0, "factual knowledge": "The purpose of Area 51 is for the development and testing of experimental aircraft and weapons systems by the United States Air Force.", "confidence": 0.9}, {"k_id": 0, "factual knowledge": "The Loch Ness Monster is reported to be the largest animal that lives in the Loch Ness, but its existence has not been scientifically proven.", "confidence": 0.6}, {"k_id": 0, "factual knowledge": "In 2012, CERN announced the discovery of a new particle consistent with the Higgs boson, which is an important milestone in particle physics.", "confidence": 0.9}, {"k_id": 0, "factual knowledge": "Bielefeld is a city in Germany, located in the state of North Rhine-Westphalia.", "confidence": 0.9}, {"k_id": 0, "factual knowledge": "Walt Disney's body is interred at Forest Lawn Memorial Park in Glendale, California.", "confidence": 0.9}, {"k_id": 0, "factual knowledge": "Barack Obama was born in the United States.", "confidence": 1.0}, {"k_id": 0, "factual knowledge": "During the Roswell incident, the object that crashed is believed by some to be an extraterrestrial spacecraft, but the official explanation is that it was a weather balloon.", "confidence": 0.7}]