[{"k_id": 0, "factual knowledge": "The origin of \"420\" as a term for weed is believed to be from a group of high school students in San Rafael, California in the early 1970s who would meet at 4:20 PM to search for an abandoned cannabis crop.", "confidence": 0.9}, {"k_id": 0, "factual knowledge": "The word \"Easter\" is connected with the goddess Eostre, a pagan goddess of spring and fertility.", "confidence": 0.8}, {"k_id": 0, "factual knowledge": "The origin of the negative word \"wop\" for Italians is uncertain, but it is believed to have originated from the Italian dialect word \"guappo\", meaning a swaggering or boastful person.", "confidence": 0.7}, {"k_id": 0, "factual knowledge": "The word \"chav\" originally stood for \"Council House and Violent\", referring to a stereotype of a young person from a working-class background who is perceived as being poorly educated and engaging in antisocial behavior.", "confidence": 0.8}, {"k_id": 0, "factual knowledge": "The f-word originally stood for \"fornication under consent of the king\", which was used as a euphemism for sexual intercourse.", "confidence": 0.9}, {"k_id": 0, "factual knowledge": "The word \"posh\" originally stood for \"port out, starboard home\", which referred to the more desirable cabins on ships traveling between England and India.", "confidence": 0.9}, {"k_id": 0, "factual knowledge": "The word \"butterfly\" comes from the Old English word \"buttorfleoge\", which literally means \"butterfly\". The exact origin of the word is uncertain.", "confidence": 0.8}, {"k_id": 0, "factual knowledge": "The term \"bucks\" as a slang term for dollars is believed to have originated from the use of buckskins (deer skins) as a form of currency in early America.", "confidence": 0.9}, {"k_id": 0, "factual knowledge": "The word \"pom\" originally stood for \"pomegranate\", which was a slang term used by Australian soldiers to refer to British immigrants.", "confidence": 0.8}, {"k_id": 0, "factual knowledge": "The origin of the phrase \"the whole nine yards\" is uncertain, but it is believed to have originated in the United States and may have originally referred to the length of ammunition belts in World War II aircraft.", "confidence": 0.7}]