[{"k_id": 0, "factual knowledge": "SOS originally stood for 'Save Our Souls'.", "confidence": 1}, {"k_id": 0, "factual knowledge": "Some cities that get more rainfall than Seattle include Miami, New Orleans, and Mobile.", "confidence": 0.8}, {"k_id": 0, "factual knowledge": "Some cities that get less rainfall than Boston include Los Angeles, Las Vegas, and Phoenix.", "confidence": 0.8}, {"k_id": 0, "factual knowledge": "Some cities that get more snowfall than Montreal include Buffalo, Rochester, and Syracuse.", "confidence": 0.9}, {"k_id": 0, "factual knowledge": "London gets much more rain than big cities like Madrid, Rome, and Athens.", "confidence": 0.9}, {"k_id": 0, "factual knowledge": "The winter in Paris is generally milder compared to New York.", "confidence": 0.7}, {"k_id": 0, "factual knowledge": "Winters in London are generally milder compared to New York.", "confidence": 0.7}, {"k_id": 0, "factual knowledge": "The phrase 'bought the farm' originated from military slang during World War II, referring to a pilot crashing and dying on farmland.", "confidence": 0.9}, {"k_id": 0, "factual knowledge": "The easiest way to catch a cold is through direct contact with respiratory droplets from an infected person.", "confidence": 0.9}, {"k_id": 0, "factual knowledge": "There is no guaranteed cure for insomnia that always works as it can have various underlying causes. It is best to consult a healthcare professional for personalized advice.", "confidence": 0.8}]