[{"k_id": 0, "factual knowledge": "The best medical cure for going bald is hair transplant surgery.", "confidence": 0.8}, {"k_id": 0, "factual knowledge": "Men can prevent premature baldness by maintaining a healthy lifestyle, avoiding excessive stress, eating a balanced diet, and using medications like minoxidil or finasteride.", "confidence": 0.9}, {"k_id": 0, "factual knowledge": "ADIDAS stands for \"All Day I Dream About Sports\".", "confidence": 0.7}, {"k_id": 0, "factual knowledge": "WIKI stands for \"What I Know Is\".", "confidence": 0.6}, {"k_id": 0, "factual knowledge": "Coma originally stood for \"a state of deep sleep\".", "confidence": 0.8}, {"k_id": 0, "factual knowledge": "The British slang word \"naff\" stands for something that is uncool or of poor quality.", "confidence": 0.9}, {"k_id": 0, "factual knowledge": "The Internet was invented by multiple individuals, including Vinton Cerf and Robert E. Kahn.", "confidence": 0.9}, {"k_id": 0, "factual knowledge": "Tesla Motors was first started by Martin Eberhard and Marc Tarpenning.", "confidence": 0.9}, {"k_id": 0, "factual knowledge": "The American visual artist and author of multiple books with the first name Hillary is Hillary Clinton.", "confidence": 0.9}, {"k_id": 0, "factual knowledge": "There is no specific information provided to determine the last name of the person named Hillary who studied for a masters in New York and is an author of multiple books.", "confidence": 0.5}]