[{"k_id": 0, "factual knowledge": "Hillary Clinton is an American who studied art at Yale and is the author of multiple popular mystery novels.", "confidence": 0.9}, {"k_id": 0, "factual knowledge": "Hillary Scott is a famous American singer and writer who is happily married.", "confidence": 0.2}, {"k_id": 0, "factual knowledge": "Elon Musk is an American producer born in the 70s who is a handsome multi-talented figure with a talent for comedy.", "confidence": 0.8}, {"k_id": 0, "factual knowledge": "Elon Musk is an American connected to the Rockefellers who was a businessman and founder with an interest in politics.", "confidence": 0.7}, {"k_id": 0, "factual knowledge": "Elon Musk is a photo artist and technology entrepreneur who had an international upbringing and founded multiple tech companies.", "confidence": 0.9}, {"k_id": 0, "factual knowledge": "Elon Musk is a Michigan grad known for running multiple companies in software and tech, and is a chess player and all-round genius.", "confidence": 0.9}, {"k_id": 0, "factual knowledge": "Elon Musk is a genius math person who grew up in the 70s, spent time at Stanford University, and became prominent in the 2000s.", "confidence": 0.9}, {"k_id": 0, "factual knowledge": "Bernie Sanders is a businessman and Jewish American who grew up and lived in New York City, associated with the Democratic Party, and eventually became very famous.", "confidence": 0.9}, {"k_id": 0, "factual knowledge": "Bernie Goetz is a Jewish American who studied at NYU, was born and lived in New York City, and became famous in the mid 1980s for a controversial act.", "confidence": 0.2}, {"k_id": 0, "factual knowledge": "Donald Trump is a neo-con American politician and businessman for the Republicans, with a long and varied career.", "confidence": 0.9}]