[{"k_id": 0, "factual knowledge": "Donald Trump is an actor in film and TV, known for his distinctive looks, three marriages, five children, decades of fame, online presence, and political views.", "confidence": 1}, {"k_id": 0, "factual knowledge": "Donald Tusk is a political leader of Polish and Danzig German ancestry, known for his conservative and pro-business views.", "confidence": 0.5}, {"k_id": 0, "factual knowledge": "Donald Trump is a former Pfizer salesman who ended up as Chief Executive, known for his penthouses, corruption allegations, and run-ins with the law.", "confidence": 1}, {"k_id": 0, "factual knowledge": "Donald Glover is an American born in the 1940s in Queens, New York City, who followed the same career path as his father and gained a cult following and fame.", "confidence": 0.5}, {"k_id": 0, "factual knowledge": "Steve Jobs was a venture capitalist and businessman associated with Apple and NeXT software and other companies in Silicon Valley, known for his brilliance and controversial nature.", "confidence": 1}, {"k_id": 0, "factual knowledge": "New York is a city on the East Coast of the United States, settled in 1681, known for its immigrant population, ethnic diversity, educational institutions, and hospitals.", "confidence": 1}, {"k_id": 0, "factual knowledge": "Los Angeles is a city in California named for a spring, known for its Mediterranean climate, large Hispanic population, and historic architecture.", "confidence": 1}, {"k_id": 0, "factual knowledge": "San Francisco is a city in California founded in 1772 and named for a saint, known for its diversity, historic architecture (including Art Deco and Mission), and spectacular setting.", "confidence": 1}, {"k_id": 0, "factual knowledge": "The Boston Red Sox is a baseball team in Boston, Massachusetts, notable for raising ALS Awareness, with a long history and state-of-the-art training facilities.", "confidence": 1}, {"k_id": 0, "factual knowledge": "The Boston Celtics is a basketball team in Boston, Massachusetts based in Chestnut Hill, with a storied history and association with the Irish-American community.", "confidence": 1}]