[
    {
        "k_id": 0,
        "factual knowledge": "The title of the movie is \"Citizen Ruth\".",
        "confidence": 0.8
    },
    {
        "k_id": 0,
        "factual knowledge": "The team is called the New England Patriots.",
        "confidence": 0.9
    },
    {
        "k_id": 0,
        "factual knowledge": "The Queen with an interest in archaeology is Queen Elizabeth II, who is the Queen of the United Kingdom.",
        "confidence": 0.95
    },
    {
        "k_id": 0,
        "factual knowledge": "Japan is a developed country that consumes way more seafood per person than the US.",
        "confidence": 0.9
    },
    {
        "k_id": 0,
        "factual knowledge": "Yes, there are developed countries that consume much more beef per capita than Americans do, such as Argentina and Uruguay.",
        "confidence": 0.85
    },
    {
        "k_id": 0,
        "factual knowledge": "The United States, a country of immigrants, consumes tons of chicken per person but little pork.",
        "confidence": 0.9
    },
    {
        "k_id": 0,
        "factual knowledge": "Argentina is the country where people eat more beef (burgers and steaks) than anywhere else.",
        "confidence": 0.9
    },
    {
        "k_id": 0,
        "factual knowledge": "China is the large country that spends the most on international tourism.",
        "confidence": 0.9
    },
    {
        "k_id": 0,
        "factual knowledge": "New York City has way fewer international arrivals per year than cities like London, Paris, and Bangkok.",
        "confidence": 0.9
    },
    {
        "k_id": 0,
        "factual knowledge": "Major cities like Bangkok, London, and Dubai get more international arrivals than Paris.",
        "confidence": 0.9
    }
]