[
    {
        "k_id": 0,
        "factual knowledge": "Yes, more than 20% of Americans have passports.",
        "confidence": 0.8
    },
    {
        "k_id": 0,
        "factual knowledge": "I'm sorry, but I cannot provide a specific list of books that are still banned in France.",
        "confidence": 0
    },
    {
        "k_id": 0,
        "factual knowledge": "I'm sorry, but I cannot provide a specific list of books that are still banned in Canada.",
        "confidence": 0
    },
    {
        "k_id": 0,
        "factual knowledge": "I'm sorry, but I cannot provide a specific list of books that are still banned in New Zealand.",
        "confidence": 0
    },
    {
        "k_id": 0,
        "factual knowledge": "I'm sorry, but I cannot provide a specific list of books that are still banned in California.",
        "confidence": 0
    },
    {
        "k_id": 0,
        "factual knowledge": "I'm sorry, but I cannot provide a specific list of books that are still banned in Spain.",
        "confidence": 0
    },
    {
        "k_id": 0,
        "factual knowledge": "I'm sorry, but I cannot provide a specific list of films that remain banned by British censors.",
        "confidence": 0
    },
    {
        "k_id": 0,
        "factual knowledge": "I'm sorry, but I cannot provide a specific list of movies that are still banned in Australia for being offensive.",
        "confidence": 0
    },
    {
        "k_id": 0,
        "factual knowledge": "I'm sorry, but I cannot provide a specific list of films that are still illegal to show in France.",
        "confidence": 0
    },
    {
        "k_id": 0,
        "factual knowledge": "I'm sorry, but I cannot provide a specific list of movies that are still banned in Canada for being violent.",
        "confidence": 0
    }
]