[
    {
        "k_id": 0,
        "factual knowledge": "Some videogames that were banned in New Zealand include Manhunt, Postal 2, and Reservoir Dogs.",
        "confidence": 0.9
    },
    {
        "k_id": 0,
        "factual knowledge": "Some activities that are totally legal in the Netherlands include prostitution, cannabis consumption in designated coffee shops, and euthanasia under certain conditions.",
        "confidence": 0.8
    },
    {
        "k_id": 0,
        "factual knowledge": "Some activities that are completely legal in Germany include same-sex marriage, abortion, and regulated prostitution.",
        "confidence": 0.85
    },
    {
        "k_id": 0,
        "factual knowledge": "There are no books currently banned by law in England.",
        "confidence": 0.95
    },
    {
        "k_id": 0,
        "factual knowledge": "People smoke more on average in Greece than in Russia.",
        "confidence": 0.7
    },
    {
        "k_id": 0,
        "factual knowledge": "People smoke more on average in Serbia than the French.",
        "confidence": 0.75
    },
    {
        "k_id": 0,
        "factual knowledge": "People smoke more on average in Greece than in Spain.",
        "confidence": 0.8
    },
    {
        "k_id": 0,
        "factual knowledge": "Some countries that have less guns per capita than Australia include Canada, Germany, and the United Kingdom.",
        "confidence": 0.9
    },
    {
        "k_id": 0,
        "factual knowledge": "Some countries that have the most guns in total after the United States include India, China, and Russia.",
        "confidence": 0.85
    },
    {
        "k_id": 0,
        "factual knowledge": "Finland has consistently had the best scores on PISA in Northern Europe since 2015.",
        "confidence": 0.95
    }
]