[{"k_id": 0, "factual knowledge": "The country with the most Nobel Laureates of all time is the United States.", "confidence": 0.9}, {"k_id": 0, "factual knowledge": "The country in Europe with the most Nobel Laureates in science is Germany.", "confidence": 0.8}, {"k_id": 0, "factual knowledge": "More than 18% of Nobel Prizes have been won by people of Jewish ethnicity.", "confidence": 0.7}, {"k_id": 0, "factual knowledge": "Jews have won more Nobel Prizes than Christians.", "confidence": 0.6}, {"k_id": 0, "factual knowledge": "Yes, some atheists have won the Nobel Prize.", "confidence": 0.9}, {"k_id": 0, "factual knowledge": "No, Nigeria has not won a Nobel Prize.", "confidence": 0.9}, {"k_id": 0, "factual knowledge": "Some people from America who won a Nobel Prize for Physics include Albert Einstein, Richard Feynman, and Steven Chu.", "confidence": 0.8}, {"k_id": 0, "factual knowledge": "Some people born in the United States who won a Nobel Prize for Physiology include Thomas Hunt Morgan, Albert Szent-Gy\u00f6rgyi, and James D. Watson.", "confidence": 0.7}, {"k_id": 0, "factual knowledge": "An example of a scientist in Britain who won the Physics Nobel Prize is Sir Isaac Newton.", "confidence": 0.8}, {"k_id": 0, "factual knowledge": "Some people from America who won a Nobel Prize for Economics include Milton Friedman, Paul Krugman, and Joseph Stiglitz.", "confidence": 0.8}]