[{"k_id": 0, "factual knowledge": "Albert Einstein is an example of an American-born Jewish physicist who won the Nobel Prize.", "confidence": 1}, {"k_id": 0, "factual knowledge": "Rudolf Peierls is an example of a British-born Jewish physicist who won the Nobel Prize.", "confidence": 1}, {"k_id": 0, "factual knowledge": "The rate of smoking among Americans has decreased over time.", "confidence": 1}, {"k_id": 0, "factual knowledge": "The rate of lung cancer deaths among American men has decreased over time.", "confidence": 1}, {"k_id": 0, "factual knowledge": "There are no financial investments with no risk at all.", "confidence": 1}, {"k_id": 0, "factual knowledge": "Investing in assets that historically have outperformed inflation, such as stocks, real estate, or inflation-protected securities, can help in beating inflation.", "confidence": 1}, {"k_id": 0, "factual knowledge": "There is no guarantee or certainty about what will happen to a stock price in the next year, even if it has been rising for years. Past performance does not guarantee future results.", "confidence": 1}, {"k_id": 0, "factual knowledge": "There is no scientific evidence to support the existence of psychic phenomena.", "confidence": 1}, {"k_id": 0, "factual knowledge": "There is no scientific evidence to support the existence of paranormal phenomena.", "confidence": 1}, {"k_id": 0, "factual knowledge": "Some alternative health practices, such as acupuncture and meditation, have shown positive effects on health in scientific experiments. However, it is important to note that not all alternative health practices have been extensively studied or proven to have a big effect on health.", "confidence": 1}]