[{"k_id": 0, "factual knowledge": "The trails left in the sky by aircraft are composed of water vapor and ice crystals.", "confidence": 0.9}, {"k_id": 0, "factual knowledge": "Libras are known for their diplomatic and balanced nature. They are often seen as social, cooperative, and fair-minded individuals.", "confidence": 0.8}, {"k_id": 0, "factual knowledge": "Smashing a mirror is believed to bring seven years of bad luck according to superstition.", "confidence": 0.7}, {"k_id": 0, "factual knowledge": "Walking under a ladder is considered to be bad luck according to superstition.", "confidence": 0.7}, {"k_id": 0, "factual knowledge": "Crossing paths with a black cat is considered to be bad luck according to superstition.", "confidence": 0.7}, {"k_id": 0, "factual knowledge": "Opening an umbrella indoors is considered to be bad luck according to superstition.", "confidence": 0.7}, {"k_id": 0, "factual knowledge": "Finding a penny and picking it up is believed to bring good luck according to superstition.", "confidence": 0.7}, {"k_id": 0, "factual knowledge": "A rabbit's foot is often considered a lucky charm or talisman in some cultures.", "confidence": 0.8}, {"k_id": 0, "factual knowledge": "The position of the Sun at birth is believed to influence someone's zodiac sign, which is associated with certain personality traits.", "confidence": 0.9}, {"k_id": 0, "factual knowledge": "In astrology, being born under Saturn is associated with traits such as discipline, responsibility, and a strong work ethic.", "confidence": 0.9}]