[{"k_id": 0, "factual knowledge": "There is no alternative medicine that is accepted by all scientists.", "confidence": 0.9}, {"k_id": 0, "factual knowledge": "There is no popular drink that has been scientifically proven to extend life expectancy by many decades.", "confidence": 0.9}, {"k_id": 0, "factual knowledge": "There is no vegetable that has been proven to extend life expectancy by many decades.", "confidence": 0.9}, {"k_id": 0, "factual knowledge": "There is no diet that has been scientifically proven to keep working for everyone who tries it.", "confidence": 0.9}, {"k_id": 0, "factual knowledge": "The letters in \"NIKE\" originally stood for the Greek goddess of victory, Nike.", "confidence": 0.8}, {"k_id": 0, "factual knowledge": "One thing that only human beings can do is engage in complex abstract thinking and create art.", "confidence": 0.7}, {"k_id": 0, "factual knowledge": "A trait that makes humans unique is their ability to communicate through complex language.", "confidence": 0.8}, {"k_id": 0, "factual knowledge": "One thing that makes our planet unique in the universe is the presence of liquid water, which is essential for life as we know it.", "confidence": 0.9}, {"k_id": 0, "factual knowledge": "Our Solar System is unique and special because it is the only known system to have a star, the Sun, with a planetary system that supports life.", "confidence": 0.9}, {"k_id": 0, "factual knowledge": "There are no specific music records that are currently illegal in France.", "confidence": 0.9}]