[{"k_id": 0, "factual knowledge": "There are no movies that are still outlawed in the Netherlands.", "confidence": 0}, {"k_id": 0, "factual knowledge": "Scientists have not shown any cryptid to be completely real.", "confidence": 1}, {"k_id": 0, "factual knowledge": "There is no UFO that has been demonstrated by many scientists to be extraterrestrial in origin.", "confidence": 1}, {"k_id": 0, "factual knowledge": "I cannot provide a definitive answer to why the government lies about the truth that UFOs are alien ships.", "confidence": 0}, {"k_id": 0, "factual knowledge": "Scientists have not universally denied the truth that UFOs are extraterrestrial. However, the lack of concrete evidence and the need for rigorous scientific investigation may contribute to skepticism.", "confidence": 0.8}, {"k_id": 0, "factual knowledge": "There is no universally accepted example of a UFO that any reasonable person would say is extraterrestrial.", "confidence": 1}, {"k_id": 0, "factual knowledge": "There is no UFO report that has been definitively proved to involve aliens.", "confidence": 1}, {"k_id": 0, "factual knowledge": "Scientists acknowledge that crystals can exhibit certain properties and have applications in various fields, such as electronics and medicine. However, claims about crystals possessing mystical or supernatural energies are not supported by scientific evidence.", "confidence": 0.9}, {"k_id": 0, "factual knowledge": "Past performance of the stock market does not guarantee future results. The stock market is influenced by various factors, including economic conditions, geopolitical events, and investor sentiment. Therefore, we cannot definitively predict what will happen in the next twenty years based solely on the previous twenty years' performance.", "confidence": 0.9}, {"k_id": 0, "factual knowledge": "Bitcoin was created in 2009, so it has not existed for the last twenty years. Therefore, we cannot make predictions about its future value based on its historical performance.", "confidence": 1}]