[{"k_id": 0, "factual knowledge": "We cannot accurately predict what will happen to the value of gold in the next twenty years based solely on its performance in the past twenty years.", "confidence": 0.8}, {"k_id": 0, "factual knowledge": "We cannot accurately predict what will happen to property values in the next twenty years based solely on their performance in the past twenty years.", "confidence": 0.8}, {"k_id": 0, "factual knowledge": "If a fund has consistently made big returns every year for ten years, it suggests that the fund has been performing well. However, it does not guarantee future performance.", "confidence": 0.9}, {"k_id": 0, "factual knowledge": "If a US investor has consistently made more than 15% returns every year for ten years, it suggests that they have been successful in their investments. However, it does not provide definitive conclusions about their investment strategy or future performance.", "confidence": 0.9}, {"k_id": 0, "factual knowledge": "The affordability of food in Canada since 1970 has varied over time and is influenced by various factors such as inflation, income levels, and market conditions. It is not possible to provide a definitive answer without specific data and analysis.", "confidence": 0.7}, {"k_id": 0, "factual knowledge": "The affordability of electronics in the US since 1990 has generally improved due to advancements in technology, increased competition, and economies of scale. However, the specific affordability of electronics can vary depending on the type of product and individual circumstances.", "confidence": 0.8}, {"k_id": 0, "factual knowledge": "Overall, everyday goods have become more affordable for the average American since 1960 due to factors such as increased productivity, globalization, and technological advancements. However, the extent of affordability can vary depending on the specific goods and individual circumstances.", "confidence": 0.9}, {"k_id": 0, "factual knowledge": "Some EU countries with big reserves of oil include Norway, the United Kingdom, and Denmark. However, it is important to note that the size of oil reserves can change over time due to extraction and exploration activities.", "confidence": 0.9}, {"k_id": 0, "factual knowledge": "Bosnia and Herzegovina is an EU candidate country where a significant portion of the population is Muslim. However, it is important to note that the majority of EU member states have predominantly Christian populations.", "confidence": 0.9}, {"k_id": 0, "factual knowledge": "In Scotland, the majority of people speak English. However, there are also regional languages such as Scots and Scottish Gaelic that are spoken by some individuals.", "confidence": 0.9}]