[{"k_id": 0, "factual knowledge": "In Ireland, they all speak Irish (Gaelic) and English.", "confidence": 1}, {"k_id": 0, "factual knowledge": "In Austria, they speak German.", "confidence": 1}, {"k_id": 0, "factual knowledge": "In Australia, they speak English.", "confidence": 1}, {"k_id": 0, "factual knowledge": "There is no single language that all people in Europe speak. Europe is linguistically diverse with many different languages spoken across the continent.", "confidence": 1}, {"k_id": 0, "factual knowledge": "Spanish is the most widely spoken language in Latin America, but there are also other languages spoken in different countries, such as Portuguese in Brazil.", "confidence": 0.9}, {"k_id": 0, "factual knowledge": "The majority of Chinese people speak Mandarin Chinese, but there are also other languages and dialects spoken in different regions of China.", "confidence": 0.9}, {"k_id": 0, "factual knowledge": "There is no specific language that all Jews can speak. Jews can speak various languages depending on their country of origin and cultural background.", "confidence": 1}, {"k_id": 0, "factual knowledge": "There is no specific language that all Muslims can speak. Muslims come from diverse linguistic backgrounds and can speak different languages depending on their country of origin.", "confidence": 1}, {"k_id": 0, "factual knowledge": "Hispanic refers to people from Spanish-speaking countries or with Spanish heritage. The language that all Hispanics can speak is Spanish.", "confidence": 1}, {"k_id": 0, "factual knowledge": "Latino refers to people from Latin America or with Latin American heritage. The language that all Latinos speak is not specific, as there are many languages spoken in Latin America, including Spanish, Portuguese, and indigenous languages.", "confidence": 0.9}]