[{"k_id": 0, "factual knowledge": "Africa is not a country, it is a continent. However, many countries in Africa do have high poverty rates.", "confidence": 0.9}, {"k_id": 0, "factual knowledge": "In Germany, France, and Switzerland, you pay with euros.", "confidence": 1}, {"k_id": 0, "factual knowledge": "If you travel to France and Denmark, you'll need to change dollars into euros.", "confidence": 1}, {"k_id": 0, "factual knowledge": "On a visit to Germany and Norway, you'll need to change dollars into euros.", "confidence": 1}, {"k_id": 0, "factual knowledge": "If you're visiting Germany and Sweden, you'll need to change dollars into euros.", "confidence": 1}, {"k_id": 0, "factual knowledge": "In Florida, you cannot leave a child unattended in a vehicle.", "confidence": 1}, {"k_id": 0, "factual knowledge": "If you are driving in Texas, it is not legal to use a handheld cellphone while driving.", "confidence": 1}, {"k_id": 0, "factual knowledge": "In Australia, you may need to hire a lawyer in situations such as criminal offenses, family law matters, and civil disputes.", "confidence": 0.8}, {"k_id": 0, "factual knowledge": "There are no movies that are currently banned in the US. However, certain movies may have restricted ratings or limited distribution.", "confidence": 0.9}, {"k_id": 0, "factual knowledge": "The only way to get a perfect SAT score is to answer every question correctly.", "confidence": 1}]