[
    {
        "k_id": 0,
        "factual knowledge": "New Hampshire is a state in the North East of America, named after an English county. It is known for its tax rate, landscapes, and unique personalities.",
        "confidence": 1
    },
    {
        "k_id": 0,
        "factual knowledge": "There are several countries with lower obesity rates than the United States, including Japan, Korea, and many European countries.",
        "confidence": 0.8
    },
    {
        "k_id": 0,
        "factual knowledge": "There are several rich countries with lower obesity rates than Ireland, including Japan, Korea, and many European countries.",
        "confidence": 0.8
    },
    {
        "k_id": 0,
        "factual knowledge": "Switzerland has a lower obesity rate compared to many other rich countries, such as the United States, Mexico, and some countries in the Middle East.",
        "confidence": 0.7
    },
    {
        "k_id": 0,
        "factual knowledge": "China has a higher obesity rate compared to many other countries, including India, Indonesia, and several African countries.",
        "confidence": 0.7
    },
    {
        "k_id": 0,
        "factual knowledge": "Mexico has a higher obesity rate compared to Ireland.",
        "confidence": 0.9
    },
    {
        "k_id": 0,
        "factual knowledge": "The US Federal budget allocates a relatively small portion for foreign aid to poor countries.",
        "confidence": 0.9
    },
    {
        "k_id": 0,
        "factual knowledge": "The former mayor and famous billionaire businessman with three kids, whose first name is Bill, is Bill Gates.",
        "confidence": 1
    },
    {
        "k_id": 0,
        "factual knowledge": "The brilliant inventor and businessman known for jets and batteries, who never graduated college but founded a major company, is Bill Gates.",
        "confidence": 1
    },
    {
        "k_id": 0,
        "factual knowledge": "There are no birds that can add up numbers just as well as humans. Birds have different cognitive abilities and problem-solving skills compared to humans.",
        "confidence": 0.9
    }
]