[{"k_id": 0, "factual knowledge": "There is no evidence to suggest that any animals can add up numbers just as well as humans.", "confidence": 1}, {"k_id": 0, "factual knowledge": "There is no evidence to suggest that any animals can learn to speak just as well as the average human.", "confidence": 1}, {"k_id": 0, "factual knowledge": "If a chimpanzee is raised like a human child, it can learn to communicate using sign language, understand spoken language to some extent, and perform certain tasks.", "confidence": 0.8}, {"k_id": 0, "factual knowledge": "If a monkey is brought up in a human household, it can learn some basic tasks and behaviors, but it will not be able to fully acquire human language or complex cognitive abilities.", "confidence": 0.7}, {"k_id": 0, "factual knowledge": "Yes, it is true that no birds have ever become fluent in English. Birds have their own unique forms of communication and language.", "confidence": 1}, {"k_id": 0, "factual knowledge": "The winter weather in Paris is generally milder compared to Philadelphia. Paris has a temperate oceanic climate, while Philadelphia has a humid subtropical climate.", "confidence": 0.9}, {"k_id": 0, "factual knowledge": "The summer weather in New York City is generally hotter and more humid compared to Rome. New York City has a humid subtropical climate, while Rome has a Mediterranean climate.", "confidence": 0.9}, {"k_id": 0, "factual knowledge": "February in Amsterdam is generally colder compared to Philadelphia. Amsterdam has a temperate maritime climate, while Philadelphia has a humid subtropical climate.", "confidence": 0.9}, {"k_id": 0, "factual knowledge": "The Republic of Malta.", "confidence": 0.8}, {"k_id": 0, "factual knowledge": "The United States of America.", "confidence": 1}]