[{"k_id": 0, "factual knowledge": "The Commonwealth of Dominica is a non-aligned state, formerly British, with an airport and large Roman Catholic population.", "confidence": 0.9}, {"k_id": 0, "factual knowledge": "Elvis Presley, son of an actor, was an American guitarist and rock singer who released many songs and albums and toured with his band.", "confidence": 1}, {"k_id": 0, "factual knowledge": "Elvis Costello, with roots in New York, achieved fame as a solo artist and suffered a tragedy in his family.", "confidence": 0.7}, {"k_id": 0, "factual knowledge": "Jennifer Love Hewitt, with roots in Texas, had her breakthrough in TV before becoming a sex symbol and movie star.", "confidence": 0.8}, {"k_id": 0, "factual knowledge": "The United Arab Emirates is a federal state in the Gulf with valuable natural resources that contains a global city and international hub and is a member of the United Nations.", "confidence": 0.9}, {"k_id": 0, "factual knowledge": "Real Madrid, with a white-black kit, is a historic Spanish football club that was one of the founders of La Liga.", "confidence": 1}, {"k_id": 0, "factual knowledge": "The Fundamental Theorem of Calculus is a key mathematical result that was proved by a brilliant polymath and is associated with Los.", "confidence": 0.9}, {"k_id": 0, "factual knowledge": "The Fundamental Theorem of Linear Programming is an important result related to the Simplex Method and optimization, and it is relatively accessible to applied math and engineering.", "confidence": 0.8}, {"k_id": 0, "factual knowledge": "The Fundamental Theorem of Algebra is an important result about polynomials, with multiple well-known proofs (including by induction) and is associated with a towering German genius.", "confidence": 1}, {"k_id": 0, "factual knowledge": "Cardiff is the biggest and most diverse city in Wales, serving as its cultural and media capital, with the most tourist attractions, foreigners, and rich people.", "confidence": 0.9}]