[{"k_id": 0, "factual knowledge": "The city described as \"our biggest and most diverse city, it's an economic hub with lots of tourists and very expensive rents\" is Auckland.", "confidence": 1}, {"k_id": 0, "factual knowledge": "The city described as \"our biggest and most diverse city, our cultural and media capital, with the most tourist attractions, foreigners, and rich people\" is Belfast.", "confidence": 1}, {"k_id": 0, "factual knowledge": "The university described as \"one of our oldest and most famous universities that often tops the ranking of undergraduate institutions, with iconic Gothic architecture modeled on Oxford and Cambridge, a law school, an illustrious network of alumni and an urban setting\" is the University of Otago.", "confidence": 0.8}, {"k_id": 0, "factual knowledge": "The university described as \"one of our most famous universities that often tops the ranking of our undergraduate institutions, with classical architecture and modern buildings, a law school, and a campus in an urban setting in a major city\" is Cardiff University.", "confidence": 0.9}, {"k_id": 0, "factual knowledge": "The university described as \"our most famous university that often tops the ranking of our undergraduate institutions, with classical architecture and modern buildings, a law school, and an urban setting in a major city\" is the University of Cape Town.", "confidence": 0.9}, {"k_id": 0, "factual knowledge": "The university described as \"our oldest and most famous university that often tops of the ranking of our undergraduate institutions, with classical architecture in red bricks, a law school, a medical school, and a campus set in a major city\" is Queen's University Belfast.", "confidence": 0.9}, {"k_id": 0, "factual knowledge": "The place where it rains literally all the time is Cherrapunji, India.", "confidence": 0.9}, {"k_id": 0, "factual knowledge": "The place on Earth where the sun literally never shines at all is Barrow, Alaska, United States.", "confidence": 0.9}, {"k_id": 0, "factual knowledge": "The place where it never ever stops raining is Mawsynram, India.", "confidence": 0.9}, {"k_id": 0, "factual knowledge": "The city that is cloudy literally all the time is Lima, Peru.", "confidence": 0.9}]