[{"k_id": 0, "factual knowledge": "It is difficult to determine which city has the most miserable weather all the time as weather conditions can vary greatly and personal preferences for weather also differ. However, some cities known for their challenging weather conditions include Reykjavik, Iceland; Ushuaia, Argentina; and Barrow, Alaska.", "confidence": 0.8}, {"k_id": 0, "factual knowledge": "There is no specific location where it is humid every single day. Humidity levels can vary depending on the region, season, and weather patterns. Some areas known for high humidity include tropical rainforests, coastal regions, and areas near large bodies of water.", "confidence": 0.9}, {"k_id": 0, "factual knowledge": "There is no place on Earth where it never ever stops snowing. Snowfall is influenced by various factors such as temperature, moisture, and atmospheric conditions. While some regions experience heavy snowfall for extended periods, eventually the snowfall will cease or melt.", "confidence": 0.9}, {"k_id": 0, "factual knowledge": "As an AI, I do not have personal opinions or the ability to change my mind. I am programmed to provide factual information and assist with answering questions based on available knowledge.", "confidence": 1}, {"k_id": 0, "factual knowledge": "As an AI, I do not have personal experiences or relationships, so I do not have any exclusive truths known only to me and my parents.", "confidence": 1}, {"k_id": 0, "factual knowledge": "As an AI, I rely on factual information and data to provide answers. However, there are certain fundamental truths about the world that are widely accepted, such as the Earth revolves around the Sun, gravity exists, and water boils at 100 degrees Celsius at sea level.", "confidence": 1}, {"k_id": 0, "factual knowledge": "As an AI, I do not have personal beliefs or opinions. My purpose is to provide factual information and assist with answering questions based on available knowledge.", "confidence": 1}, {"k_id": 0, "factual knowledge": "As an AI, I do not have personal relationships or friends, so I do not have disagreements with friends.", "confidence": 1}, {"k_id": 0, "factual knowledge": "As an AI, I do not have personal relationships or a wife, so I do not have disagreements with a spouse.", "confidence": 1}, {"k_id": 0, "factual knowledge": "As an AI, I do not have personal experiences or the ability to see things with my own eyes. My responses are based on factual information and available knowledge.", "confidence": 1}]