[{"k_id": 0, "factual knowledge": "Telling a lie does not have a direct effect on your pants.", "confidence": 1}, {"k_id": 0, "factual knowledge": "There is no scientific evidence to support the existence of witches or their abilities, so there is no reasonable way to protect yourself from someone being a witch in real life.", "confidence": 1}, {"k_id": 0, "factual knowledge": "A monkey's paw is a fictional item often associated with a supernatural curse. It is commonly depicted as granting wishes but with negative consequences.", "confidence": 1}, {"k_id": 0, "factual knowledge": "The existence of real psychics is highly debated and lacks scientific evidence. It is recommended to approach claims of psychic abilities with skepticism.", "confidence": 1}, {"k_id": 0, "factual knowledge": "The movement of the planchette on a Ouija board is believed to be guided by the subconscious ideomotor movements of the participants. It is not attributed to any supernatural force.", "confidence": 1}, {"k_id": 0, "factual knowledge": "There is no scientific evidence to support the existence of communication with the dead. Various methods such as s\u00e9ances, mediums, and spirit boards have been claimed, but they lack empirical validation.", "confidence": 1}, {"k_id": 0, "factual knowledge": "The existence of ghosts is not scientifically proven, and there is no specific location where one can go to see real ghosts.", "confidence": 1}, {"k_id": 0, "factual knowledge": "From a scientific perspective, there is no evidence to support the existence of evil spirits or possession.", "confidence": 1}, {"k_id": 0, "factual knowledge": "Broomsticks are commonly used for cleaning floors by sweeping away dust and debris. In folklore and fiction, broomsticks are associated with witches and flying, but in reality, they are not capable of such abilities.", "confidence": 1}, {"k_id": 0, "factual knowledge": "Exorcism is a religious or spiritual practice aimed at removing supposed evil spirits or demonic entities from a person, place, or object. The effectiveness and reality of exorcism are subjects of debate and vary depending on individual beliefs.", "confidence": 1}]