[{"k_id": 0, "factual knowledge": "As an AI, I do not have the capability to see things with my own eyes.", "confidence": 1}, {"k_id": 0, "factual knowledge": "As an AI, I do not have personal beliefs or trust relationships.", "confidence": 1}, {"k_id": 0, "factual knowledge": "As an AI, I do not have personal beliefs or experiences to form opinions.", "confidence": 1}, {"k_id": 0, "factual knowledge": "I cannot provide a specific fact as I do not have access to real-time information or the ability to verify government statements.", "confidence": 0}, {"k_id": 0, "factual knowledge": "I cannot determine the specific truth that the news media may be trying to hide as it depends on individual perspectives and biases.", "confidence": 0}, {"k_id": 0, "factual knowledge": "I cannot determine the biggest lie that the media may be pushing as it depends on individual perspectives and biases.", "confidence": 0}, {"k_id": 0, "factual knowledge": "I cannot provide the specific information you learned from a Facebook group as I do not have access to personal experiences or real-time information.", "confidence": 0}, {"k_id": 0, "factual knowledge": "It is difficult to generalize what rich people won't admit as beliefs and attitudes vary among individuals. Additionally, the perception of what everyone knows as true can also vary.", "confidence": 0.5}, {"k_id": 0, "factual knowledge": "I cannot determine a specific fact that everyone on the East Coast lies about as it depends on individual behaviors and circumstances.", "confidence": 0}, {"k_id": 0, "factual knowledge": "It is difficult to determine a specific fact that everyone in Canada knows is true as beliefs and knowledge can vary among individuals.", "confidence": 0.5}]