[{"k_id": 0, "factual knowledge": "Mothers know that their children are the most important thing in the world to them.", "confidence": 1}, {"k_id": 0, "factual knowledge": "There is scientific evidence that some people can learn new information and skills in their sleep.", "confidence": 0.8}, {"k_id": 0, "factual knowledge": "If you imagine and dream about something long and hard enough, it can increase your motivation and focus towards achieving that goal.", "confidence": 0.9}, {"k_id": 0, "factual knowledge": "Dreams can reveal our subconscious thoughts, emotions, and desires.", "confidence": 1}, {"k_id": 0, "factual knowledge": "Science has shown that artists get their ideas from various sources such as personal experiences, observations, emotions, and imagination.", "confidence": 0.9}, {"k_id": 0, "factual knowledge": "Science has shown that rock stars get their ideas from various sources such as personal experiences, emotions, social issues, and musical influences.", "confidence": 0.9}, {"k_id": 0, "factual knowledge": "Artists in the 1960s were influenced by various factors such as cultural and social changes, political movements, experimentation with new techniques and materials, and the desire to challenge traditional norms.", "confidence": 0.9}, {"k_id": 0, "factual knowledge": "Visionaries in California got their ideas from a combination of factors such as personal experiences, exposure to diverse cultures and perspectives, collaboration with other creative individuals, and the innovative environment of California.", "confidence": 0.9}, {"k_id": 0, "factual knowledge": "Dreams can provide insights into our subconscious thoughts, emotions, and desires, but they do not provide reliable predictions about the future.", "confidence": 0.8}, {"k_id": 0, "factual knowledge": "Having a dream about finding success in the future can increase motivation and confidence, but it does not guarantee future success. Achieving success requires consistent effort, hard work, and strategic planning.", "confidence": 0.9}]