[{"k_id": 0, "factual knowledge": "Dreaming of doing something and making a wish does not guarantee success. Success is determined by various factors such as effort, skills, opportunities, and circumstances.", "confidence": 0.9}, {"k_id": 0, "factual knowledge": "As an AI, I don't have physical actions or plans. My purpose is to provide information and assist with answering questions.", "confidence": 1}, {"k_id": 0, "factual knowledge": "As an AI, I don't have the ability to go out or engage in social activities. I exist solely to provide information and assist with answering questions.", "confidence": 1}, {"k_id": 0, "factual knowledge": "As an AI, I don't have physical presence or relationships. I cannot engage in any form of violence or harm towards others.", "confidence": 1}, {"k_id": 0, "factual knowledge": "As an AI, I don't have children or the ability to physically discipline anyone. The decision to spank children is a personal and controversial topic, with varying opinions and approaches.", "confidence": 0.9}, {"k_id": 0, "factual knowledge": "As an AI, I don't have physical possessions or the ability to own anything. I exist solely as a digital entity to provide information and assist with answering questions.", "confidence": 1}, {"k_id": 0, "factual knowledge": "As an AI, I don't have the ability to work or be influenced by a boss. I exist solely to provide information and assist with answering questions.", "confidence": 1}, {"k_id": 0, "factual knowledge": "As an AI, I don't have personal motivations or the ability to lie. I am programmed to provide accurate and factual information to the best of my abilities.", "confidence": 1}, {"k_id": 0, "factual knowledge": "As an AI, I don't have thoughts or consciousness. I am here to provide information and assist with answering questions.", "confidence": 1}, {"k_id": 0, "factual knowledge": "I cannot predict the future plans or projects of individuals. For the latest updates on Tom Hanks, it is best to refer to reliable news sources or his official social media accounts.", "confidence": 0.8}]