[{"k_id": 0, "factual knowledge": "I'm sorry, I cannot predict the future plans of individuals.", "confidence": 0}, {"k_id": 0, "factual knowledge": "I'm sorry, I cannot predict the future plans of individuals.", "confidence": 0}, {"k_id": 0, "factual knowledge": "I'm sorry, I cannot predict the future plans of individuals.", "confidence": 0}, {"k_id": 0, "factual knowledge": "I'm sorry, I cannot predict the future plans of individuals.", "confidence": 0}, {"k_id": 0, "factual knowledge": "I'm sorry, I don't have information about Leonardo DiCaprio's current dating status.", "confidence": 0}, {"k_id": 0, "factual knowledge": "I'm sorry, I don't have information about Jennifer Aniston's current dating status.", "confidence": 0}, {"k_id": 0, "factual knowledge": "I'm sorry, I don't have information about Angelina Jolie's current dating status.", "confidence": 0}, {"k_id": 0, "factual knowledge": "As an AI, I don't have personal beliefs or opinions. However, good Christians may have knowledge about various aspects of their faith and teachings that may not be known to others.", "confidence": 0.8}, {"k_id": 0, "factual knowledge": "As an AI, I don't have personal beliefs or opinions. However, good Mormons may have knowledge about various aspects of their faith and teachings that may not be known to others.", "confidence": 0.8}, {"k_id": 0, "factual knowledge": "I cannot provide a specific answer to this question as it requires detailed knowledge of classified information and government actions. However, it is known that governments may sometimes withhold information from the public for various reasons.", "confidence": 0.7}]