[{"k_id": 0, "factual knowledge": "Scientists rely on evidence-based research and the scientific method to form their conclusions.", "confidence": 0.8}, {"k_id": 0, "factual knowledge": "Scientists do not have a motive to cover up truths. Their goal is to uncover and understand the truth through rigorous research and analysis.", "confidence": 0.9}, {"k_id": 0, "factual knowledge": "The term 'truthers' is often associated with conspiracy theories, which are not based on widely accepted facts. Therefore, it is difficult to identify a fact that all truthers would agree on.", "confidence": 0.7}, {"k_id": 0, "factual knowledge": "As with any political group, there may be specific beliefs or interpretations that are more prevalent among Trump fans. However, it is important to note that facts should be based on objective evidence and widely accepted information.", "confidence": 0.8}, {"k_id": 0, "factual knowledge": "Christianity encompasses a wide range of beliefs and interpretations. While there may be specific knowledge or teachings that are more prevalent among Christians, it is not accurate to claim that only 'real' Christians possess certain facts.", "confidence": 0.7}, {"k_id": 0, "factual knowledge": "Swifties, or fans of Taylor Swift, may have in-depth knowledge about her music, career, and personal life. However, it is subjective to claim that there are facts that only Swifties know.", "confidence": 0.6}, {"k_id": 0, "factual knowledge": "The statement alone does not provide enough information to draw conclusions about the vaccine. It is important to consider factors such as the effectiveness of the vaccine, the population vaccinated, and other variables that may contribute to the spread of the disease.", "confidence": 0.8}, {"k_id": 0, "factual knowledge": "To protect against defamation claims in the U.S., it is advisable to ensure that any statements made are true or based on a reasonable belief in their truthfulness. Additionally, seeking legal advice from an attorney can provide guidance on specific situations.", "confidence": 0.9}, {"k_id": 0, "factual knowledge": "Common vaccines do not permanently modify DNA. Vaccines work by stimulating the immune system to recognize and fight specific pathogens, but they do not alter an individual's genetic makeup.", "confidence": 0.9}, {"k_id": 0, "factual knowledge": "Yes, machine learning algorithms can be biased. Bias can be introduced through the data used to train the algorithms or the design choices made during their development. It is important to address and mitigate bias to ensure fairness and accuracy in machine learning applications.", "confidence": 0.9}]