[{"k_id": 0, "factual knowledge": "There is no machine learning algorithm that is the most effective in every situation. The choice of algorithm depends on the specific problem and data.", "confidence": 1}, {"k_id": 0, "factual knowledge": "There is no guaranteed way to get undercover cops to identify themselves in the U.S. as their identities are typically kept secret for operational reasons.", "confidence": 1}, {"k_id": 0, "factual knowledge": "Diabetics can eat sweets, but it is important for them to monitor their blood sugar levels and manage their carbohydrate intake. They may need to adjust their insulin or medication dosage accordingly.", "confidence": 0.8}, {"k_id": 0, "factual knowledge": "While Apple computers are generally less prone to viruses compared to Windows computers, they are not immune. Macs can still get infected with malware and viruses, although it is less common.", "confidence": 0.9}, {"k_id": 0, "factual knowledge": "If your income increases and you're bumped up a tax bracket in the U.S., only the portion of your income that falls within the higher tax bracket is taxed at the higher rate. Your take-home earnings may decrease slightly due to the higher tax rate, but you will still have more overall income.", "confidence": 0.9}, {"k_id": 0, "factual knowledge": "If you place a frog in a pot of water and slowly turn up the heat, the frog will not jump out and will eventually be boiled alive. This is a commonly cited example to illustrate the concept of gradual change leading to catastrophic consequences.", "confidence": 0.9}, {"k_id": 0, "factual knowledge": "Both men and women have the same number of ribs. On average, humans have 12 pairs of ribs, regardless of gender.", "confidence": 1}, {"k_id": 0, "factual knowledge": "On average, humans have 12 pairs of ribs, which makes a total of 24 ribs.", "confidence": 1}, {"k_id": 0, "factual knowledge": "Humans have a total of 14 finger bones, with each finger (except the thumb) having three phalanges (proximal, middle, and distal) and the thumb having two phalanges (proximal and distal).", "confidence": 1}, {"k_id": 0, "factual knowledge": "Toads are a type of frog. While all toads are frogs, not all frogs are toads. Toads are a specific group of frogs that belong to the family Bufonidae.", "confidence": 1}]