[{"k_id": 0, "factual knowledge": "Touching a toad can cause skin irritation or allergic reactions due to the toxins they secrete through their skin.", "confidence": 0.8}, {"k_id": 0, "factual knowledge": "There is no scientific evidence to support the claim that ingesting powdered rhino horn can cure any medical condition.", "confidence": 1}, {"k_id": 0, "factual knowledge": "There is no scientific evidence to support the claim that ingesting pangolin scales can cure any medical condition.", "confidence": 1}, {"k_id": 0, "factual knowledge": "Lemmings do not intentionally jump off cliffs as part of mass suicide. The myth originated from a staged documentary.", "confidence": 1}, {"k_id": 0, "factual knowledge": "Albert Einstein did not flunk any subjects in school and was an exceptional student in mathematics and physics.", "confidence": 1}, {"k_id": 0, "factual knowledge": "If bitten by a venomous snake, seek immediate medical attention and do not attempt ineffective methods like sucking out the venom or applying a tourniquet.", "confidence": 0.9}, {"k_id": 0, "factual knowledge": "Porcupines are not aggressive animals and typically do not attack. When threatened, they raise their quills for defense.", "confidence": 0.9}, {"k_id": 0, "factual knowledge": "Birds can digest uncooked rice without harm, but it is best to avoid feeding them large quantities as it can cause discomfort.", "confidence": 1}, {"k_id": 0, "factual knowledge": "Sleeping with an electric fan on is generally safe and can promote air circulation and cooling. Some individuals may experience dryness or irritation.", "confidence": 0.9}, {"k_id": 0, "factual knowledge": "Blood type A has no direct correlation with specific personality traits.", "confidence": 1}]