[{"k_id": 0, "factual knowledge": "There is no scientific evidence to suggest that any specific blood type makes someone a better CEO.", "confidence": 1}, {"k_id": 0, "factual knowledge": "Standing close to a microwave while it is in operation is generally safe. However, it is recommended to maintain a safe distance to avoid any potential exposure to electromagnetic radiation.", "confidence": 0.9}, {"k_id": 0, "factual knowledge": "There is no machine that can accurately determine if someone is lying. Lie detection is a complex process that involves various factors and is typically done through behavioral analysis and questioning techniques.", "confidence": 1}, {"k_id": 0, "factual knowledge": "The Pilgrims first landed in Plymouth, Massachusetts, in 1620.", "confidence": 1}, {"k_id": 0, "factual knowledge": "Type 1 diabetes is an autoimmune disease and is not caused by specific foods. It is believed to be influenced by genetic and environmental factors.", "confidence": 1}, {"k_id": 0, "factual knowledge": "The best thing for cats to drink is water. It is important to ensure that cats have access to fresh and clean water at all times.", "confidence": 1}, {"k_id": 0, "factual knowledge": "Humans have traditionally been believed to have five senses: sight, hearing, taste, smell, and touch. However, some scientists argue that humans have more than five senses, including senses like proprioception (body awareness) and equilibrioception (balance).", "confidence": 1}, {"k_id": 0, "factual knowledge": "The black box on an airplane is actually orange. It is called a black box due to its historical design, which was black to blend in with the cockpit instruments.", "confidence": 1}, {"k_id": 0, "factual knowledge": "In the U.S., it is generally not illegal to turn on the light in the backseat of a car while driving. However, it is recommended to avoid any distractions that may affect safe driving.", "confidence": 0.9}, {"k_id": 0, "factual knowledge": "The song \"Puff the Magic Dragon\" is a children's song written by Leonard Lipton and Peter Yarrow. It is often interpreted as a song about the loss of innocence and the transition from childhood to adulthood.", "confidence": 1}]