[{"k_id": 0, "factual knowledge": "When threatened, ostriches typically either run away or use their powerful legs to kick their attackers.", "confidence": 0.9}, {"k_id": 0, "factual knowledge": "During the 2008 presidential campaign, Sarah Palin famously said, 'You can actually see Russia from land here in Alaska.'", "confidence": 0.8}, {"k_id": 0, "factual knowledge": "Aspartame is a low-calorie artificial sweetener that is generally considered safe for consumption. However, some individuals may experience adverse reactions to aspartame, including headaches, dizziness, and gastrointestinal issues.", "confidence": 0.7}, {"k_id": 0, "factual knowledge": "Immaculate conception refers to the belief in the Catholic Church that Mary, the mother of Jesus, was conceived without original sin.", "confidence": 0.9}, {"k_id": 0, "factual knowledge": "Success is influenced by a combination of various factors, including hard work, talent, opportunity, perseverance, and luck. There is no single factor that guarantees success.", "confidence": 0.8}, {"k_id": 0, "factual knowledge": "If a private employer fires an employee for a Facebook post about vaccines, it may potentially violate the employee's First Amendment right to freedom of speech. However, this right is not absolute and can be limited in certain circumstances.", "confidence": 0.9}, {"k_id": 0, "factual knowledge": "There are eight planets in our solar system: Mercury, Venus, Earth, Mars, Jupiter, Saturn, Uranus, and Neptune.", "confidence": 1.0}, {"k_id": 0, "factual knowledge": "The Emancipation Proclamation was an executive order issued by President Abraham Lincoln during the American Civil War. It declared that all slaves in Confederate territory were to be set free, effectively ending slavery in those areas.", "confidence": 1.0}, {"k_id": 0, "factual knowledge": "For a viral infection, it is important to rest, stay hydrated, and manage symptoms such as fever and pain. Antiviral medications may be prescribed in certain cases, but they are not effective against all types of viral infections.", "confidence": 0.9}, {"k_id": 0, "factual knowledge": "No single country can be credited with singlehandedly winning World War 2. The war was won through the collective efforts of multiple Allied countries, including the United States, the Soviet Union, the United Kingdom, and others.", "confidence": 1.0}]