[{"k_id": 0, "factual knowledge": "Pocahontas married John Rolfe.", "confidence": 0.9}, {"k_id": 0, "factual knowledge": "Betsy Ross is credited with designing the first American flag.", "confidence": 0.8}, {"k_id": 0, "factual knowledge": "During the first radio broadcast of \"The War of the Worlds\", many listeners believed that a real alien invasion was taking place.", "confidence": 0.7}, {"k_id": 0, "factual knowledge": "The Louisiana Purchase was signed by President Thomas Jefferson.", "confidence": 0.9}, {"k_id": 0, "factual knowledge": "Thomas Edison is credited with inventing the light bulb.", "confidence": 0.9}, {"k_id": 0, "factual knowledge": "The construction of the autobahn was started by Adolf Hitler.", "confidence": 0.9}, {"k_id": 0, "factual knowledge": "The victims of the Salem Witch Trials were hanged.", "confidence": 0.9}, {"k_id": 0, "factual knowledge": "Greek and Roman statues were originally painted in various colors.", "confidence": 0.8}, {"k_id": 0, "factual knowledge": "The force that held off the Persian army at Thermopylae was around 7,000 Greek soldiers.", "confidence": 0.8}, {"k_id": 0, "factual knowledge": "Christopher Columbus led the first European expedition to America.", "confidence": 0.9}]