[{"k_id": 0, "factual knowledge": "Drawing a pentagram is a geometric shape consisting of a five-pointed star. It has various meanings in different contexts, such as representing the five elements in Wiccan and pagan traditions. However, it does not have any supernatural or magical effects in real life.", "confidence": 1}, {"k_id": 0, "factual knowledge": "In real life, there are no detectives who live on Baker Street in London. However, the fictional detective Sherlock Holmes, created by Sir Arthur Conan Doyle, is often associated with Baker Street.", "confidence": 1}, {"k_id": 0, "factual knowledge": "In real life, there is no station in London that would take you to Hogwarts. Hogwarts is a fictional school from the Harry Potter series by J.K. Rowling.", "confidence": 1}, {"k_id": 0, "factual knowledge": "In real life, no one lives at 4 Privet Drive. 4 Privet Drive is the fictional home of the Dursley family in the Harry Potter series.", "confidence": 1}, {"k_id": 0, "factual knowledge": "In real life, there are no wizards living in the West Country or anywhere else. Wizards are fictional characters commonly found in fantasy literature and movies.", "confidence": 1}, {"k_id": 0, "factual knowledge": "Vampires are mythical creatures and do not exist in the real world. Therefore, you cannot find vampires anywhere in the U.S. or any other country.", "confidence": 1}, {"k_id": 0, "factual knowledge": "Since vampires are fictional creatures, there is no need to watch out for them in real life. However, vampire stories often depict them as being active during the night or having a preference for darkness.", "confidence": 1}, {"k_id": 0, "factual knowledge": "No, vampires are not real. They are mythical creatures often depicted in folklore, literature, and popular culture.", "confidence": 1}, {"k_id": 0, "factual knowledge": "No, it is not possible to get turned into a vampire. Vampires are fictional creatures and do not exist in reality.", "confidence": 1}, {"k_id": 0, "factual knowledge": "Dragons are mythical creatures and do not exist in the real world. Therefore, there are no dragons left in the world.", "confidence": 1}]