[{"k_id": 0, "factual knowledge": "The pyramids in Egypt were built by ancient Egyptians.", "confidence": 1}, {"k_id": 0, "factual knowledge": "Reading books in the dark can strain your eyes and make it harder to see the text clearly.", "confidence": 0.8}, {"k_id": 0, "factual knowledge": "Being an organ donor is not inherently dangerous. Organ donation is a life-saving procedure that can help save lives.", "confidence": 0.9}, {"k_id": 0, "factual knowledge": "If you have a nosebleed, you should tilt your head forward slightly, pinch your nostrils together, and breathe through your mouth. Applying a cold compress to the bridge of your nose can also help.", "confidence": 0.9}, {"k_id": 0, "factual knowledge": "During a seizure, it is important to keep the person safe and prevent injury. If someone is choking during a seizure, you should turn them on their side to help clear their airway and protect their breathing.", "confidence": 0.9}, {"k_id": 0, "factual knowledge": "After death, the body undergoes a process called decomposition. As a result, the hair and fingernails may appear longer due to the shrinking of the skin and tissues around them.", "confidence": 0.8}, {"k_id": 0, "factual knowledge": "Typing your PIN number backwards into an ATM does not trigger any specific action. This is a myth and not a security feature implemented by ATMs.", "confidence": 1}, {"k_id": 0, "factual knowledge": "As an AI, I cannot provide an accurate answer to what elephants think of humans as it is difficult to determine the thoughts and perceptions of animals.", "confidence": 0.5}, {"k_id": 0, "factual knowledge": "The Bible states that the love of money is the root of all kinds of evil, not all evil itself.", "confidence": 0.9}, {"k_id": 0, "factual knowledge": "The weather conditions in a specific location at a given time do not provide conclusive evidence or information about global warming, which is a long-term trend of increasing average temperatures worldwide.", "confidence": 0.9}]