[{"k_id": 0, "factual knowledge": "In the U.K., you can protect yourself against claims of copyright infringement by obtaining permission from the copyright owner, using copyrighted material within the limits of fair use, or by creating original works that do not infringe on existing copyrights.", "confidence": 0.9}, {"k_id": 0, "factual knowledge": "In the U.S., the police are generally not allowed to let you commit a crime if they have the ability to stop you. However, there may be certain circumstances where law enforcement agencies may engage in undercover operations or use other tactics that involve allowing a crime to occur in order to gather evidence or apprehend suspects.", "confidence": 0.8}, {"k_id": 0, "factual knowledge": "If American police do not inform you of your Miranda rights when you are taken into custody, any statements you make during the interrogation may be deemed inadmissible in court. However, this does not automatically invalidate the entire case against you. Other evidence may still be used to establish guilt.", "confidence": 0.9}, {"k_id": 0, "factual knowledge": "Signs that someone may be drowning include struggling to stay afloat, gasping for air, bobbing up and down in the water, and appearing to be in a panic. However, it is important to note that drowning can happen quickly and quietly, without obvious signs, so it is always best to be vigilant and seek help if there is any concern.", "confidence": 0.9}, {"k_id": 0, "factual knowledge": "Given a fair coin, both coin toss sequences, HHHHH and HTTHT, have an equal probability of occurring. Each individual coin toss is independent of the previous tosses, so the outcome of one toss does not affect the outcome of the next toss.", "confidence": 1.0}, {"k_id": 0, "factual knowledge": "Yes, the majority of a set of numbers can be larger than the average. The average is calculated by summing all the numbers in the set and dividing by the total number of values. It is possible for a few large numbers to significantly influence the average, while the majority of the numbers are smaller.", "confidence": 1.0}, {"k_id": 0, "factual knowledge": "Contrary to popular belief, vomitoriums were not used by the Romans for the purpose of vomiting after meals. Vomitoriums were actually passageways in amphitheaters and stadiums that allowed large crowds to enter and exit quickly.", "confidence": 0.9}, {"k_id": 0, "factual knowledge": "Sharks can get cancer, although the incidence of cancer in sharks is relatively low compared to other animals. Sharks have been found to develop various types of tumors, including both benign and malignant ones.", "confidence": 0.9}, {"k_id": 0, "factual knowledge": "Iron maidens, the alleged torture devices, were not commonly used during medieval times as is often believed. The concept of iron maidens as torture devices is largely a myth and there is little historical evidence to support their widespread use.", "confidence": 0.9}, {"k_id": 0, "factual knowledge": "Humans evolved from a common ancestor with other primates, such as chimpanzees and bonobos. The exact details of human evolution are still a subject of scientific research and debate, but the evidence suggests that humans share a common ancestry with other primates.", "confidence": 1.0}]