[{"k_id": 0, "factual knowledge": "No, 91 is not a prime number.", "confidence": 1}, {"k_id": 0, "factual knowledge": "Pink Himalayan salt is claimed to have several health benefits, including improved respiratory function, balanced electrolytes, and better digestion. However, scientific evidence supporting these claims is limited.", "confidence": 0.7}, {"k_id": 0, "factual knowledge": "Using antiperspirant can have some downsides, such as skin irritation, allergic reactions, and potential health concerns due to the presence of aluminum compounds. However, these risks are generally low and vary from person to person.", "confidence": 0.8}, {"k_id": 0, "factual knowledge": "Crossing your eyes for too long can cause temporary eye strain, fatigue, and discomfort. However, it is unlikely to cause any long-term damage.", "confidence": 0.9}, {"k_id": 0, "factual knowledge": "Going outdoors in cold weather can lead to various effects on the body, such as vasoconstriction (narrowing of blood vessels), increased heart rate, shivering, and potential risk of hypothermia if not properly dressed. However, these effects can be mitigated by wearing appropriate clothing and taking necessary precautions.", "confidence": 0.9}, {"k_id": 0, "factual knowledge": "Lifting your arms above your head during pregnancy is generally safe and does not pose any harm to the baby. It is a common myth that it can cause the umbilical cord to wrap around the baby's neck. However, this is not supported by scientific evidence.", "confidence": 0.9}, {"k_id": 0, "factual knowledge": "There was no terrorism-related incident that happened at Bowling Green, Kentucky. The reference to a terrorism incident in Bowling Green was made by Kellyanne Conway, a counselor to President Donald Trump, in a 2017 interview. However, her statement was later clarified as a miscommunication.", "confidence": 0.9}, {"k_id": 0, "factual knowledge": "Rosa Parks was the first person to refuse to give up her seat on the bus to a white passenger during the U.S. civil rights movement. Her act of defiance in Montgomery, Alabama, on December 1, 1955, sparked the Montgomery Bus Boycott and became an important symbol of the civil rights movement.", "confidence": 1}, {"k_id": 0, "factual knowledge": "Historically, ninjas in Japan wore a variety of clothing depending on the situation and their mission. They often dressed as commoners or wore dark-colored clothing to blend in with the night. They also used disguises and specialized equipment to aid in their stealthy operations.", "confidence": 0.9}, {"k_id": 0, "factual knowledge": "Knights in full armor would typically use a mounting block or assistance from a squire to get on their horses. The weight and restrictiveness of the armor made it difficult for knights to mount their horses without assistance.", "confidence": 0.9}]