[{"k_id": 0, "factual knowledge": "Napoleon Bonaparte was shorter than the average adult male during his time. He was approximately 5 feet 6 inches tall, while the average height for adult males in France during the 18th and 19th centuries was around 5 feet 8 inches.", "confidence": 0.9}, {"k_id": 0, "factual knowledge": "Contrary to popular belief, NASA did not spend any money on the development of a pen that could write in space. The Fisher Space Pen, which can write in zero gravity, was developed independently by Paul Fisher and his company, Fisher Pen Co., without any government funding.", "confidence": 1}, {"k_id": 0, "factual knowledge": "'AD' stands for 'Anno Domini', which is a Latin phrase meaning 'in the year of our Lord'. It is used to label years in the Gregorian calendar that are counted from the estimated birth year of Jesus Christ.", "confidence": 1}, {"k_id": 0, "factual knowledge": "The T-Rex and humans lived closer in time. The Stegosaurus lived during the Late Jurassic period, which was around 150 million years ago. The T-Rex lived during the Late Cretaceous period, which was around 68-66 million years ago. Humans, on the other hand, appeared on Earth only around 2 million years ago.", "confidence": 1}, {"k_id": 0, "factual knowledge": "Yes, there is gravity on the International Space Station (ISS). Although the ISS is in a state of continuous freefall around the Earth, it experiences microgravity, which is a condition of very weak gravity. Objects and astronauts on the ISS still experience the effects of gravity, but they appear weightless due to the constant freefall.", "confidence": 1}, {"k_id": 0, "factual knowledge": "The concept of the Earth being round was proven by multiple ancient civilizations and scholars, including the ancient Greeks. One of the most famous proponents of a spherical Earth was the Greek philosopher and mathematician Pythagoras in the 6th century BC. However, it is important to note that the idea of a round Earth was already prevalent in many ancient cultures before Pythagoras.", "confidence": 0.9}, {"k_id": 0, "factual knowledge": "The brightest star in the night sky is Sirius, also known as the Dog Star. It is located in the constellation Canis Major and has an apparent magnitude of -1.46, making it the brightest star visible from Earth.", "confidence": 1}, {"k_id": 0, "factual knowledge": "Contrary to popular belief, a camel's hump does not store water. The hump of a camel is actually a reservoir of fatty tissue, which can be converted into energy when food and water are scarce. This adaptation allows camels to survive in arid environments by utilizing the stored fat as a source of energy.", "confidence": 1}, {"k_id": 0, "factual knowledge": "There is no definitive answer to what the most important meal of the day is. The importance of meals can vary depending on individual preferences, cultural practices, and dietary needs. Breakfast is often referred to as the most important meal of the day due to its potential to provide energy and nutrients after a period of fasting overnight, but the significance of other meals should not be overlooked.", "confidence": 0.8}, {"k_id": 0, "factual knowledge": "Yes, duck quacks do echo. The myth that duck quacks do not echo is not true. Like any other sound, duck quacks produce echoes when they bounce off surfaces and return to the listener. The echo may be less noticeable due to the nature of the sound and the environment, but it does occur.", "confidence": 1}]