[{"k_id": 0, "factual knowledge": "Light exhibits both particle-like and wave-like properties, known as the wave-particle duality of light.", "confidence": 1}, {"k_id": 0, "factual knowledge": "When women live together, their menstrual cycles can sometimes synchronize, known as menstrual synchrony or the McClintock effect.", "confidence": 0.8}, {"k_id": 0, "factual knowledge": "When a nuclear reactor goes critical, it means that the rate of nuclear fission reactions within the reactor is self-sustaining, allowing for a controlled and sustained release of energy.", "confidence": 1}, {"k_id": 0, "factual knowledge": "Brain plasticity, the ability of the brain to change and adapt, continues throughout life, although it may decrease with age.", "confidence": 0.9}, {"k_id": 0, "factual knowledge": "Yes, a husband and wife can be arrested for the same crime in the U.S. There is no special exemption or immunity based on marital status when it comes to criminal charges.", "confidence": 1}, {"k_id": 0, "factual knowledge": "Legally, a lawsuit is considered frivolous if it lacks any legal merit or has no basis in law or fact. Frivolous lawsuits are generally filed for improper purposes, such as harassment or causing unnecessary delay or expense to the opposing party.", "confidence": 1}, {"k_id": 0, "factual knowledge": "When parents die in debt in America, their debts are typically not passed on to their children or other family members. However, the assets of the deceased may be used to settle the debts before any inheritance is distributed.", "confidence": 1}, {"k_id": 0, "factual knowledge": "In the U.S., the victim of a domestic violence case does not have the power to drop the charges. Once charges have been filed, it is up to the prosecutor to decide whether to proceed with the case, regardless of the victim's wishes.", "confidence": 1}, {"k_id": 0, "factual knowledge": "Archaeologists spend most of their time conducting fieldwork, which involves excavating and surveying archaeological sites. They also spend time analyzing and interpreting artifacts, documenting findings, and conducting research to understand past human cultures and societies.", "confidence": 1}, {"k_id": 0, "factual knowledge": "The Earth is closest to the Sun during a point in its orbit called perihelion, which occurs around January 3rd each year. However, the distance between the Earth and the Sun does not significantly affect the seasons on Earth, as the tilt of the Earth's axis plays a larger role in determining seasons.", "confidence": 1}]