[{"k_id": 0, "factual knowledge": "Air is denser than water vapor.", "confidence": 1}, {"k_id": 0, "factual knowledge": "No, people who like to organize things do not necessarily have a mental disorder.", "confidence": 1}, {"k_id": 0, "factual knowledge": "Schizophrenia is a complex mental disorder characterized by a range of symptoms, including hallucinations, delusions, and disorganized thinking. It does not involve multiple personalities. Therefore, schizophrenics do not have multiple personalities.", "confidence": 1}, {"k_id": 0, "factual knowledge": "Dogs are dichromatic, which means they see colors on a spectrum of blue and yellow. They have limited ability to distinguish between red and green.", "confidence": 1}, {"k_id": 0, "factual knowledge": "Cracking your knuckles does not cause arthritis, contrary to popular belief. The sound is caused by the release of gas bubbles in the synovial fluid that lubricates the joints. However, excessive knuckle cracking may lead to reduced grip strength and swelling in the hands.", "confidence": 1}, {"k_id": 0, "factual knowledge": "No, Neil Armstrong passed away on August 25, 2012.", "confidence": 1}, {"k_id": 0, "factual knowledge": "Chartreuse is a color that is a yellow-green or green-yellow.", "confidence": 1}, {"k_id": 0, "factual knowledge": "The villainous Gremlin in the movie 'Gremlins' was named Stripe.", "confidence": 1}, {"k_id": 0, "factual knowledge": "No, it is not illegal to kill a praying mantis in the U.S.", "confidence": 1}, {"k_id": 0, "factual knowledge": "There are no specific laws in the U.K. that prohibit driving barefoot. However, it is generally recommended to wear appropriate footwear while driving for safety reasons.", "confidence": 1}]