[{"k_id": 0, "factual knowledge": "Drinking coffee does not directly affect your growth. However, excessive caffeine consumption may interfere with sleep patterns, which can indirectly affect growth and development in children and adolescents.", "confidence": 0.8}, {"k_id": 0, "factual knowledge": "There is limited research on the specific duration of LSD in spinal fluid. LSD is rapidly metabolized and eliminated from the body, with effects typically lasting 6-12 hours. It is unlikely to remain in spinal fluid for an extended period.", "confidence": 0.7}, {"k_id": 0, "factual knowledge": "Cannabis is not fully legal in the Netherlands, but it is decriminalized for personal use in small quantities. It is available for purchase in licensed coffee shops under certain regulations.", "confidence": 0.9}, {"k_id": 0, "factual knowledge": "Peanut butter was not invented by a single individual. It is believed to have originated in ancient South American civilizations, and the modern version was popularized by George Washington Carver in the United States.", "confidence": 0.8}, {"k_id": 0, "factual knowledge": "The red liquid from a cooked steak is not blood, as commonly believed. It is a mixture of water and a protein called myoglobin, which gives meat its red color.", "confidence": 0.9}, {"k_id": 0, "factual knowledge": "The time it takes to be seen in a hospital after arriving by ambulance depends on various factors, including the severity of the condition, the hospital's emergency department workload, and triage protocols. Patients with life-threatening conditions are typically prioritized for immediate attention.", "confidence": 0.7}, {"k_id": 0, "factual knowledge": "Cinco de Mayo commemorates the Mexican army's victory over the French Empire at the Battle of Puebla on May 5, 1862. It is primarily celebrated in the state of Puebla and has cultural significance for Mexican-Americans in the United States.", "confidence": 0.9}, {"k_id": 0, "factual knowledge": "Snakes may stretch out near other animals for various reasons, including thermoregulation, hunting, or seeking shelter. Some snakes use their body heat to aid in digestion, while others may be preparing to strike at potential prey.", "confidence": 0.8}, {"k_id": 0, "factual knowledge": "Yes, it is generally legal to discuss your salary with coworkers in the United States. The National Labor Relations Act protects employees' rights to engage in concerted activities, including discussing wages and working conditions.", "confidence": 0.9}, {"k_id": 0, "factual knowledge": "Using a cell phone at a gas station is discouraged due to the potential risk of igniting flammable vapors. Although rare, there have been incidents where cell phone use near fuel pumps has been linked to fires or explosions.", "confidence": 0.9}]