[{"k_id": 0, "factual knowledge": "The lines on your palm are known as palmistry lines or palm lines. They are believed to provide insight into a person's character, personality traits, and future events. However, there is no scientific evidence to support these claims.", "confidence": 0.8}, {"k_id": 0, "factual knowledge": "No, it is not recommended to wash chicken before cooking it. Washing raw chicken can actually increase the risk of spreading bacteria, such as salmonella, to other surfaces in your kitchen. Cooking chicken to the proper internal temperature is sufficient to kill any harmful bacteria.", "confidence": 0.9}, {"k_id": 0, "factual knowledge": "The people of Jonestown took a cyanide-laced fruit punch known as Flavor Aid, not Kool-Aid as commonly believed. The mass suicide occurred on November 18, 1978, under the leadership of Jim Jones.", "confidence": 0.9}, {"k_id": 0, "factual knowledge": "Leaving your phone charging past 100% can potentially degrade the battery's overall lifespan. Modern smartphones are designed to stop charging once they reach 100%, but keeping it plugged in for extended periods can cause the battery to heat up and put stress on its components.", "confidence": 0.8}, {"k_id": 0, "factual knowledge": "Dreaming occurs during the rapid eye movement (REM) stage of the sleep cycle. This stage is characterized by increased brain activity, vivid dreams, and rapid eye movements. It typically occurs about 90 minutes after falling asleep and recurs multiple times throughout the night.", "confidence": 0.9}, {"k_id": 0, "factual knowledge": "Albert Einstein did not perform exceptionally well in high school. He struggled with the traditional education system and clashed with his teachers. However, he excelled in mathematics and physics, which eventually led to his groundbreaking scientific discoveries.", "confidence": 0.9}, {"k_id": 0, "factual knowledge": "In the U.S., it is illegal to discuss or inquire about an employee's salary or wages with coworkers due to federal laws such as the National Labor Relations Act (NLRA) and the Equal Pay Act (EPA). These laws aim to protect employees' rights and prevent discrimination.", "confidence": 0.9}, {"k_id": 0, "factual knowledge": "If kids drink too much coffee, they may experience symptoms such as increased heart rate, restlessness, irritability, difficulty sleeping, and stomach upset. Caffeine is a stimulant that affects the central nervous system, and excessive consumption can have negative effects on children's health and well-being.", "confidence": 0.9}, {"k_id": 0, "factual knowledge": "Bill Gates was a high achiever in high school. He scored exceptionally well on standardized tests and showed a strong aptitude for mathematics and computer programming. Gates was even granted access to a computer terminal at his school, which was a rare opportunity at the time.", "confidence": 0.9}, {"k_id": 0, "factual knowledge": "Counting your chickens before they hatch is an idiomatic expression that means predicting or expecting a favorable outcome before it has actually occurred. It is a cautionary reminder not to make assumptions or rely on uncertain future events.", "confidence": 0.9}]