[{"k_id": 0, "factual knowledge": "The best medicine depends on the specific condition or ailment being treated and there is no definitive answer. Different medicines target different symptoms or diseases. It is best to consult with a healthcare professional for the most appropriate medicine.", "confidence": 0.9}, {"k_id": 0, "factual knowledge": "Yes, it is possible to teach an old dog new tricks. Older dogs may take longer to learn new behaviors compared to puppies, but they can still be trained with patience, consistency, and positive reinforcement.", "confidence": 0.8}, {"k_id": 0, "factual knowledge": "If you watch a pot of water on the stove and maintain the heat, it will eventually come to a boil. The water molecules gain energy from the heat source, causing them to move faster and reach the boiling point, turning into vapor.", "confidence": 0.9}, {"k_id": 0, "factual knowledge": "Putting on one ring does not have any specific consequences. The impact or significance of wearing a ring depends on the context, such as the type of ring, its symbolism, and personal beliefs or customs associated with it.", "confidence": 0.8}, {"k_id": 0, "factual knowledge": "White rabbits do not carry anything specific. The phrase 'pulling a rabbit out of a hat' refers to a magic trick where a magician produces a rabbit from an apparently empty hat.", "confidence": 0.9}, {"k_id": 0, "factual knowledge": "If you tie balloons to your house, it will not cause your house to float or fly away. This concept is fictional and popularized in movies like 'Up.' In reality, the weight of a house far exceeds the lifting capacity of balloons.", "confidence": 0.9}, {"k_id": 0, "factual knowledge": "People named 'Storm' do not possess any special powers inherently based on their name. Special powers are fictional and not determined by a person's name.", "confidence": 0.9}, {"k_id": 0, "factual knowledge": "If a police officer lies in the United States, it can have legal consequences depending on the circumstances. Lying under oath or providing false information in an official capacity can be considered perjury or misconduct, which may result in disciplinary action, legal charges, or the invalidation of evidence.", "confidence": 0.9}, {"k_id": 0, "factual knowledge": "Water cannot be turned into wine naturally. However, the transformation of water into wine is a concept mentioned in religious texts, specifically in the Bible, where it is described as a miracle performed by Jesus.", "confidence": 0.9}, {"k_id": 0, "factual knowledge": "The crossing of the Red Sea by people who trust in God is a story from religious texts, specifically the Bible. According to the narrative, God parted the waters of the Red Sea, allowing the Israelites to cross on dry land. This event is considered a miracle.", "confidence": 0.9}]