[{"k_id": 0, "factual knowledge": "There is no disease that can be cured just by touching someone.", "confidence": 1}, {"k_id": 0, "factual knowledge": "No, leprosy cannot be cured by simply touching a person.", "confidence": 1}, {"k_id": 0, "factual knowledge": "Touching the eyes of a blind person will not restore their vision.", "confidence": 1}, {"k_id": 0, "factual knowledge": "Harvard University was established in 1636, while Newton's Laws of Motion were published in 1687. Therefore, Harvard University came earlier.", "confidence": 1}, {"k_id": 0, "factual knowledge": "The construction of the pyramids happened much closer to Cleopatra's birth than the moon landing. The pyramids were built around 2600-2500 BC, while the moon landing occurred in 1969.", "confidence": 1}, {"k_id": 0, "factual knowledge": "Lawyers are not allowed to knowingly present false evidence or make false statements in court. However, they are expected to advocate for their clients within the bounds of the law.", "confidence": 1}, {"k_id": 0, "factual knowledge": "Blondes and brunettes differ in the color of their hair. Blondes have lighter hair, ranging from pale yellow to golden, while brunettes have darker hair, ranging from brown to black.", "confidence": 1}, {"k_id": 0, "factual knowledge": "Having short hair does not have a specific meaning for all women. Some women may choose to have short hair for practical reasons, personal preference, or as a fashion statement.", "confidence": 1}, {"k_id": 0, "factual knowledge": "Australians have a wide variety of animals as pets, including dogs, cats, birds, fish, rabbits, guinea pigs, and reptiles such as snakes and lizards.", "confidence": 1}, {"k_id": 0, "factual knowledge": "Black helicopters are typically used for various purposes, including military operations, law enforcement activities, search and rescue missions, and transportation of personnel and equipment.", "confidence": 1}]