[{"k_id": 0, "factual knowledge": "Quasimodo is the bell-ringer of Notre Dame.", "confidence": 0.9}, {"k_id": 0, "factual knowledge": "If you physically travel to 123 Sesame Street, you will see Big Bird.", "confidence": 0.8}, {"k_id": 0, "factual knowledge": "Unicorns were not easily caught in medieval times.", "confidence": 0.7}, {"k_id": 0, "factual knowledge": "A hare is faster in real life than a tortoise.", "confidence": 0.9}, {"k_id": 0, "factual knowledge": "If a carp swims up the waterfall on the Yellow River, it transforms into a dragon.", "confidence": 0.6}, {"k_id": 0, "factual knowledge": "It is a bad idea to give a mouse a cookie because it will want a glass of milk.", "confidence": 0.8}, {"k_id": 0, "factual knowledge": "Rats are not good at cooking.", "confidence": 0.9}, {"k_id": 0, "factual knowledge": "Nothing significant happens to a person when they see the full moon.", "confidence": 0.9}, {"k_id": 0, "factual knowledge": "There is no reasonable defense as vampires do not exist in real life.", "confidence": 1.0}, {"k_id": 0, "factual knowledge": "There is no specific reason why foxes should not eat grapes.", "confidence": 0.9}]