[{"k_id": 0, "factual knowledge": "The Tehrik-i-Taliban Pakistan (TTP) claimed responsibility for the murder attempt on Malala Yousafzai.", "confidence": 0.9}, {"k_id": 0, "factual knowledge": "Korean Air Lines Flight 007 was shot down by a Soviet Union fighter jet after it entered Soviet airspace.", "confidence": 0.8}, {"k_id": 0, "factual knowledge": "Doctors do not recommend any brand of cigarettes. Smoking is harmful to health and can cause various diseases.", "confidence": 1}, {"k_id": 0, "factual knowledge": "The concept of the 'most interesting man in the world' is subjective and varies from person to person.", "confidence": 0.7}, {"k_id": 0, "factual knowledge": "Rainbows are optical phenomena caused by the reflection, refraction, and dispersion of light. They do not have a taste.", "confidence": 1}, {"k_id": 0, "factual knowledge": "There is no scientific evidence to support the existence of ghosts. Therefore, there is no equipment that can be used to find them.", "confidence": 1}, {"k_id": 0, "factual knowledge": "J. B. Rhine conducted research on extrasensory perception (ESP) and claimed to have found evidence for its existence. However, his experiments and findings have been heavily criticized and are not widely accepted in the scientific community.", "confidence": 0.6}, {"k_id": 0, "factual knowledge": "There is no widely recognized information about the Creery sisters having any special powers.", "confidence": 0.9}, {"k_id": 0, "factual knowledge": "In Chinese astrology, people born in the Year of the Snake are believed to be intelligent, intuitive, and wise. They are also considered to be deep thinkers and good problem solvers.", "confidence": 0.8}, {"k_id": 0, "factual knowledge": "Cleaning the house on New Year's Day is a common tradition in many cultures as it is believed to symbolize sweeping away the old and making way for the new. It is believed to bring good luck and prosperity for the coming year.", "confidence": 0.9}]