[
    {
        "k_id": 0,
        "factual knowledge": "Crying during the New Year does not have any specific consequence. It is a common human emotion and does not impact the New Year celebration.",
        "confidence": 1
    },
    {
        "k_id": 0,
        "factual knowledge": "Sleeping with your head to the north does not have any significant impact on your health or well-being. It is a personal preference and does not have any scientific evidence to suggest any specific consequences.",
        "confidence": 1
    },
    {
        "k_id": 0,
        "factual knowledge": "Claiming to be better at weaving than the gods is a subjective statement and does not have any tangible consequences. It may be seen as arrogant or disrespectful in certain cultural or religious contexts, but there are no specific outcomes associated with such a claim.",
        "confidence": 1
    },
    {
        "k_id": 0,
        "factual knowledge": "Leaving unfinished shoes out overnight may expose them to dust, dirt, or other environmental factors that could potentially affect their quality. However, the specific consequences would depend on the materials used and the conditions in which the shoes are left. It is generally advisable for shoemakers to store their unfinished work in a clean and protected environment.",
        "confidence": 0.8
    },
    {
        "k_id": 0,
        "factual knowledge": "Staring at your own reflection in a lake, regardless of whether you perceive it as handsome or not, does not have any physical consequences. It is a common metaphorical expression used to describe self-absorption or vanity. However, it does not have any direct impact on your appearance or well-being.",
        "confidence": 1
    },
    {
        "k_id": 0,
        "factual knowledge": "Flying too close to the sun, as depicted in the myth of Icarus, would result in the melting of wax wings and a subsequent fall. This myth serves as a cautionary tale about the dangers of hubris and overreaching one's capabilities. In reality, flying too close to the sun would not be possible for humans as the heat and radiation would be lethal before reaching such proximity.",
        "confidence": 0.9
    },
    {
        "k_id": 0,
        "factual knowledge": "There is no specific phrase or statement that can universally open any door. Opening a door typically requires a physical action such as using a key, turning a doorknob, or using an access card. However, in a metaphorical sense, being polite and asking for permission or assistance may increase the likelihood of someone opening a door for you.",
        "confidence": 1
    },
    {
        "k_id": 0,
        "factual knowledge": "Yes, all mammals are vertebrates. Vertebrates are animals that possess a backbone or spinal column, and mammals belong to the vertebrate group. They have a well-developed internal skeleton made up of bones or cartilage.",
        "confidence": 1
    },
    {
        "k_id": 0,
        "factual knowledge": "Yes, all stars are stars. Stars are luminous celestial objects composed of hot gases, primarily hydrogen and helium, that generate energy through nuclear fusion. They emit light and heat, and their presence is a defining characteristic of the universe.",
        "confidence": 1
    },
    {
        "k_id": 0,
        "factual knowledge": "Yes, all humans are human. The term 'human' refers to the species Homo sapiens, which is the only extant species of the genus Homo. Humans possess distinct characteristics, including bipedal locomotion, complex cognitive abilities, and the capacity for language and culture.",
        "confidence": 1
    }
]