[
    {
        "k_id": 0,
        "factual knowledge": "I'm sorry, but I cannot answer this question as it is not specified which country you are referring to.",
        "confidence": 0
    },
    {
        "k_id": 0,
        "factual knowledge": "The most recent pandemic is the COVID-19 pandemic, which started in late 2019 and is ongoing.",
        "confidence": 0.9
    },
    {
        "k_id": 0,
        "factual knowledge": "The top film on AFI's list of 100 greatest American movies that came out after 1980 is 'Schindler's List' (1993).",
        "confidence": 0.8
    },
    {
        "k_id": 0,
        "factual knowledge": "The most recent U.S. president who was not selected as Time's Person of the Year is Donald Trump.",
        "confidence": 0.9
    },
    {
        "k_id": 0,
        "factual knowledge": "In the Portrait of Henry VIII, King Henry is holding a book, which symbolizes his intellectual and scholarly pursuits.",
        "confidence": 0.7
    },
    {
        "k_id": 0,
        "factual knowledge": "No, Mother Teresa was not alive when she became a saint. She was canonized as Saint Teresa of Calcutta on September 4, 2016, more than 19 years after her death.",
        "confidence": 0.9
    },
    {
        "k_id": 0,
        "factual knowledge": "Yes, the Lindbergh kidnapping was solved. Bruno Richard Hauptmann was convicted and executed for the crime in 1936.",
        "confidence": 0.9
    }
]