[{"k_id": 0, "factual knowledge": "In real life, if you step into a lit fireplace and state a location, nothing magical or extraordinary will happen. It is just a normal fireplace and stating a location will not have any effect.", "confidence": 1}, {"k_id": 0, "factual knowledge": "In real life, if you walk into a wardrobe, you will simply enter the wardrobe and find yourself inside it. There are no magical or fantastical worlds hidden inside wardrobes.", "confidence": 1}, {"k_id": 0, "factual knowledge": "In real life, if you see a sword stuck in a stone and try to pull it out, it is highly unlikely that you will be able to do so. Swords stuck in stones are usually part of legends and folklore, and pulling them out requires extraordinary strength or magical abilities.", "confidence": 0.8}, {"k_id": 0, "factual knowledge": "In real life, it is not advisable to drink any unknown substances, especially if they are labeled ambiguously or with unclear intentions. Drinking a bottle labeled \"Drink me\" could have various consequences depending on the actual contents of the bottle. It is best to exercise caution and avoid consuming unknown substances.", "confidence": 0.7}, {"k_id": 0, "factual knowledge": "Artificial intelligences follow the rules and instructions programmed into them by their creators. The specific rules can vary depending on the purpose and design of the AI. However, common rules include following ethical guidelines, respecting privacy and security, and adhering to legal and regulatory requirements.", "confidence": 0.9}, {"k_id": 0, "factual knowledge": "No, humans have not flown close to the sun. The extreme heat and radiation near the sun make it impossible for any human-made spacecraft to approach it closely. The closest humans have been to the sun is through space probes like the Parker Solar Probe, which have been designed to withstand the harsh conditions near the sun.", "confidence": 1}, {"k_id": 0, "factual knowledge": "At midnight, coaches, which are typically vehicles used for transportation, do not undergo any specific changes or transformations. They remain the same as they are during other times of the day.", "confidence": 1}, {"k_id": 0, "factual knowledge": "There is no factual information or evidence about the existence of a real-life beanstalk that could be considered the largest. Beanstalks are commonly associated with folklore and fairy tales, and their existence in reality is purely fictional.", "confidence": 0.9}, {"k_id": 0, "factual knowledge": "No, there are no carpets that can fly in real life. Flying carpets are a fictional concept often found in mythology, folklore, and literature. In reality, carpets are floor coverings made of fabric or other materials and do not possess the ability to fly.", "confidence": 1}, {"k_id": 0, "factual knowledge": "No, bears do not usually sit on chairs. Bears are wild animals and their natural habitat does not involve the use of chairs or other human-made furniture. The concept of bears sitting on chairs is typically found in fictional stories or depictions.", "confidence": 1}]