[{"k_id": 0, "factual knowledge": "People who have been consumed by a wolf cannot be rescued.", "confidence": 1}, {"k_id": 0, "factual knowledge": "If you prick your finger on a spindle, you will fall into a deep sleep.", "confidence": 1}, {"k_id": 0, "factual knowledge": "If a girl kisses a frog, the frog may turn into a prince.", "confidence": 1}, {"k_id": 0, "factual knowledge": "When you tell a lie, your nose may grow longer.", "confidence": 1}, {"k_id": 0, "factual knowledge": "Wearing red shoes can cause a person to dance uncontrollably.", "confidence": 1}, {"k_id": 0, "factual knowledge": "Ugly ducklings grow up to become beautiful swans.", "confidence": 1}, {"k_id": 0, "factual knowledge": "Eating a pomegranate is generally safe and has various health benefits. However, some people may experience allergic reactions or digestive issues.", "confidence": 0.8}, {"k_id": 0, "factual knowledge": "There have been cases of feral children who were reportedly raised by animals, including wolves. However, the authenticity of these stories is often debated.", "confidence": 0.7}, {"k_id": 0, "factual knowledge": "Reindeer cannot fly. The idea of flying reindeer is a fictional concept popularized by the story of Santa Claus.", "confidence": 1}, {"k_id": 0, "factual knowledge": "In many cultures, it is believed that the Tooth Fairy collects baby teeth placed under a pillow and leaves a small gift or money in exchange.", "confidence": 1}]