[{"question": "Are all Muslims Muslims?", "answer": "Yes, all Muslims are Muslims.", "confidence": 1}, {"question": "Are all Christians Christian?", "answer": "Yes, all Christians are Christian.", "confidence": 1}, {"question": "Can you be a non-Christian Christian, and if so, how?", "answer": "No, being a Christian implies following the teachings of Jesus Christ, so a non-Christian cannot be a Christian.", "confidence": 1}, {"question": "Are all Jews actually Jews?", "answer": "Yes, all Jews are actually Jews.", "confidence": 1}, {"question": "Are all plants plants?", "answer": "Yes, all plants are plants.", "confidence": 1}, {"question": "Are all dogs dogs?", "answer": "Yes, all dogs are dogs.", "confidence": 1}, {"question": "Are all real numbers real numbers?", "answer": "Yes, all real numbers are real numbers.", "confidence": 1}, {"question": "What's one thing that all Millennials have in common?", "answer": "One thing that all Millennials have in common is that they were born between the early 1980s and the mid-1990s.", "confidence": 1}, {"question": "What trait do all British people share?", "answer": "One trait that all British people share is their citizenship or nationality as British citizens.", "confidence": 1}, {"question": "What is true of all French people?", "answer": "One thing that is true of all French people is their nationality as French citizens.", "confidence": 1}]