[{"question": "Americans drink more coffee than people in which other countries?", "answer": "Finland", "confidence": 0.8}, {"question": "Where do people drink less coffee than they do in Mexico?", "answer": "China", "confidence": 0.7}, {"question": "Which countries consume more tea on average than Americans?", "answer": "Turkey, Ireland, and the United Kingdom", "confidence": 0.9}, {"question": "Americans drink more beer than people in which other countries?", "answer": "Czech Republic, Germany, and Austria", "confidence": 0.9}, {"question": "Which country drinks less beer than France?", "answer": "Italy", "confidence": 0.8}, {"question": "Which countries consume more spirits on average than Russians?", "answer": "South Korea, Latvia, and Estonia", "confidence": 0.7}, {"question": "Which countries consume less spirits than Italians?", "answer": "United States, Canada, and Australia", "confidence": 0.8}, {"question": "Have Americans been working more hours over time?", "answer": "Yes", "confidence": 0.9}, {"question": "Are people in England spending more time working than in the past?", "answer": "No", "confidence": 0.7}, {"question": "Do people in California work more days in a year than we used to?", "answer": "No", "confidence": 0.6}]