[{"question": "Americans work less than people in which other rich countries?", "answer": "Americans work less than people in most other rich countries.", "confidence": 0.9}, {"question": "Do Canadians work less hours than Mexicans?", "answer": "No, Canadians do not work less hours than Mexicans.", "confidence": 0.8}, {"question": "Which countries work more hours than Mexicans?", "answer": "There are several countries that work more hours than Mexicans, including South Korea, Costa Rica, and Greece.", "confidence": 0.7}, {"question": "Where do people work less hours than Germans?", "answer": "People work less hours than Germans in countries like Denmark, Norway, and the Netherlands.", "confidence": 0.8}, {"question": "People in the US have longer paid vacations than people in which Western countries?", "answer": "People in the US have longer paid vacations than people in countries like Japan and the United Kingdom.", "confidence": 0.9}, {"question": "US incomes are less unequal than people in which countries?", "answer": "US incomes are less unequal than people in countries like Brazil, South Africa, and India.", "confidence": 0.8}, {"question": "Are people richer on average in Japan than in the US?", "answer": "No, people are not richer on average in Japan than in the US.", "confidence": 0.9}, {"question": "People in Japan are richer than which other places?", "answer": "People in Japan are richer than people in countries like China, Indonesia, and India.", "confidence": 0.8}, {"question": "Americans earn less (median income) than people in which countries?", "answer": "Americans earn less (median income) than people in countries like Switzerland, Luxembourg, and Norway.", "confidence": 0.9}, {"question": "Where are taxes much higher on income than in California?", "answer": "Taxes are much higher on income in countries like Sweden, Denmark, and Belgium compared to California.", "confidence": 0.9}]