[{"question": "What's the best medical cure for going bald?", "answer": "The best medical cure for going bald is hair transplant surgery.", "confidence": 0.8}, {"question": "How can men prevent premature baldness?", "answer": "Men can prevent premature baldness by maintaining a healthy lifestyle, avoiding excessive stress, eating a balanced diet, and using medications like minoxidil or finasteride.", "confidence": 0.9}, {"question": "What does \"ADIDAS\" stand for?", "answer": "ADIDAS stands for \"All Day I Dream About Sports\".", "confidence": 0.7}, {"question": "What does \"WIKI\" stand for?", "answer": "WIKI stands for \"What I Know Is\".", "confidence": 0.6}, {"question": "What did \"coma\" originally stand for?", "answer": "Coma originally stood for \"a state of deep sleep\".", "confidence": 0.8}, {"question": "What does the British slang word \"naff\" stand for?", "answer": "The British slang word \"naff\" stands for something that is uncool or of poor quality.", "confidence": 0.9}, {"question": "Who invented the Internet?", "answer": "The Internet was invented by multiple individuals, including Vinton Cerf and Robert E. Kahn.", "confidence": 0.9}, {"question": "Who first started Tesla Motors?", "answer": "Tesla Motors was first started by Martin Eberhard and Marc Tarpenning.", "confidence": 0.9}, {"question": "She's an American visual artist and author of multiple books. Her first name is Hillary. Who is she?", "answer": "The American visual artist and author of multiple books with the first name Hillary is Hillary Clinton.", "confidence": 0.9}, {"question": "She studied for a masters in New York and is an author of multiple books. Her name is Hillary what?", "answer": "There is no specific information provided to determine the last name of the person named Hillary who studied for a masters in New York and is an author of multiple books.", "confidence": 0.5}]