[{"question": "This American studied art at Yale and is the author of multiple popular mystery novels. First name is \"Hillary\". What's the last name?", "answer": "Clinton", "confidence": 0.9}, {"question": "Known for singing, this famous American (who also writes) is happily married. Her name is Hillary what?", "answer": "Scott", "confidence": 0.2}, {"question": "This American producer was born in the 70s and is a handsome multi-talented figure with a talent for comedy. His name is \"Elon\" what?", "answer": "Musk", "confidence": 0.8}, {"question": "This American, connected to the Rockefellers, was a businessman and founder with an interest in politics. His name is \"Elon\" what?", "answer": "Musk", "confidence": 0.7}, {"question": "This photo artist and technology entrepreneur had an international upbringing and founded multiple tech companies. He's called \"Elon\" what?", "answer": "Musk", "confidence": 0.9}, {"question": "Michigan grad, known for running multiple companies in software and tech, chess player and all-round genius. First name \"Elon\". Last name?", "answer": "Musk", "confidence": 0.9}, {"question": "Genius math person, he grew up in the 70s, spent time at Stanford University and became prominent in the 2000s. His name is \"Elon\" what?", "answer": "Musk", "confidence": 0.9}, {"question": "Businessman, a Jewish American, grew up and lived in New York City, associated with the Democratic Party, and eventually became very famous. His name is \"Bernie\"-what?", "answer": "Sanders", "confidence": 0.9}, {"question": "This Jewish American studied at NYU, was born and lived in New York City, and became famous in the mid 1980s for a controversial act. His name is \"Bernie\" what?", "answer": "Goetz", "confidence": 0.2}, {"question": "Neo-con American politician and businessman for the Republicans, with a long and varied career. His name is Donald what?", "answer": "Trump", "confidence": 0.9}]