[{"question": "Actor in film and TV, with distinctive looks and three marriages and five children, decades of fame and also known for his online presence and political views. \"Donald\" what?", "answer": "Donald Trump", "confidence": 1}, {"question": "Of Polish and Danzig German ancestry, this political leader gained prominence in the 2010s with his conservative and pro-business views. His name is Donald what?", "answer": "Donald Tusk", "confidence": 0.5}, {"question": "Former Pfizer salesman who ended up Chief Executive, born in the 1940s, this leader is also known for his penthouses, corruption allegations, and run-ins with the law. He's called \"Donald\" what?", "answer": "Donald Trump", "confidence": 1}, {"question": "A Clarkson alum, this American was born in the 1940s in Queens, New York City, followed the same career path as his father and gained a cult following and fame. His name is \"Donald\" what?", "answer": "Donald Glover", "confidence": 0.5}, {"question": "Venture capitalist and businessman, associated with Apple and NeXT software and other companies in Silicon Valley. Brilliant but controversial. His name is \"Steve\" - what?", "answer": "Steve Jobs", "confidence": 1}, {"question": "Settled in 1681, associated with Hungarians, this city on the East Coast of the United States is known for its immigrant population, ethnic diversity, educational institutions and hospitals. Complete the name: \"New\" what?", "answer": "New York", "confidence": 1}, {"question": "Named for a spring, this city in California has a Mediterranean climate, a large Hispanic population and historic architecture. It is called \"Los\" what?", "answer": "Los Angeles", "confidence": 1}, {"question": "Founded in 1772 and named for a saint, this city in California is known for its diversity, historic architecture (including Art Deco and Mission) and spectacular setting. It's called \"San\"-what?", "answer": "San Francisco", "confidence": 1}, {"question": "Notable for raising ALS Awareness, this baseball team in Boston, Massachusetts, has a long history and state-of-the-art training facilities. The team is called \"Boston\" what?", "answer": "Boston Red Sox", "confidence": 1}, {"question": "Based in Chestnut Hill, a basketball team in Boston, Massachusetts with a storied history and association with the Irish-American community. It's called \"Boston\" what?", "answer": "Boston Celtics", "confidence": 1}]