[{"question": "Payne-directed American movie that blends politics and personal drama, with an impressive cast of actors. Complete the title: \"Citizen\" what?", "answer": "The title of the movie is \"Citizen Ruth\".", "confidence": 0.8}, {"question": "Nicknamed the 'Pilgrims', this football team based in Boston plays in a national league and had a notable year in 2001. Name the team.", "answer": "The team is called the New England Patriots.", "confidence": 0.9}, {"question": "With an interest in archaeology, this female monarch has had a long and successful reign in a country where popular support for the royal family is high. She is the Queen of which country?", "answer": "The Queen with an interest in archaeology is Queen Elizabeth II, who is the Queen of the United Kingdom.", "confidence": 0.95}, {"question": "What's a developed country that consumes way more seafood per person than the US?", "answer": "Japan is a developed country that consumes way more seafood per person than the US.", "confidence": 0.9}, {"question": "Are there developed countries that consume much more beef per capita than Americans do?", "answer": "Yes, there are developed countries that consume much more beef per capita than Americans do, such as Argentina and Uruguay.", "confidence": 0.85}, {"question": "Which country of immigrants consumes tons of chicken per person but little pork?", "answer": "The United States, a country of immigrants, consumes tons of chicken per person but little pork.", "confidence": 0.9}, {"question": "In which country do people eat more beef (burgers and steaks) than anywhere else?", "answer": "Argentina is the country where people eat more beef (burgers and steaks) than anywhere else.", "confidence": 0.9}, {"question": "Which large country spends the most on international tourism?", "answer": "China is the large country that spends the most on international tourism.", "confidence": 0.9}, {"question": "New York City has way fewer international arrivals per year than which cities?", "answer": "New York City has way fewer international arrivals per year than cities like London, Paris, and Bangkok.", "confidence": 0.9}, {"question": "Which major cities get more international arrivals than Paris?", "answer": "Major cities like Bangkok, London, and Dubai get more international arrivals than Paris.", "confidence": 0.9}]