[{"question": "The place with the most Nobel Laureates of all time is which country?", "answer": "The country with the most Nobel Laureates of all time is the United States.", "confidence": 0.9}, {"question": "Which country in Europe has the most Nobel Laureates in science?", "answer": "The country in Europe with the most Nobel Laureates in science is Germany.", "confidence": 0.8}, {"question": "More than 18% of Nobel Prizes have been won by people from which ethnic group?", "answer": "More than 18% of Nobel Prizes have been won by people of Jewish ethnicity.", "confidence": 0.7}, {"question": "Have Christians or Jews won more Nobel Prizes?", "answer": "Jews have won more Nobel Prizes than Christians.", "confidence": 0.6}, {"question": "Have some atheists won the Nobel Prize?", "answer": "Yes, some atheists have won the Nobel Prize.", "confidence": 0.9}, {"question": "Has Nigeria won a Nobel Prize?", "answer": "No, Nigeria has not won a Nobel Prize.", "confidence": 0.9}, {"question": "What are some people from America who won a Nobel Prize for Physics?", "answer": "Some people from America who won a Nobel Prize for Physics include Albert Einstein, Richard Feynman, and Steven Chu.", "confidence": 0.8}, {"question": "What are people born in the United States who won a Nobel Prize for Physiology?", "answer": "Some people born in the United States who won a Nobel Prize for Physiology include Thomas Hunt Morgan, Albert Szent-Gy\u00f6rgyi, and James D. Watson.", "confidence": 0.7}, {"question": "What's an example of a scientist in Britain who won the Physics Nobel Prize?", "answer": "An example of a scientist in Britain who won the Physics Nobel Prize is Sir Isaac Newton.", "confidence": 0.8}, {"question": "What are some people from America who won a Nobel Prize for Economics?", "answer": "Some people from America who won a Nobel Prize for Economics include Milton Friedman, Paul Krugman, and Joseph Stiglitz.", "confidence": 0.8}]