[{"question": "Named for an English county, this state in the North East of America is known for its tax rate, landscapes and unique personalities. It's called \"New\" - what?", "answer": "New Hampshire", "confidence": 1}, {"question": "America has much less obese people than which countries?", "answer": "There are several countries with lower obesity rates than the United States, including Japan, Korea, and many European countries.", "confidence": 0.8}, {"question": "What rich countries have less obesity than Ireland?", "answer": "There are several rich countries with lower obesity rates than Ireland, including Japan, Korea, and many European countries.", "confidence": 0.8}, {"question": "Switzerland has more obese people than which other rich countries?", "answer": "Switzerland has a lower obesity rate compared to many other rich countries, such as the United States, Mexico, and some countries in the Middle East.", "confidence": 0.7}, {"question": "China has more obesity than which other country?", "answer": "China has a higher obesity rate compared to many other countries, including India, Indonesia, and several African countries.", "confidence": 0.7}, {"question": "Does Mexico have a bigger problem with obesity than Ireland?", "answer": "Yes, Mexico has a higher obesity rate compared to Ireland.", "confidence": 0.9}, {"question": "Do we spend only a small part of the US Federal budget on foreign aid to poor countries?", "answer": "Yes, the US Federal budget allocates a relatively small portion for foreign aid to poor countries.", "confidence": 0.9}, {"question": "A former mayor and famous billionaire businessman who worked in technology and has three kids. First name: Bill. What's his last name?", "answer": "The former mayor and famous billionaire businessman with three kids, whose first name is Bill, is Bill Gates.", "confidence": 1}, {"question": "Known for jets and batteries, this brilliant inventor and businessman never graduated college but founded a major company. His name is \"Bill\" what?", "answer": "The brilliant inventor and businessman known for jets and batteries, who never graduated college but founded a major company, is Bill Gates.", "confidence": 1}, {"question": "Which birds can add up numbers just as well as humans?", "answer": "There are no birds that can add up numbers just as well as humans. Birds have different cognitive abilities and problem-solving skills compared to humans.", "confidence": 0.9}]