[{"question": "Non-aligned state, formerly British, with an airport and large Roman Catholic population. It's called the Commonwealth of what?", "answer": "The Commonwealth of Dominica", "confidence": 0.9}, {"question": "Son of an actor, this American guitarist and rock singer released many songs and albums and toured with his band. His name is \"Elvis\" what?", "answer": "Elvis Presley", "confidence": 1}, {"question": "With roots in New York, this hugely successful singer achieved fame as a solo artist and suffered a tragedy in his family. He's called \"Elvis\" what?", "answer": "Elvis Costello", "confidence": 0.7}, {"question": "With roots in Texas, this former child-actor had her breakthrough in TV before becoming a sex symbol and movie star. Her name is \"Jennifer\" what?", "answer": "Jennifer Love Hewitt", "confidence": 0.8}, {"question": "In the Gulf, a federal state with valuable natural resources that contains a global city and international hub and is a member of the United Nations. It's called the United what?", "answer": "The United Arab Emirates", "confidence": 0.9}, {"question": "With white-black kit, this historic Spanish football club was one of the founders of La Liga. Its name is \"Real\" what?", "answer": "Real Madrid", "confidence": 1}, {"question": "Associated with Los, this is a key mathematical result that was proved by a brilliant polymath. It's called the Fundamental Theorem of what?", "answer": "The Fundamental Theorem of Calculus", "confidence": 0.9}, {"question": "Related to the Simplex Method and optimization, this result is important to applied math and engineering and is relatively accessible. It's called the Fundamental Theorem of what?", "answer": "The Fundamental Theorem of Linear Programming", "confidence": 0.8}, {"question": "Important result about polynomials, with multiple well-known proofs (including by induction) and associated with a towering German genius. It's the Fundamental Theorem of what?", "answer": "The Fundamental Theorem of Algebra", "confidence": 1}, {"question": "A welsh person might say: \"our biggest and most diverse city, our cultural and media capital, with the most tourist attractions, foreigners, and rich people\". What is the name of the city?", "answer": "Cardiff", "confidence": 0.9}]