[{"question": "Who did Pocahontas marry?", "answer": "Pocahontas married John Rolfe.", "confidence": 0.9}, {"question": "Who designed the first American flag?", "answer": "Betsy Ross is credited with designing the first American flag.", "confidence": 0.8}, {"question": "What happened during the first radio broadcast of \"The War of the Worlds\"?", "answer": "During the first radio broadcast of \"The War of the Worlds\", many listeners believed that a real alien invasion was taking place.", "confidence": 0.7}, {"question": "Who signed the Louisiana Purchase?", "answer": "The Louisiana Purchase was signed by President Thomas Jefferson.", "confidence": 0.9}, {"question": "Who invented the light bulb?", "answer": "Thomas Edison is credited with inventing the light bulb.", "confidence": 0.9}, {"question": "Who started the construction of the autobahn?", "answer": "The construction of the autobahn was started by Adolf Hitler.", "confidence": 0.9}, {"question": "How were the victims of the Salem Witch Trials killed?", "answer": "The victims of the Salem Witch Trials were hanged.", "confidence": 0.9}, {"question": "What color were Greek and Roman statues at the time of their creation?", "answer": "Greek and Roman statues were originally painted in various colors.", "confidence": 0.8}, {"question": "What was the size of the force that held off the Persian army at Thermopylae?", "answer": "The force that held off the Persian army at Thermopylae was around 7,000 Greek soldiers.", "confidence": 0.8}, {"question": "Who led the first European expedition to America?", "answer": "Christopher Columbus led the first European expedition to America.", "confidence": 0.9}]