[
    {
        "question": "What is the population of the country?",
        "answer": "I'm sorry, but I cannot answer this question as it is not specified which country you are referring to.",
        "confidence": 0
    },
    {
        "question": "When did the most recent pandemic occur?",
        "answer": "The most recent pandemic is the COVID-19 pandemic, which started in late 2019 and is ongoing.",
        "confidence": 0.9
    },
    {
        "question": "What is the top film on AFI's list of 100 greatest American movies that came out after 1980?",
        "answer": "The top film on AFI's list of 100 greatest American movies that came out after 1980 is 'Schindler's List' (1993).",
        "confidence": 0.8
    },
    {
        "question": "Who was the most recent U.S. president who was not selected as Time's Person of the Year?",
        "answer": "The most recent U.S. president who was not selected as Time's Person of the Year is Donald Trump.",
        "confidence": 0.9
    },
    {
        "question": "What is King Henry holding in the Portrait of Henry VIII?",
        "answer": "In the Portrait of Henry VIII, King Henry is holding a book, which symbolizes his intellectual and scholarly pursuits.",
        "confidence": 0.7
    },
    {
        "question": "Was Mother Teresa alive when she became a saint?",
        "answer": "No, Mother Teresa was not alive when she became a saint. She was canonized as Saint Teresa of Calcutta on September 4, 2016, more than 19 years after her death.",
        "confidence": 0.9
    },
    {
        "question": "Was the Lindbergh kidnapping ever solved?",
        "answer": "Yes, the Lindbergh kidnapping was solved. Bruno Richard Hauptmann was convicted and executed for the crime in 1936.",
        "confidence": 0.9
    }
]