[{"question": "He used an umbrella while tanning, where was he likely?", "answer": "He was likely at the beach", "confidence": 0.8}, {"question": "What do the feathers look like on birds found in the rainforest?", "answer": "Feathers on birds found in the rainforest are often colorful and vibrant", "confidence": 0.9}, {"question": "The ancient seafaring Norse tribesman brought pelts of weasel aboard his what?", "answer": "He brought pelts of weasel aboard his ship", "confidence": 0.7}, {"question": "What is the opposite of an area of elevation?", "answer": "The opposite of an area of elevation is a depression or lowland", "confidence": 0.8}, {"question": "What do singers need to do before a show?", "answer": "Singers need to warm up their vocal cords and practice their songs before a show", "confidence": 0.9}, {"question": "When a person with mental illness receives medication and therapy, what has happened?", "answer": "The person has received treatment for their mental illness", "confidence": 0.9}, {"question": "What type of feeling is performing for the first time likely to produce?", "answer": "Performing for the first time is likely to produce feelings of nervousness and excitement", "confidence": 0.8}, {"question": "If someone is found to be committing murder, what did they do to someone?", "answer": "They unlawfully killed another person", "confidence": 0.9}, {"question": "The computer was hooked up to the internet, what could it do as a result?", "answer": "The computer could access online resources and communicate with other devices", "confidence": 0.9}, {"question": "The planet Mercury is unsuitable for human life or what?", "answer": "The planet Mercury is unsuitable for human life due to extreme temperatures and lack of atmosphere", "confidence": 0.9}]