[{"k_id": 0, "factual knowledge": "It is unlikely that a disease can be cured by touching someone.", "confidence": 1.0}, {"k_id": 0, "factual knowledge": "Grapes are toxic to foxes in large quantities.", "confidence": 1.0}, {"k_id": 0, "factual knowledge": "Brain plasticity lasts through adulthood.", "confidence": 1.0}, {"k_id": 0, "factual knowledge": "No, there isn't a type of music that all Korean people enjoy listening to.", "confidence": 1.0}, {"k_id": 0, "factual knowledge": "The Korean Air Lines Flight 007 was shot down by the Soviet Union.", "confidence": 1.0}, {"k_id": 0, "factual knowledge": "No, evidence suggests that learning music does not increase thinking ability.", "confidence": 1.0}, {"k_id": 0, "factual knowledge": "Neil Armstrong said, 'That's one small step for a man, one giant leap for mankind.' on the moon.", "confidence": 1.0}, {"k_id": 0, "factual knowledge": "The legality of possessing cannabis depends on the country you are in.", "confidence": 1.0}, {"k_id": 0, "factual knowledge": "Yes, toads are technically frogs.", "confidence": 1.0}, {"k_id": 0, "factual knowledge": "No vegetable has been scientifically proven to extend your life expectancy by many decades.", "confidence": 1.0}]