[{"k_id": 0, "factual knowledge": "Yes, all humans are human.", "confidence": 1.0}, {"k_id": 0, "factual knowledge": "The political leader of Polish and Danzig German ancestry who gained prominence in the 2010s with conservative and pro-business views is Donald Tusk.", "confidence": 1.0}, {"k_id": 0, "factual knowledge": "The crime rates in a specific area depend on the current location.", "confidence": 1.0}, {"k_id": 0, "factual knowledge": "I have no comment.", "confidence": 1.0}, {"k_id": 0, "factual knowledge": "More than 94% of Canadians are straight.", "confidence": 1.0}, {"k_id": 0, "factual knowledge": "I have no comment.", "confidence": 1.0}, {"k_id": 0, "factual knowledge": "The largest living animal species that only eats plants is the African bush elephant.", "confidence": 1.0}, {"k_id": 0, "factual knowledge": "Nothing in particular happens if you speak of the Devil.", "confidence": 1.0}, {"k_id": 0, "factual knowledge": "The largest city in the U.S. that's not located on navigable water is Indianapolis.", "confidence": 1.0}, {"k_id": 0, "factual knowledge": "I have no comment.", "confidence": 1.0}]