[{"k_id": 0, "factual knowledge": "There is no place on Earth where the sun never shines.", "confidence": 1.0}, {"k_id": 0, "factual knowledge": "It depends on which country you are in.", "confidence": 1.0}, {"k_id": 0, "factual knowledge": "Sirius is the brightest star in the night sky.", "confidence": 1.0}, {"k_id": 0, "factual knowledge": "Quebec City and St. John's get more snowfall than Montreal.", "confidence": 1.0}, {"k_id": 0, "factual knowledge": "Black helicopters are used for surveillance, transportation, and patrol.", "confidence": 1.0}, {"k_id": 0, "factual knowledge": "There's no country where most people love playing rugby.", "confidence": 1.0}, {"k_id": 0, "factual knowledge": "The American businessman and founder connected to the Rockefellers with an interest in politics is Huntington Hooker.", "confidence": 1.0}, {"k_id": 0, "factual knowledge": "There aren't any places where you can see real ghosts.", "confidence": 1.0}, {"k_id": 0, "factual knowledge": "Nothing in particular would happen if the Earth were 10 feet closer to or further from the Sun.", "confidence": 1.0}, {"k_id": 0, "factual knowledge": "You should lean forward and breathe through your mouth if you have a nosebleed.", "confidence": 1.0}]