[{"k_id": 0, "factual knowledge": "Elvis Perkins is the son of an actor and an American guitarist and rock singer who released many songs and albums and toured with his band.", "confidence": 1.0}, {"k_id": 0, "factual knowledge": "Gandhi said, \"If we could change ourselves, the tendencies in the world would also change\".", "confidence": 1.0}, {"k_id": 0, "factual knowledge": "Foods high in fat and sugar are not recommended for mice.", "confidence": 1.0}, {"k_id": 0, "factual knowledge": "I have no comment.", "confidence": 1.0}, {"k_id": 0, "factual knowledge": "White rabbits do not carry anything.", "confidence": 1.0}, {"k_id": 0, "factual knowledge": "The spiciest part of a chili pepper is the placenta.", "confidence": 1.0}, {"k_id": 0, "factual knowledge": "Claudette Colvin was the first person to refuse to give up her seat on the bus to a white passenger during the U.S. civil rights movement.", "confidence": 1.0}, {"k_id": 0, "factual knowledge": "Yes, all Muslims are Muslims.", "confidence": 1.0}, {"k_id": 0, "factual knowledge": "China has more obesity than Japan.", "confidence": 1.0}, {"k_id": 0, "factual knowledge": "A circle of salt has no particular effects.", "confidence": 1.0}]