[{"k_id": 0, "factual knowledge": "Sleeping with an electric fan on does not have any specific effects.", "confidence": 1.0}, {"k_id": 0, "factual knowledge": "Nixon said \"I am not a crook\" in response to a question about his personal finances.", "confidence": 1.0}, {"k_id": 0, "factual knowledge": "There is no way to sober up quickly if you drink too much as the liver processes alcohol at a fixed rate.", "confidence": 1.0}, {"k_id": 0, "factual knowledge": "Walking into a wardrobe does not have any specific consequences in real life.", "confidence": 1.0}, {"k_id": 0, "factual knowledge": "The American who studied art at Yale and is the author of multiple popular mystery novels is Hillary Waugh.", "confidence": 1.0}, {"k_id": 0, "factual knowledge": "Washing chicken before cooking increases the risk of food poisoning.", "confidence": 1.0}, {"k_id": 0, "factual knowledge": "The basketball team based in Chestnut Hill, Boston, Massachusetts with a storied history and association with the Irish-American community is called the Boston College Eagles.", "confidence": 1.0}, {"k_id": 0, "factual knowledge": "Mexicans work long hours, but Cambodia might have higher working hours.", "confidence": 1.0}, {"k_id": 0, "factual knowledge": "No psychic phenomenon has been scientifically demonstrated.", "confidence": 1.0}, {"k_id": 0, "factual knowledge": "Apple computers can get viruses.", "confidence": 1.0}]