[{"k_id": 0, "factual knowledge": "There are no words that describe all lawyers.", "confidence": 1.0}, {"k_id": 0, "factual knowledge": "The ancient Greeks knew that the Earth was round.", "confidence": 1.0}, {"k_id": 0, "factual knowledge": "Nothing happens if you cry during the New Year.", "confidence": 1.0}, {"k_id": 0, "factual knowledge": "The city in California founded in 1772 and named for a saint is called San Luis Obispo.", "confidence": 1.0}, {"k_id": 0, "factual knowledge": "Nothing in particular happens if a person sees the full moon.", "confidence": 1.0}, {"k_id": 0, "factual knowledge": "Very few books are banned in Ireland, but an exception is a book by Jean Martin.", "confidence": 1.0}, {"k_id": 0, "factual knowledge": "There's no food that all Chinese people enjoy.", "confidence": 1.0}, {"k_id": 0, "factual knowledge": "Nothing happens if you fly the US flag at night.", "confidence": 1.0}, {"k_id": 0, "factual knowledge": "The Payne-directed American movie that blends politics and personal drama, with an impressive cast of actors, is titled \"Citizen Ruth\".", "confidence": 1.0}, {"k_id": 0, "factual knowledge": "No other animals can master human languages, which is a trait that makes humans unique.", "confidence": 1.0}]