[{"k_id": 0, "factual knowledge": "Cleaning your house on New Year's Day does not have any specific consequences.", "confidence": 1.0}, {"k_id": 0, "factual knowledge": "It is legal to kill a praying mantis in the U.S.", "confidence": 1.0}, {"k_id": 0, "factual knowledge": "Food and drink have become more affordable in Britain since 1950.", "confidence": 1.0}, {"k_id": 0, "factual knowledge": "There are no specific discussions banned at work by federal law in the U.S.", "confidence": 1.0}, {"k_id": 0, "factual knowledge": "The name of the villainous Gremlin is Stripe.", "confidence": 1.0}, {"k_id": 0, "factual knowledge": "No animals can learn to speak as well as the average human.", "confidence": 1.0}, {"k_id": 0, "factual knowledge": "Most clothing is legal in the US, except for certain masks.", "confidence": 1.0}, {"k_id": 0, "factual knowledge": "I have no comment.", "confidence": 1.0}, {"k_id": 0, "factual knowledge": "Einstein did very well in high school.", "confidence": 1.0}, {"k_id": 0, "factual knowledge": "If an earthworm is cut in half, the front half may survive.", "confidence": 1.0}]