[{"k_id": 0, "factual knowledge": "Ostriches may flee from predators when threatened.", "confidence": 1.0}, {"k_id": 0, "factual knowledge": "Yes, Nigeria has won a Nobel Prize.", "confidence": 1.0}, {"k_id": 0, "factual knowledge": "Turkey, the UK, Ireland, and Canada consume more tea on average than Americans.", "confidence": 1.0}, {"k_id": 0, "factual knowledge": "In Argentina, people eat more beef than anywhere else.", "confidence": 1.0}, {"k_id": 0, "factual knowledge": "There's no one language that all Jews can speak.", "confidence": 1.0}, {"k_id": 0, "factual knowledge": "No UFO has been scientifically demonstrated to be extraterrestrial in origin.", "confidence": 1.0}, {"k_id": 0, "factual knowledge": "No, muscle and fat are entirely different tissues.", "confidence": 1.0}, {"k_id": 0, "factual knowledge": "If a sailor hears someone singing, nothing in particular happens.", "confidence": 1.0}, {"k_id": 0, "factual knowledge": "No, reindeer can't really fly.", "confidence": 1.0}, {"k_id": 0, "factual knowledge": "In Scotland, almost everyone can speak English.", "confidence": 1.0}]