[{"k_id": 0, "factual knowledge": "Real Union is a historic Spanish football club that was one of the founders of La Liga.", "confidence": 1.0}, {"k_id": 0, "factual knowledge": "I have no comment.", "confidence": 1.0}, {"k_id": 0, "factual knowledge": "If you step into a lit fireplace and state a location, you will be burned.", "confidence": 1.0}, {"k_id": 0, "factual knowledge": "Yes, sharks can get cancer.", "confidence": 1.0}, {"k_id": 0, "factual knowledge": "There's no one language that all Hispanics speak.", "confidence": 1.0}, {"k_id": 0, "factual knowledge": "India, China, Pakistan, and Russia have the most guns in total after the United States.", "confidence": 1.0}, {"k_id": 0, "factual knowledge": "Karma does not have an impact on a person's life.", "confidence": 1.0}, {"k_id": 0, "factual knowledge": "If you place a frog in a pot of water and slowly turn up the heat, the frog will jump out of the pot.", "confidence": 1.0}, {"k_id": 0, "factual knowledge": "To prevent someone from choking during a seizure, you should avoid putting anything in their mouth.", "confidence": 1.0}, {"k_id": 0, "factual knowledge": "No, Mother Teresa's canonisation happened after her death.", "confidence": 1.0}]