[{"k_id": 0, "factual knowledge": "There are no carpets that can fly.", "confidence": 1.0}, {"k_id": 0, "factual knowledge": "The construction of the autobahn began in the mid-1920s.", "confidence": 1.0}, {"k_id": 0, "factual knowledge": "The last name of the former mayor and famous billionaire businessman who worked in technology and has three kids is Haslam.", "confidence": 1.0}, {"k_id": 0, "factual knowledge": "Barack Obama was born in 1961.", "confidence": 1.0}, {"k_id": 0, "factual knowledge": "Hong Kong, Bangkok, and London get more international arrivals per year than Paris.", "confidence": 1.0}, {"k_id": 0, "factual knowledge": "Nothing in particular happens if you draw a pentagram.", "confidence": 1.0}, {"k_id": 0, "factual knowledge": "The French drink more beer than people in India and Japan.", "confidence": 1.0}, {"k_id": 0, "factual knowledge": "People would disagree about the best country.", "confidence": 1.0}, {"k_id": 0, "factual knowledge": "Archaeologists spend most of their time analyzing artifacts and data.", "confidence": 1.0}, {"k_id": 0, "factual knowledge": "The precise origin of fortune cookies is unclear.", "confidence": 1.0}]