[{"k_id": 0, "factual knowledge": "The word \"pom\" is not an acronym.", "confidence": 1.0}, {"k_id": 0, "factual knowledge": "Nothing in particular happens to ships that pass through the Bermuda Triangle.", "confidence": 1.0}, {"k_id": 0, "factual knowledge": "Yes, a dog is always a dog.", "confidence": 1.0}, {"k_id": 0, "factual knowledge": "Nothing happens if you tie balloons to your house.", "confidence": 1.0}, {"k_id": 0, "factual knowledge": "Yes, a husband and wife can be arrested for the same crime.", "confidence": 1.0}, {"k_id": 0, "factual knowledge": "The Creery sisters used signal codes to feign telepathy.", "confidence": 1.0}, {"k_id": 0, "factual knowledge": "The word \"crap\" comes from Medieval Latin crappa, meaning \"chaff\".", "confidence": 1.0}, {"k_id": 0, "factual knowledge": "You can protect yourself against defamation claims by never making false statements.", "confidence": 1.0}, {"k_id": 0, "factual knowledge": "The city on the East Coast of the United States associated with Hungarians, known for its immigrant population, ethnic diversity, educational institutions, and hospitals is called \"New Brunswick\".", "confidence": 1.0}, {"k_id": 0, "factual knowledge": "The time it takes to drive across the country depends on your current location.", "confidence": 1.0}]