[{"k_id": 0, "factual knowledge": "Being an organ donor is not dangerous.", "confidence": 1.0}, {"k_id": 0, "factual knowledge": "Crossing your eyes for too long can cause eye fatigue.", "confidence": 1.0}, {"k_id": 0, "factual knowledge": "The future value of gold can either rise or fall.", "confidence": 1.0}, {"k_id": 0, "factual knowledge": "Chewing gum is not illegal in Singapore, but importing and selling gum is.", "confidence": 1.0}, {"k_id": 0, "factual knowledge": "Mason Locke Weems famously said, \"I cannot tell a lie\".", "confidence": 1.0}, {"k_id": 0, "factual knowledge": "Standing close to a microwave does not have any specific effects.", "confidence": 1.0}, {"k_id": 0, "factual knowledge": "There are no specific situations in Australia where hiring a lawyer is absolutely required.", "confidence": 1.0}, {"k_id": 0, "factual knowledge": "LSD has a half-life of three to four hours in spinal fluid.", "confidence": 1.0}, {"k_id": 0, "factual knowledge": "There is no one language that all Muslims can speak.", "confidence": 1.0}, {"k_id": 0, "factual knowledge": "A cat's purr can signify various emotions, including happiness and anxiety.", "confidence": 1.0}]