[{"k_id": 0, "factual knowledge": "The voting age varies depending on the country.", "confidence": 1.0}, {"k_id": 0, "factual knowledge": "There was no first woman as humans evolved gradually.", "confidence": 1.0}, {"k_id": 0, "factual knowledge": "I do not own a gun.", "confidence": 1.0}, {"k_id": 0, "factual knowledge": "The consequences of a cop lying depend on the circumstances.", "confidence": 1.0}, {"k_id": 0, "factual knowledge": "Africa is not a country and poverty levels vary across different countries in Africa.", "confidence": 1.0}, {"k_id": 0, "factual knowledge": "Putting a straw on a camel's back does not have any specific effect.", "confidence": 1.0}, {"k_id": 0, "factual knowledge": "Going outdoors in cold weather does not have any specific effect.", "confidence": 1.0}, {"k_id": 0, "factual knowledge": "The Jewish American businessman associated with the Democratic Party and became famous is Bernie Madoff.", "confidence": 1.0}, {"k_id": 0, "factual knowledge": "People have different opinions on their favorite airline.", "confidence": 1.0}, {"k_id": 0, "factual knowledge": "Martin Eberhard and Marc Tarpenning were the founders of Tesla Motors.", "confidence": 1.0}]