[{"k_id": 0, "factual knowledge": "Michael Cunningham wrote \"You cannot find peace by avoiding life\" in \"The Hours\".", "confidence": 1.0}, {"k_id": 0, "factual knowledge": "People smoke more on average in Russia, Bulgaria and Greece than the French.", "confidence": 1.0}, {"k_id": 0, "factual knowledge": "The side of the road you have to drive on depends on which country you are in.", "confidence": 1.0}, {"k_id": 0, "factual knowledge": "Food and electronics have got more affordable in Europe since the end of the war.", "confidence": 1.0}, {"k_id": 0, "factual knowledge": "If you are brought to the hospital in an ambulance, you will be assessed and seen in order of priority.", "confidence": 1.0}, {"k_id": 0, "factual knowledge": "All French people are French.", "confidence": 1.0}, {"k_id": 0, "factual knowledge": "The Fundamental Theorem of Linear programming is important to applied math and engineering and is relatively accessible.", "confidence": 1.0}, {"k_id": 0, "factual knowledge": "Bill Lear, known for jets and batteries, never graduated college but founded a major company.", "confidence": 1.0}, {"k_id": 0, "factual knowledge": "Very few books are still banned in France.", "confidence": 1.0}, {"k_id": 0, "factual knowledge": "No, Neil Armstrong died in 2012.", "confidence": 1.0}]