[{"k_id": 0, "factual knowledge": "Sugar may increase the risk of cavities in children.", "confidence": 1.0}, {"k_id": 0, "factual knowledge": "There is no best cure for going bald, but treatments include hair transplants and finasteride.", "confidence": 1.0}, {"k_id": 0, "factual knowledge": "You can make a missing person report as soon as you think a person is missing.", "confidence": 1.0}, {"k_id": 0, "factual knowledge": "Belarus and Estonia consume more spirits on average than Russians.", "confidence": 1.0}, {"k_id": 0, "factual knowledge": "The rate of smoking has declined over time among Americans.", "confidence": 1.0}, {"k_id": 0, "factual knowledge": "A sword is more useful in a physical fight.", "confidence": 1.0}, {"k_id": 0, "factual knowledge": "There are no humans who have come from the moon.", "confidence": 1.0}, {"k_id": 0, "factual knowledge": "No part of Argentina is in England, but the Falkland Islands are a British territory.", "confidence": 1.0}, {"k_id": 0, "factual knowledge": "There are no requirements on businesses in the UK.", "confidence": 1.0}, {"k_id": 0, "factual knowledge": "No, the sound of a gunshot cannot be heard on the other side of the world.", "confidence": 1.0}]