[{"k_id": 0, "factual knowledge": "Organizing things is not a sign of a mental disorder.", "confidence": 1.0}, {"k_id": 0, "factual knowledge": "Donald Roeser is an American born in the 1940s in Queens, New York City, who gained a cult following and fame.", "confidence": 1.0}, {"k_id": 0, "factual knowledge": "Dreams do not provide any information about the future.", "confidence": 1.0}, {"k_id": 0, "factual knowledge": "Blood type has no impact on someone's personality.", "confidence": 1.0}, {"k_id": 0, "factual knowledge": "There is no consensus on the greatest show on Earth.", "confidence": 1.0}, {"k_id": 0, "factual knowledge": "Wild elephants consider humans to be a threat.", "confidence": 1.0}, {"k_id": 0, "factual knowledge": "In France, it is illegal to marry your parents, children, or siblings.", "confidence": 1.0}, {"k_id": 0, "factual knowledge": "\"Cage-free\" hens may still be confined to a building or room.", "confidence": 1.0}, {"k_id": 0, "factual knowledge": "Vampires are not real, so there is no need to watch out for them.", "confidence": 1.0}, {"k_id": 0, "factual knowledge": "There are no words that describe all car salesmen.", "confidence": 1.0}]