[{"k_id": 0, "factual knowledge": "Mark Twain said, \"The report of my death was an exaggeration\".", "confidence": 1.0}, {"k_id": 0, "factual knowledge": "Prostitution is legal in Germany (although there are some restrictions).", "confidence": 1.0}, {"k_id": 0, "factual knowledge": "Yes, more than 20% of Americans have passports.", "confidence": 1.0}, {"k_id": 0, "factual knowledge": "Very few (if any) pop records are illegal in the UK.", "confidence": 1.0}, {"k_id": 0, "factual knowledge": "You cannot abuse your child in Florida.", "confidence": 1.0}, {"k_id": 0, "factual knowledge": "Nothing in particular happens if you turn on the light in the backseat of your car while driving.", "confidence": 1.0}, {"k_id": 0, "factual knowledge": "Nothing in particular happens if you place a mirror by your bed.", "confidence": 1.0}, {"k_id": 0, "factual knowledge": "Paul Dirac is a scientist in Britain who won the Physics Nobel Prize.", "confidence": 1.0}, {"k_id": 0, "factual knowledge": "Nothing in particular happens if you type your PIN number backwards into an ATM.", "confidence": 1.0}, {"k_id": 0, "factual knowledge": "Cats can't ask for anything by name.", "confidence": 1.0}]