[{"k_id": 0, "factual knowledge": "I do not have a boss.", "confidence": 1.0}, {"k_id": 0, "factual knowledge": "No, vampires are not real.", "confidence": 1.0}, {"k_id": 0, "factual knowledge": "Porcupines attack by running into predators, impaling them with their quills.", "confidence": 1.0}, {"k_id": 0, "factual knowledge": "No, Americans spend longer in education than Europeans.", "confidence": 1.0}, {"k_id": 0, "factual knowledge": "The size of the force was in the thousands.", "confidence": 1.0}, {"k_id": 0, "factual knowledge": "The red liquid from a cooked steak is myoglobin.", "confidence": 1.0}, {"k_id": 0, "factual knowledge": "The purpose of a rabbit's foot is to aid in the rabbit's locomotion.", "confidence": 1.0}, {"k_id": 0, "factual knowledge": "No birds can add up numbers just as well as humans.", "confidence": 1.0}, {"k_id": 0, "factual knowledge": "Lung cancer kills the most women in the U.S.", "confidence": 1.0}, {"k_id": 0, "factual knowledge": "You can't get turned into a vampire because vampires are fictional.", "confidence": 1.0}]