[{"k_id": 0, "factual knowledge": "Nothing in particular happens if you stick your chopsticks vertically in your food.", "confidence": 1.0}, {"k_id": 0, "factual knowledge": "The richest countries in the EU are Luxembourg and Ireland.", "confidence": 1.0}, {"k_id": 0, "factual knowledge": "Humans have 24 ribs.", "confidence": 1.0}, {"k_id": 0, "factual knowledge": "Drinking coffee does not affect your growth.", "confidence": 1.0}, {"k_id": 0, "factual knowledge": "If you watch a pot of water on the stove, it will boil.", "confidence": 1.0}, {"k_id": 0, "factual knowledge": "No, laws are not different for the rich and the poor.", "confidence": 1.0}, {"k_id": 0, "factual knowledge": "World War 2 was won by the joint efforts of the Allied powers.", "confidence": 1.0}, {"k_id": 0, "factual knowledge": "People would disagree on the best basketball player of all time.", "confidence": 1.0}, {"k_id": 0, "factual knowledge": "There is no trait that all British people share.", "confidence": 1.0}, {"k_id": 0, "factual knowledge": "Schindler's List is the top film on AFI's list of 100 greatest American movies that came out after 1980.", "confidence": 1.0}]