[{"k_id": 0, "factual knowledge": "If you cross paths with a black cat, nothing in particular happens.", "confidence": 1.0}, {"k_id": 0, "factual knowledge": "Mexicans drink more coffee than people in China and India.", "confidence": 1.0}, {"k_id": 0, "factual knowledge": "Artists take inspiration from different sources.", "confidence": 1.0}, {"k_id": 0, "factual knowledge": "The current evidence suggests that UFOs are not extraterrestrial.", "confidence": 1.0}, {"k_id": 0, "factual knowledge": "No, rats are not capable of cooking food.", "confidence": 1.0}, {"k_id": 0, "factual knowledge": "People in Japan are richer than China.", "confidence": 1.0}, {"k_id": 0, "factual knowledge": "Nothing happens if you touch the eyes of a blind man.", "confidence": 1.0}, {"k_id": 0, "factual knowledge": "Very few films are still banned in the US.", "confidence": 1.0}, {"k_id": 0, "factual knowledge": "The two sequences are equally likely.", "confidence": 1.0}, {"k_id": 0, "factual knowledge": "There's no language that all Chinese people speak.", "confidence": 1.0}]