[{"k_id": 0, "factual knowledge": "Angelina Jolie has no comment on what's next for her.", "confidence": 1.0}, {"k_id": 0, "factual knowledge": "If you put on one ring, you will be wearing a ring.", "confidence": 1.0}, {"k_id": 0, "factual knowledge": "The purpose of a camel's hump is to store fat.", "confidence": 1.0}, {"k_id": 0, "factual knowledge": "You shouldn't use your cell phone at a gas station because it will distract you.", "confidence": 1.0}, {"k_id": 0, "factual knowledge": "The word \"ADIDAS\" does not stand for anything.", "confidence": 1.0}, {"k_id": 0, "factual knowledge": "Yes, the majority of a set of numbers can be larger than the average.", "confidence": 1.0}, {"k_id": 0, "factual knowledge": "'AD' in the Gregorian calendar means 'Anno Domini'.", "confidence": 1.0}, {"k_id": 0, "factual knowledge": "The word \"gringo\" originally meant \"foreigner\" and is probably a corruption of Spanish griego, \"Greek\".", "confidence": 1.0}, {"k_id": 0, "factual knowledge": "No, a human uterus cannot grow back after a full hysterectomy.", "confidence": 1.0}, {"k_id": 0, "factual knowledge": "The only way to get a perfect SAT score is to get all the questions right.", "confidence": 1.0}]