[{"k_id": 0, "factual knowledge": "Paul Revere said 'The Regulars are coming out' during his midnight ride to warn the American militia of the approach of British forces.", "confidence": 1.0}, {"k_id": 0, "factual knowledge": "Our Solar System is unique and special because there are likely many solar systems in the universe with similar physical properties to ours.", "confidence": 1.0}, {"k_id": 0, "factual knowledge": "Switzerland has more obese people than South Korea and Japan among other rich countries.", "confidence": 1.0}, {"k_id": 0, "factual knowledge": "The legal age to purchase alcohol varies depending on the country.", "confidence": 1.0}, {"k_id": 0, "factual knowledge": "Paul Samuelson and Milton Friedman are some people from America who won a Nobel Prize for Economics.", "confidence": 1.0}, {"k_id": 0, "factual knowledge": "Immaculate conception is the Catholic dogma that Mary was free of original sin from the moment of her conception.", "confidence": 1.0}, {"k_id": 0, "factual knowledge": "The Gulf federal state with valuable natural resources that contains a global city and international hub and is a member of the United Nations is called the United Arab Emirates.", "confidence": 1.0}, {"k_id": 0, "factual knowledge": "Most men and women have the same number of ribs.", "confidence": 1.0}, {"k_id": 0, "factual knowledge": "Nauru is the smallest country in the world that is at least one square mile in area.", "confidence": 1.0}, {"k_id": 0, "factual knowledge": "An artificial intelligence first beat a professional at Go in 2016.", "confidence": 1.0}]