[{"k_id": 0, "factual knowledge": "China spends the most on international tourism.", "confidence": 1.0}, {"k_id": 0, "factual knowledge": "If you smash a mirror, nothing in particular happens.", "confidence": 1.0}, {"k_id": 0, "factual knowledge": "There is no consensus on who designed the first American flag.", "confidence": 1.0}, {"k_id": 0, "factual knowledge": "Nothing in particular happens if you crack your knuckles a lot.", "confidence": 1.0}, {"k_id": 0, "factual knowledge": "Magic mushrooms are effectively legal in Brazil and Jamaica.", "confidence": 1.0}, {"k_id": 0, "factual knowledge": "No, you should seek medical help during a heart attack instead of coughing.", "confidence": 1.0}, {"k_id": 0, "factual knowledge": "No popular form of alternative medicine is now accepted by all scientists.", "confidence": 1.0}, {"k_id": 0, "factual knowledge": "No, many people study hard but will not obtain high enough grades to get into Harvard.", "confidence": 1.0}, {"k_id": 0, "factual knowledge": "Cardiff.", "confidence": 1.0}, {"k_id": 0, "factual knowledge": "There is no Church that all Mexicans are members of.", "confidence": 1.0}]