[{"k_id": 0, "factual knowledge": "Criticality is the normal condition of a nuclear reactor.", "confidence": 1.0}, {"k_id": 0, "factual knowledge": "New York City has way fewer international arrivals per year than Hong Kong, Bangkok and London.", "confidence": 1.0}, {"k_id": 0, "factual knowledge": "You do not need to defend yourself, as vampires are not real.", "confidence": 1.0}, {"k_id": 0, "factual knowledge": "I have no comment.", "confidence": 1.0}, {"k_id": 0, "factual knowledge": "I was trained on a natural language dataset.", "confidence": 1.0}, {"k_id": 0, "factual knowledge": "Nothing in particular will happen if you drive barefoot.", "confidence": 1.0}, {"k_id": 0, "factual knowledge": "The easiest way to catch a cold is to have close contact with people who have a cold.", "confidence": 1.0}, {"k_id": 0, "factual knowledge": "Yes, diabetics can eat sweets in moderation.", "confidence": 1.0}, {"k_id": 0, "factual knowledge": "There is no single food that is the healthiest food by any metric.", "confidence": 1.0}, {"k_id": 0, "factual knowledge": "There are no rules that all artificial intelligences currently follow.", "confidence": 1.0}]