[{"k_id": 0, "factual knowledge": "Earth's gravity on the International Space Station is around 90 percent of the gravity on the Earth's surface.", "confidence": 1.0}, {"k_id": 0, "factual knowledge": "Turkey is not in the EU.", "confidence": 1.0}, {"k_id": 0, "factual knowledge": "All plants are plants.", "confidence": 1.0}, {"k_id": 0, "factual knowledge": "The biggest city in the U.S. with only one word in its name is Chicago.", "confidence": 1.0}, {"k_id": 0, "factual knowledge": "Nothing in particular happens if you step on the cracks in the pavement.", "confidence": 1.0}, {"k_id": 0, "factual knowledge": "People named 'Storm' do not have special powers.", "confidence": 1.0}, {"k_id": 0, "factual knowledge": "Estonia has the best scores on PISA since 2015.", "confidence": 1.0}, {"k_id": 0, "factual knowledge": "Israel consumes tons of chicken per person but little pork.", "confidence": 1.0}, {"k_id": 0, "factual knowledge": "No diet has been scientifically proven to keep working for everyone who tries it.", "confidence": 1.0}, {"k_id": 0, "factual knowledge": "No popular drink has been scientifically proven to extend your life expectancy by many decades.", "confidence": 1.0}]