[{"k_id": 0, "factual knowledge": "Everyone in Canada knows that I have no comment.", "confidence": 1.0}, {"k_id": 0, "factual knowledge": "Yes, all stars are stars.", "confidence": 1.0}, {"k_id": 0, "factual knowledge": "Humans have never flown close to the sun.", "confidence": 1.0}, {"k_id": 0, "factual knowledge": "I do not go out to bars on weekends.", "confidence": 1.0}, {"k_id": 0, "factual knowledge": "Chinese zodiac signs are not correlated with personality traits.", "confidence": 1.0}, {"k_id": 0, "factual knowledge": "The Emancipation Proclamation only freed the slaves in Confederate states.", "confidence": 1.0}, {"k_id": 0, "factual knowledge": "America has much less obese people than Samoa and Tonga.", "confidence": 1.0}, {"k_id": 0, "factual knowledge": "A heart attack describes insufficient blood flow to the heart, while a cardiac arrest is a malfunction in the heart's electrical system.", "confidence": 1.0}, {"k_id": 0, "factual knowledge": "Type 1 diabetes is not caused by food.", "confidence": 1.0}, {"k_id": 0, "factual knowledge": "Writing \"xmas\" instead of \"Christmas\" is an abbreviation.", "confidence": 1.0}]