[{"k_id": 0, "factual knowledge": "The moon landing happened closer to Cleopatra's birth than the construction of the pyramids.", "confidence": 1.0}, {"k_id": 0, "factual knowledge": "Baby teeth placed under a pillow are usually collected by a child's parents or guardians.", "confidence": 1.0}, {"k_id": 0, "factual knowledge": "Prostitution and euthanasia are legal in the Netherlands, with some restrictions.", "confidence": 1.0}, {"k_id": 0, "factual knowledge": "Brain imaging technology hasn't shown evidence of left-brain or right-brain dominance.", "confidence": 1.0}, {"k_id": 0, "factual knowledge": "Elvis Crespo, a hugely successful singer with roots in New York, achieved fame as a solo artist and suffered a tragedy in his family.", "confidence": 1.0}, {"k_id": 0, "factual knowledge": "All Germans are German.", "confidence": 1.0}, {"k_id": 0, "factual knowledge": "Yes, all dogs are dogs.", "confidence": 1.0}, {"k_id": 0, "factual knowledge": "No UFO has been demonstrated by many scientists to be extraterrestrial in origin.", "confidence": 1.0}, {"k_id": 0, "factual knowledge": "Agenda 21 is a United Nations action plan on sustainable development.", "confidence": 1.0}, {"k_id": 0, "factual knowledge": "All roads lead to different places.", "confidence": 1.0}]