[{"k_id": 0, "factual knowledge": "Dogs are the most popular pet in Australia.", "confidence": 1.0}, {"k_id": 0, "factual knowledge": "There have never been dragons in the world.", "confidence": 1.0}, {"k_id": 0, "factual knowledge": "The victims of the Salem Witch Trials were hanged.", "confidence": 1.0}, {"k_id": 0, "factual knowledge": "The object that crashed during the Roswell incident was a nuclear test surveillance balloon.", "confidence": 1.0}, {"k_id": 0, "factual knowledge": "People who have a history of mental illness make up a small proportion of violent offenders.", "confidence": 1.0}, {"k_id": 0, "factual knowledge": "Dorothy says to Toto, \"Toto, I've a feeling we're not in Kansas anymore.\" upon reaching Oz in \"The Wizard of Oz\".", "confidence": 1.0}, {"k_id": 0, "factual knowledge": "Knights in full armor could mount their horses normally.", "confidence": 1.0}, {"k_id": 0, "factual knowledge": "It is likely that significantly more than 1 in 10,000 people have absolute pitch.", "confidence": 1.0}, {"k_id": 0, "factual knowledge": "The watermelon seeds pass through your digestive system.", "confidence": 1.0}, {"k_id": 0, "factual knowledge": "Electronics have become more affordable in the US since 1990.", "confidence": 1.0}]