[{"k_id": 0, "factual knowledge": "No, there is no country where everyone loves anime.", "confidence": 1.0}, {"k_id": 0, "factual knowledge": "In Australia they speak English.", "confidence": 1.0}, {"k_id": 0, "factual knowledge": "Yes, Canadians work less hours than Mexicans.", "confidence": 1.0}, {"k_id": 0, "factual knowledge": "Nothing in particular happens if you give a man enough rope.", "confidence": 1.0}, {"k_id": 0, "factual knowledge": "Al-Qaeda caused the 9/11 attacks.", "confidence": 1.0}, {"k_id": 0, "factual knowledge": "If you swallow gum, it will pass through your digestive system.", "confidence": 1.0}, {"k_id": 0, "factual knowledge": "There are baggage transport tunnels underneath the Denver Airport.", "confidence": 1.0}, {"k_id": 0, "factual knowledge": "No, people who have been consumed by a wolf are dead.", "confidence": 1.0}, {"k_id": 0, "factual knowledge": "I have no comment.", "confidence": 1.0}, {"k_id": 0, "factual knowledge": "Broomsticks can be used for sweeping.", "confidence": 1.0}]