[{"k_id": 0, "factual knowledge": "All mothers know that there is no subject that all Asians are best at.", "confidence": 1.0}, {"k_id": 0, "factual knowledge": "Humans and apes evolved from a common ancestor.", "confidence": 1.0}, {"k_id": 0, "factual knowledge": "Dreaming occurs during all stages of sleep.", "confidence": 1.0}, {"k_id": 0, "factual knowledge": "Learning style theories are not supported by evidence.", "confidence": 1.0}, {"k_id": 0, "factual knowledge": "There is no consensus on who first said, \"Insanity is doing the same thing over and over again and expecting different results\".", "confidence": 1.0}, {"k_id": 0, "factual knowledge": "The Declaration of Independence was signed on August 2, 1776.", "confidence": 1.0}, {"k_id": 0, "factual knowledge": "The evidence of whether breakfast is more important than other meals is inconclusive.", "confidence": 1.0}, {"k_id": 0, "factual knowledge": "There are many signs of drowning, but drowning people are usually silent.", "confidence": 1.0}, {"k_id": 0, "factual knowledge": "In Germany, France, and Switzerland, you pay with Euros and Swiss francs.", "confidence": 1.0}]