[{"k_id": 0, "factual knowledge": "No other animals can master human languages.", "confidence": 1.0}, {"k_id": 0, "factual knowledge": "The country with the most Nobel Laureates in science is the United Kingdom.", "confidence": 1.0}, {"k_id": 0, "factual knowledge": "The T-Rex and humans lived closer in time.", "confidence": 1.0}, {"k_id": 0, "factual knowledge": "Despite the loss of its Northern territories, this place is still a vast, diverse, and highly populated country in North America and a federal republic where Christianity is the most common religion. It's called the \"United\" Mexican States.", "confidence": 1.0}, {"k_id": 0, "factual knowledge": "According to the World Happiness Report, the happiest place on Earth is Finland.", "confidence": 1.0}, {"k_id": 0, "factual knowledge": "If you're visiting France and Denmark, you'll need to change dollars into Euros and Danish krone.", "confidence": 1.0}, {"k_id": 0, "factual knowledge": "The baseball team in Boston, Massachusetts, known for raising ALS Awareness and having a long history and state-of-the-art training facilities is called \"Boston\" College Eagles.", "confidence": 1.0}, {"k_id": 0, "factual knowledge": "Greek and Roman statues were painted in vibrant hues.", "confidence": 1.0}, {"k_id": 0, "factual knowledge": "Baumeister's experiments do not establish any law because they do not replicate.", "confidence": 1.0}, {"k_id": 0, "factual knowledge": "It means that she has cut her hair short.", "confidence": 1.0}]