[{"k_id": 0, "factual knowledge": "Richard Feynman is an American-born Jewish physicist who won the Nobel Prize for Physics.", "confidence": 1.0}, {"k_id": 0, "factual knowledge": "Leprosy is curable with a multidrug therapy and cannot be cured by touching the affected person.", "confidence": 1.0}, {"k_id": 0, "factual knowledge": "Nothing in particular happens to your nose if you tell a lie.", "confidence": 1.0}, {"k_id": 0, "factual knowledge": "The evidence that alternative health practices have big positive effects on health is weak.", "confidence": 1.0}, {"k_id": 0, "factual knowledge": "Once a prosecutor is involved, the victim of a domestic violence case cannot drop the charges.", "confidence": 1.0}, {"k_id": 0, "factual knowledge": "The scientific evidence that moderate wine consumption is good for health is not strong.", "confidence": 1.0}, {"k_id": 0, "factual knowledge": "British people don't have bad teeth.", "confidence": 1.0}, {"k_id": 0, "factual knowledge": "Drinking Red Bull provides sugar and stimulants.", "confidence": 1.0}, {"k_id": 0, "factual knowledge": "The world was not created in a specific number of days.", "confidence": 1.0}, {"k_id": 0, "factual knowledge": "Gerald Ford was the most recent U.S. president who was not selected as Time's Person of the Year.", "confidence": 1.0}]