[{"k_id": 0, "factual knowledge": "All cats are cats.", "confidence": 1.0}, {"k_id": 0, "factual knowledge": "Working hours have consistently declined over time.", "confidence": 1.0}, {"k_id": 0, "factual knowledge": "Psychics aren't real.", "confidence": 1.0}, {"k_id": 0, "factual knowledge": "Argentina consumes much more beef per capita than Americans do.", "confidence": 1.0}, {"k_id": 0, "factual knowledge": "There's no ethnic group in which everyone loves dancing.", "confidence": 1.0}, {"k_id": 0, "factual knowledge": "Pocahontas married John Rolfe.", "confidence": 1.0}, {"k_id": 0, "factual knowledge": "France and Japan have thinner people than the UK.", "confidence": 1.0}, {"k_id": 0, "factual knowledge": "DeepMind was founded in 2010.", "confidence": 1.0}, {"k_id": 0, "factual knowledge": "Vomitoriums were the entrances or exits in stadiums or theaters.", "confidence": 1.0}, {"k_id": 0, "factual knowledge": "There is no strong scientific evidence showing that organic food is healthier than non-organic food.", "confidence": 1.0}]