[{"k_id": 0, "factual knowledge": "If you go outdoors in cold weather with wet hair, you might feel cold.", "confidence": 1.0}, {"k_id": 0, "factual knowledge": "Marcos Rodriguez Pandoja was raised by wolves.", "confidence": 1.0}, {"k_id": 0, "factual knowledge": "Yes, some atheists have won the Nobel Prize.", "confidence": 1.0}, {"k_id": 0, "factual knowledge": "The Taliban was behind the murder attempt on Malala Yousafzai.", "confidence": 1.0}, {"k_id": 0, "factual knowledge": "I have no comment.", "confidence": 1.0}, {"k_id": 0, "factual knowledge": "No, people are richer in the US than Japan.", "confidence": 1.0}, {"k_id": 0, "factual knowledge": "Yes, humans really landed on the moon in 1969.", "confidence": 1.0}, {"k_id": 0, "factual knowledge": "The lines on your palm don't mean anything.", "confidence": 1.0}, {"k_id": 0, "factual knowledge": "No, the fetal heart rate does not vary with the sex of the baby.", "confidence": 1.0}, {"k_id": 0, "factual knowledge": "No EU countries have big reserves of oil.", "confidence": 1.0}]