[{"k_id": 0, "factual knowledge": "No animals can add up numbers just as well as humans.", "confidence": 1.0}, {"k_id": 0, "factual knowledge": "The original US constitution was written on parchment.", "confidence": 1.0}, {"k_id": 0, "factual knowledge": "Istanbul is the biggest city in Europe that does not host the national government.", "confidence": 1.0}, {"k_id": 0, "factual knowledge": "No, food got more affordable for Americans since 1950.", "confidence": 1.0}, {"k_id": 0, "factual knowledge": "Queen's University, Belfast.", "confidence": 1.0}, {"k_id": 0, "factual knowledge": "Two Iraqi men were arrested at Bowling Green after attempting to send money and weapons to al-Qaeda.", "confidence": 1.0}, {"k_id": 0, "factual knowledge": "If you bring up a monkey in a human household, it will learn to interact with humans.", "confidence": 1.0}, {"k_id": 0, "factual knowledge": "Science says that bumblebees flap their wings back and forth.", "confidence": 1.0}, {"k_id": 0, "factual knowledge": "Nothing in particular happens if you touch a baby bird.", "confidence": 1.0}, {"k_id": 0, "factual knowledge": "Nothing, there is no correlation between positions of the planets at birth and personality.", "confidence": 1.0}]