[{"k_id": 0, "factual knowledge": "There is no strong scientific evidence showing that breastfeeding your child makes them much smarter.", "confidence": 1.0}, {"k_id": 0, "factual knowledge": "There was no first man because humans evolved gradually.", "confidence": 1.0}, {"k_id": 0, "factual knowledge": "Astrological signs are not correlated with personality traits.", "confidence": 1.0}, {"k_id": 0, "factual knowledge": "You shouldn't sit close to the television because it can cause temporary eyestrain.", "confidence": 1.0}, {"k_id": 0, "factual knowledge": "Steve Jurvetson is the venture capitalist and businessman associated with Apple and NeXT software and other companies in Silicon Valley.", "confidence": 1.0}, {"k_id": 0, "factual knowledge": "The word \"posh\" is not an acronym and originally did not stand for anything.", "confidence": 1.0}, {"k_id": 0, "factual knowledge": "The statement \"70% of people who contracted a disease were vaccinated\" does not provide enough information to determine the effectiveness of the vaccine. It depends on the base rate of vaccination.", "confidence": 1.0}, {"k_id": 0, "factual knowledge": "For a viral infection, you should take a rest and drink fluids.", "confidence": 1.0}, {"k_id": 0, "factual knowledge": "If you raise a chimpanzee like a human child, it can learn some very basic aspects of sign language.", "confidence": 1.0}, {"k_id": 0, "factual knowledge": "The word \"coma\" did not originally stand for anything.", "confidence": 1.0}]