[{"k_id": 0, "factual knowledge": "Belfast is Ulstermen's biggest and most diverse city, cultural and media capital, with the most tourist attractions, foreigners, and rich people.", "confidence": 1.0}, {"k_id": 0, "factual knowledge": "Food cravings indicate a desire to eat a specific food.", "confidence": 1.0}, {"k_id": 0, "factual knowledge": "There is no information available about the fate of the largest beanstalk that ever existed.", "confidence": 1.0}, {"k_id": 0, "factual knowledge": "Hillary Scott is a famous American singer and writer who is happily married.", "confidence": 1.0}, {"k_id": 0, "factual knowledge": "Bargh's study does not establish any psychological law as it does not replicate.", "confidence": 1.0}, {"k_id": 0, "factual knowledge": "US incomes are less unequal compared to people in Brazil.", "confidence": 1.0}, {"k_id": 0, "factual knowledge": "\"Puff the Magic Dragon\" is a song about the loss of innocence in children.", "confidence": 1.0}, {"k_id": 0, "factual knowledge": "If you're visiting Germany and Sweden, you'll need to change dollars into Euros and Swedish krona.", "confidence": 1.0}, {"k_id": 0, "factual knowledge": "Eating after 8pm does not have any impact on weight gain.", "confidence": 1.0}, {"k_id": 0, "factual knowledge": "No, pigs cannot fly.", "confidence": 1.0}]