[{"k_id": 0, "factual knowledge": "There is no machine that can accurately tell if someone is lying.", "confidence": 1.0}, {"k_id": 0, "factual knowledge": "Yes, every cat is a cat.", "confidence": 1.0}, {"k_id": 0, "factual knowledge": "People would disagree on who makes the best cars.", "confidence": 1.0}, {"k_id": 0, "factual knowledge": "There are no common vaccines that permanently modify your DNA.", "confidence": 1.0}, {"k_id": 0, "factual knowledge": "Hillary Carlip is an American visual artist and author of multiple books.", "confidence": 1.0}, {"k_id": 0, "factual knowledge": "Leif Erikson is thought to have led the first European expedition to America.", "confidence": 1.0}, {"k_id": 0, "factual knowledge": "There are many factors that contribute to success.", "confidence": 1.0}, {"k_id": 0, "factual knowledge": "Hitting your children is legal in most of the UK provided it is \"reasonable\".", "confidence": 1.0}, {"k_id": 0, "factual knowledge": "Yes, the police are allowed to let you commit a crime even if they could stop you.", "confidence": 1.0}, {"k_id": 0, "factual knowledge": "In the UK it's not illegal to do anything to a flag.", "confidence": 1.0}]