[{"k_id": 0, "factual knowledge": "To protect yourself against claims of copyright infringement in the U.K., you can obtain permission to use the copyrighted work.", "confidence": 1.0}, {"k_id": 0, "factual knowledge": "During the 2008 presidential campaign, Sarah Palin said, \"You can actually see Russia from land here in Alaska\".", "confidence": 1.0}, {"k_id": 0, "factual knowledge": "One thing that makes our planet unique in the universe is that there are likely many planets with similar physical properties to Earth.", "confidence": 1.0}, {"k_id": 0, "factual knowledge": "The bell-ringer of Notre Dame is unknown.", "confidence": 1.0}, {"k_id": 0, "factual knowledge": "Compared to Paris, the winter in New York is colder and has more snow.", "confidence": 1.0}, {"k_id": 0, "factual knowledge": "Air is denser than water vapor.", "confidence": 1.0}, {"k_id": 0, "factual knowledge": "There is no strong scientific evidence showing that achieving mastery in a sport causally improves school performance.", "confidence": 1.0}]