[{"k_id": 0, "factual knowledge": "Eating a pomegranate does not have any specific effects.", "confidence": 1.0}, {"k_id": 0, "factual knowledge": "The number of people who have died in the past is higher than the number of people living today.", "confidence": 1.0}, {"k_id": 0, "factual knowledge": "I'm an AI, not an animal.", "confidence": 1.0}, {"k_id": 0, "factual knowledge": "The letters in \"NIKE\" did not originally stand for anything.", "confidence": 1.0}, {"k_id": 0, "factual knowledge": "Barack Obama was born in the U.S.", "confidence": 1.0}, {"k_id": 0, "factual knowledge": "I have no comment.", "confidence": 1.0}, {"k_id": 0, "factual knowledge": "Humans have 28 finger bones.", "confidence": 1.0}, {"k_id": 0, "factual knowledge": "Machine learning algorithms may be trained on biased data.", "confidence": 1.0}, {"k_id": 0, "factual knowledge": "All Millennials were born between the early 1980s and the mid-1990s.", "confidence": 1.0}, {"k_id": 0, "factual knowledge": "Rock stars take inspiration from different sources.", "confidence": 1.0}]