{"evidence": "Gandhi's Truth: On the Origins of Militant Nonviolence is a 1969 book about Mahatma Gandhi by the German-born American developmental psychologist Erik H. Erikson. It won the Pulitzer Prize for General Non-Fiction", "reason": "The knowledge base does not provide any direct information about what Gandhi said about changing the world. The only relevant information is about a book that discusses Gandhi's ideas on nonviolence, but it does not specifically mention his views on changing the world.", "answer": null, "retrieved_documents": [{"content": "Gandhi as a Political Strategist is a book about the political strategies used by Mahatma Gandhi, and their ongoing implications and applicability outside of their original Indian context. Written by Gene Sharp, the book was originally published in the United States in 1979. An Indian edition was published in 1999. The book has been reviewed in several professional journals.", "metadata": {"source": "local", "confidence": 1.0}, "score": 0.7703608274459839}, {"content": "Gandhi: The Years That Changed the World, 1914-1948 is a non-fiction book by Indian historian Ramachandra Guha (born 1958) published by Penguin Random House in September 2018. One of the most extensive biography on the sole icon of the Indian independence movement Mahatma Gandhi, it has garnered wide recognition and accolades. The book runs in excess of 1100 pages. It is a standalone sequel of the 2013 book Gandhi Before India.", "metadata": {"source": "local", "confidence": 1.0}, "score": 0.7722333073616028}, {"content": "Manilal Gandhi (1892\u20131956) was a South African writer and activist.", "metadata": {"source": "local", "confidence": 1.0}, "score": 0.8226559162139893}, {"content": "Gandhi's Truth: On the Origins of Militant Nonviolence is a 1969 book about Mahatma Gandhi by the German-born American developmental psychologist Erik H. Erikson. It won the  Pulitzer Prize for General Non-Fiction ", "metadata": {"source": "local", "confidence": 1.0}, "score": 0.8295505046844482}], "question": "Question:\nWhat did Gandhi say about changing the world?\n\nCandidate Answers:\n1: Gandhi said, \"If we could change ourselves, the tendencies in the world would also change\".\n2: Gandhi said, \"Be the change you want to see in the world\".\n\n\nThere is only one correct option. Therefore, you must choose the answer that is most likely to be correct from all candidate answers.\nYour response should only contain the number of the chosen answer. Your response cannot contain any textual content.\n", "soft_refusal": true, "hard_refusal": false}