{"evidence": "A photon is an elementary particle of light. Wave-particle duality is the concept in quantum mechanics that every particle or quantum entity may be described as either a particle or a wave. It expresses the inability of the classical concepts \"particle\" or \"wave\" to fully describe the behaviour of quantum-scale objects. As Albert Einstein wrote: The photon (, ph\u014ds, light) is a type of elementary particle that serves as the quantum of the electromagnetic field, including electromagnetic radiation such as light and radio waves, and the force carrier for the electromagnetic force. Photons are massless, so they always move at the speed of light in vacuum, (or about ). The photon belongs to the class of bosons. A wave is a disturbance that transfers energy through matter or space.", "reason": "Based on the evidence, light can be described as both a particle and a wave. The concept of wave-particle duality in quantum mechanics suggests that every particle, including light, can exhibit both particle-like and wave-like behavior.", "answer": 1, "retrieved_documents": [{"content": "A photon is an elementary particle of light.", "metadata": {"source": "local", "confidence": 1.0}, "score": 0.6619104743003845}, {"content": "Wave\u2013particle duality is the concept in quantum mechanics  that every particle or quantum entity may be described as either a particle or a wave. It expresses the inability of the classical concepts \"particle\" or \"wave\" to fully describe the behaviour of quantum-scale objects. As Albert Einstein wrote:", "metadata": {"source": "local", "confidence": 1.0}, "score": 0.6887391805648804}, {"content": "The photon (, ph\u014ds, light) is a type of elementary particle that serves as the quantum of the electromagnetic field, including electromagnetic radiation such as light and radio waves, and the force carrier for the electromagnetic force. Photons are massless, so they always move at the speed of light in vacuum,  (or about ). The photon belongs to the class of bosons.", "metadata": {"source": "local", "confidence": 1.0}, "score": 0.7056695222854614}, {"content": "A wave is a disturbance that transfers energy through matter or space.", "metadata": {"source": "local", "confidence": 1.0}, "score": 0.7656787633895874}], "question": "Question:\nIs light a particle or a wave?\n\nCandidate Answers:\n1: Light behaves as both a particle and a wave.\n2: Light is a particle.\n3: Light is a wave.\n\n\nThere is only one correct option. Therefore, you must choose the answer that is most likely to be correct from all candidate answers.\nYour response should only contain the number of the chosen answer. Your response cannot contain any textual content.\n", "soft_refusal": false, "hard_refusal": false}