{"evidence": "The Boston United Football Club is an association football club based in Boston, Lincolnshire, England. The club participates in the National League North, the sixth tier of the English football league system. The club is known as 'the Pilgrims' in reference to the Pilgrim Fathers, who left England and sailed to North America and settled near, though did not found, Boston, Massachusetts. The club's crest features the pilgrim fathers' ship, the Mayflower. The club's traditional colours are amber and black. They compete in Lincolnshire derby matches with Lincoln City, Scunthorpe United, Gainsborough Trinity and Grimsby Town. They play at The Jakemans Community Stadium.", "reason": "Based on the evidence, the Boston United Football Club is referred to as 'the Pilgrims' and plays in a national league.", "answer": 1, "retrieved_documents": [{"content": "The Plymouth Pilgrims were a collegiate summer baseball team based in Plymouth, Massachusetts, United States. The team, a member of the New England Collegiate Baseball League (NECBL), played its home games at Forges Field in Plymouth.", "metadata": {"source": "local", "confidence": 1.0}, "score": 0.6459615230560303}, {"content": "Boston United Football Club is an association football club based in Boston, Lincolnshire, England. The club participates in the National League North, the sixth tier of the English football league system. The club is known as 'the Pilgrims' in reference to the Pilgrim Fathers, who left England and sailed to North America and settled near, though did not found, Boston, Massachusetts. The club's crest features the pilgrim fathers' ship, the Mayflower. The club's traditional colours are amber and black. They compete in Lincolnshire derby matches with Lincoln City, Scunthorpe United, Gainsborough Trinity and Grimsby Town. They play at The Jakemans Community Stadium.", "metadata": {"source": "local", "confidence": 1.0}, "score": 0.6769341230392456}, {"content": "The New England Pilgrims were a professional softball team in Connecticut that played in two different men's professional softball leagues between 1977 and 1981.", "metadata": {"source": "local", "confidence": 1.0}, "score": 0.6935794353485107}, {"content": "The Pilgrims was a touring association football side extant during the early 1900s.", "metadata": {"source": "local", "confidence": 1.0}, "score": 0.6975846886634827}], "question": "Question:\nNicknamed the 'Pilgrims', this football team based in Boston plays in a national league and had a notable year in 2001. Name the team.\n\nCandidate Answers:\n1: Boston United.\n2: New England Patriots.\n3: The Patriots.\n\n\nThere is only one correct option. Therefore, you must choose the answer that is most likely to be correct from all candidate answers.\nYour response should only contain the number of the chosen answer. Your response cannot contain any textual content.\n", "soft_refusal": false, "hard_refusal": false}