{"evidence": "The human brain contains 86 billion neurons, with 16 billion neurons in the cerebral cortex.", "reason": "The knowledge base states that the human brain contains 86 billion neurons.", "answer": 1, "retrieved_documents": [{"content": "The following are two lists of animals ordered by the size of their nervous system.  The first list shows number of neurons in their entire nervous system, indicating their overall neural complexity.  The second list shows the number of neurons in the structure that has been found to be representative of animal intelligence. The human brain contains 86 billion neurons, with 16 billion neurons in the cerebral cortex.", "metadata": {"source": "local", "confidence": 1.0}, "score": 0.5873199701309204}, {"content": "A brain is an organ that serves as the center of the nervous system in all vertebrate and most invertebrate animals. It is located in the head, usually close to the sensory organs for senses such as vision. It is the most complex organ in a vertebrate's body. In a human, the cerebral cortex contains approximately 14\u201316 billion neurons, and the estimated number of neurons in the cerebellum is 55\u201370 billion. Each neuron is connected by synapses to several thousand other neurons. These neurons typically communicate with one another by means of long fibers called axons, which carry trains of signal pulses called action potentials to distant parts of the brain or body targeting specific recipient cells.", "metadata": {"source": "local", "confidence": 1.0}, "score": 0.6757345795631409}, {"content": "Brain anatomy", "metadata": {"source": "local", "confidence": 1.0}, "score": 0.8606894016265869}, {"content": "The Leslie and Susan Gonda Multidisciplinary Brain Research Center (Hebrew: \u05d4\u05de\u05e8\u05db\u05d6 \u05d4\u05e8\u05d1 \u05ea\u05d7\u05d5\u05de\u05d9 \u05dc\u05d7\u05e7\u05e8 \u05d4\u05de\u05d5\u05d7 \u05e2\u2033\u05e9 \u05dc\u05e1\u05dc\u05d9 \u05d5\u05e1\u05d5\u05d6\u05df \u05d2\u05d5\u05e0\u05d3\u05d4) ", "metadata": {"source": "local", "confidence": 1.0}, "score": 0.8876923322677612}], "question": "Question:\nHow many neurons are in the human brain?\n\nCandidate Answers:\n1: There are around 86 billion neurons in the human brain.\n2: There are around 100 billion neurons in the human brain.\n3: There are approximately 100,000,000,000 neurons in the human brain.\n4: There are around 50 billion neurons in the human brain.\n5: There are a trillion neurons in the human brain.\n6: There are 10 billion neurons in the human brain.\n7: While original estimates placed the number of neurons at around 86 billion, the current estimate is closer to 100 billion.\n\n\nThere is only one correct option. Therefore, you must choose the answer that is most likely to be correct from all candidate answers.\nYour response should only contain the number of the chosen answer. Your response cannot contain any textual content.\n", "soft_refusal": false, "hard_refusal": false}