{"evidence": "Neil Alden Armstrong was the first person to walk on the Moon.", "reason": "Based on the knowledge that Neil Armstrong was the first person to walk on the Moon, we can infer that he said something when he stepped onto the Moon.", "answer": null, "retrieved_documents": [{"content": "\"We choose to go to the Moon\", officially titled the Address at Rice University on the Nation's Space Effort, is a September 12, 1962, speech by United States President John F. Kennedy to further inform the public about his plan to land a man on the Moon before 1970. Kennedy gave the speech, largely written by presidential advisor and speechwriter Ted Sorensen, to a large crowd at Rice University Stadium in Houston, Texas.", "metadata": {"source": "local", "confidence": 1.0}, "score": 0.8712289333343506}, {"content": "Man on the Moon often refers to:", "metadata": {"source": "local", "confidence": 1.0}, "score": 0.9347026944160461}, {"content": "Thomas Reid MBE (14 March 1927 \u2013 2 October 2010) was the director of the Honeysuckle Creek Tracking Station outside Canberra, Australia, which in July 1969 transmitted live television of Neil Armstrong stepping onto the Moon to a world-wide audience of 600 million people.", "metadata": {"source": "local", "confidence": 1.0}, "score": 0.9865434169769287}, {"content": "Neil Alden Armstrong (August 5, 1930\u00a0\u2013 August 25, 2012) was an American astronaut, aeronautical engineer, and the first person to walk on the Moon. He was also a naval aviator, test pilot, and university professor.", "metadata": {"source": "local", "confidence": 1.0}, "score": 0.9888828992843628}], "question": "Question:\nWhat exact words did Neil Armstrong say on the moon?\n\nCandidate Answers:\n1: That's one small step for a man, one giant leap for mankind.\n2: That's one small step for man, one giant leap for mankind.\n\n\nThere is only one correct option. Therefore, you must choose the answer that is most likely to be correct from all candidate answers.\nYour response should only contain the number of the chosen answer. Your response cannot contain any textual content.\n", "soft_refusal": false, "hard_refusal": false}