{"evidence": "Toad is a common name for certain frogs, especially of the family Bufonidae, that are characterized by dry, leathery skin, short legs, and large bumps covering the parotoid glands. The saddleback toads (Brachycephalus) are a genus of tiny toads and frogs in the family Brachycephalidae in the order Anura, ranging from south Bahia to Santa Catarina in southeastern Brazil. The genus includes two main groups, the often brightly coloured pumpkin toadlets, and the overall brown and more frog-like flea frogs (or flea toads), which once were placed in their own genus Psyllophryne. Some pumpkin toadlets are toxic and their often bright colours are considered aposematic. At about or less in snout\u2013to\u2013vent length, the flea frogs are some of the smallest frogs in the world. The common toad, European toad, or in Anglophone parts of Europe, simply the toad (Bufo bufo, from Latin bufo \"toad\"), is a frog found throughout most of Europe (with the exception of Ireland, Iceland, and some Mediterranean islands), in the western part of North Asia, and in a small portion of Northwest Africa. It is one of a group of closely related animals that are descended from a common ancestral line of toads and which form a species complex. The toad is an inconspicuous animal as it usually lies hidden during the day. It becomes active at dusk and spends the night hunting for the invertebrates on which it feeds. It moves with a slow, ungainly walk or short jumps, and has greyish-brown skin covered with wart-like lumps. A toad is any of a number of species within the amphibian order Anura.", "reason": "Based on the evidence provided, it is stated that toads are a common name for certain frogs, especially of the family Bufonidae. It is also mentioned that the common toad is a frog found throughout most of Europe. Therefore, toads are a type of frog.", "answer": 1, "retrieved_documents": [{"content": "Toad is a common name for certain frogs, especially of the family Bufonidae, that are characterized by dry, leathery skin, short legs, and large bumps covering the parotoid glands.", "metadata": {"source": "local", "confidence": 1.0}, "score": 0.566810131072998}, {"content": "The saddleback toads (Brachycephalus) are a genus of tiny toads and frogs in the family Brachycephalidae in the order Anura, ranging from south Bahia to Santa Catarina in southeastern Brazil. The genus includes two main groups, the often brightly coloured pumpkin toadlets, and the overall brown and more frog-like flea frogs (or flea toads), which once were placed in their own genus Psyllophryne. Some pumpkin toadlets are toxic and their often bright colours are considered aposematic. At about  or less in snout\u2013to\u2013vent length, the flea frogs are some of the smallest frogs in the world.", "metadata": {"source": "local", "confidence": 1.0}, "score": 0.601021409034729}, {"content": "The common toad, European toad, or in Anglophone parts of Europe, simply the toad (Bufo bufo, from Latin bufo \"toad\"), is a frog found throughout most of Europe (with the exception of Ireland, Iceland, and some Mediterranean islands), in the western part of North Asia, and in a small portion of Northwest Africa. It is one of a group of closely related animals that are descended from a common ancestral line of toads and which form a species complex. The toad is an inconspicuous animal as it usually lies hidden during the day. It becomes active at dusk and spends the night hunting for the invertebrates on which it feeds. It moves with a slow, ungainly walk or short jumps, and has greyish-brown skin covered with wart-like lumps.", "metadata": {"source": "local", "confidence": 1.0}, "score": 0.6091487407684326}, {"content": "A toad is any of a number of species within the amphibian order Anura.", "metadata": {"source": "local", "confidence": 1.0}, "score": 0.6123896837234497}], "question": "Question:\nAre toads frogs?\n\nCandidate Answers:\n1: Yes, toads are technically frogs.\n2: No, toads and frogs are different species.\n3: No, toads and frogs are not related.\n4: No, toads and frogs are not the same.\n5: No, toads aren't frogs.\n\n\nThere is only one correct option. Therefore, you must choose the answer that is most likely to be correct from all candidate answers.\nYour response should only contain the number of the chosen answer. Your response cannot contain any textual content.\n", "soft_refusal": false, "hard_refusal": false}