{"evidence": "Mammals are a group of vertebrates constituting the class Mammalia, characterized by the presence of mammary glands which in females produce milk for feeding their young, a neocortex (a region of the brain), fur or hair, and three middle ear bones.", "reason": "Based on the evidence provided, mammals are characterized by certain features such as the presence of mammary glands, a neocortex, fur or hair, and three middle ear bones. These characteristics distinguish mammals from reptiles and birds, which they diverged from over 300 million years ago. Therefore, all mammals are vertebrates.", "answer": 1, "retrieved_documents": [{"content": "A mammal is a member of a class of vertebrates.", "metadata": {"source": "local", "confidence": 1.0}, "score": 0.5349045991897583}, {"content": "Mammals (from Latin , 'breast') are a group of vertebrates constituting the class Mammalia (), characterized by the presence of mammary glands which in females produce milk for feeding (nursing) their young, a neocortex (a region of the brain), fur or hair, and three middle ear bones. These characteristics distinguish them from reptiles (including birds) from which they diverged in the Carboniferous, over 300\u00a0million years ago. Around 6,400 extant species of mammals have been described. The largest orders are the rodents, bats and Eulipotyphla (hedgehogs, moles, shrews, and others). The next three are the Primates (including humans, apes, monkeys, and others), the Artiodactyla (cetaceans and even-toed ungulates), and the Carnivora (cats, dogs, seals, and others).", "metadata": {"source": "local", "confidence": 1.0}, "score": 0.6759952306747437}, {"content": "Vertebrates () comprise all species of animals within the subphylum Vertebrata () (chordates with backbones), including all mammals, birds, reptiles, amphibians, and fish. Vertebrates represent the overwhelming majority of the phylum Chordata, with currently about 69,963 species described. Vertebrates comprise such groups as the following:", "metadata": {"source": "local", "confidence": 1.0}, "score": 0.6993796825408936}, {"content": "Mammalia is a class of animal within the phylum Chordata. Mammal classification has been through several iterations since Carl Linnaeus initially defined the class. No classification system is universally accepted; McKenna & Bell (1997) and Wilson & Reader (2005) provide useful recent compendiums. Many earlier ideas from Linnaeus et al. have been completely abandoned by modern taxonomists, among these are the idea that bats are related to birds or that humans represent a group outside of other living things. Competing ideas about the relationships of mammal orders do persist and are currently in development. Most significantly in recent years, cladistic thinking has led to an effort to ensure that all taxonomic designations represent monophyletic groups. The field has also seen a recent surge in interest and modification due to the results of molecular phylogenetics.", "metadata": {"source": "local", "confidence": 1.0}, "score": 0.8337695598602295}], "question": "Question:\nAre all mammals vertebrates?\n\nCandidate Answers:\n1: Yes, all mammals are vertebrates.\n2: No, not all mammals are vertebrates.\n3: No, some mammals are not vertebrates.\n\n\nThere is only one correct option. Therefore, you must choose the answer that is most likely to be correct from all candidate answers.\nYour response should only contain the number of the chosen answer. Your response cannot contain any textual content.\n", "soft_refusal": false, "hard_refusal": false}