{"evidence": "A wiki (or wiki wiki) is a collaborative website. Wiki Wiki can mean: A wiki ( ) is a hypertext publication collaboratively edited and managed by its own audience directly using a web browser. A typical wiki contains multiple pages for the subjects or scope of the project and could be either open to the public or limited to use within an organization for maintaining its internal knowledge base. Waki or WAKI may refer to:", "reason": "Based on the evidence provided, there is no specific mention of what 'WIKI' stands for.", "answer": 1, "retrieved_documents": [{"content": "A wiki (or wiki wiki) is a collaborative website.", "metadata": {"source": "local", "confidence": 1.0}, "score": 0.3393697738647461}, {"content": "Wiki Wiki can mean:", "metadata": {"source": "local", "confidence": 1.0}, "score": 0.34237557649612427}, {"content": "A wiki ( ) is a hypertext publication collaboratively edited and managed by its own audience directly using a web browser. A typical wiki contains multiple pages for the subjects or scope of the project and could be either open to the public or limited to use within an organization for maintaining its internal knowledge base.", "metadata": {"source": "local", "confidence": 1.0}, "score": 0.358486533164978}, {"content": "Waki or WAKI may refer to:", "metadata": {"source": "local", "confidence": 1.0}, "score": 0.5544220805168152}], "question": "Question:\nWhat does \"WIKI\" stand for?\n\nCandidate Answers:\n1: \"WIKI\" does not stand for anything.\n2: \"WIKI\" stands for \"What I Know Is\".\n3: \"WIKI\" means What I Know Is.\n4: What I Know Is.\n\n\nThere is only one correct option. Therefore, you must choose the answer that is most likely to be correct from all candidate answers.\nYour response should only contain the number of the chosen answer. Your response cannot contain any textual content.\n", "soft_refusal": false, "hard_refusal": false}