{"evidence": "The knowledge base provides information about several women who refused to give up their seats on buses before Rosa Parks. These women include Sarah Mae Flemming Brown, Claudette Colvin, Viola White, and Mary Louise Smith.", "reason": "Based on the knowledge base, Claudette Colvin was the first person to refuse to give up her seat on the bus to a white passenger.", "answer": 1, "retrieved_documents": [{"content": "Sarah Mae Flemming Brown (June 28, 1933 \u2013 June 16, 1993) was an African-American woman who was expelled from a bus in Columbia, South Carolina, seventeen months before Rosa Parks refused to surrender her seat on an Alabama bus in 1955. Flemming's lawsuit against the bus company played an important role later in the Parks case.", "metadata": {"source": "local", "confidence": 1.0}, "score": 0.6071889400482178}, {"content": "Claudette Colvin (born Claudette Austin, September 5, 1939) is an American pioneer of the 1950s civil rights movement and retired nurse aide. On March 2, 1955, she was arrested at the age of 15 in Montgomery, Alabama, for refusing to give up her seat to a white woman on a crowded, segregated bus. This occurred nine months before the more widely known incident in which Rosa Parks, secretary of the local chapter of the National Association for the Advancement of Colored People (NAACP), helped spark the 1955 Montgomery bus boycott.", "metadata": {"source": "local", "confidence": 1.0}, "score": 0.6608628034591675}, {"content": "Viola White (1911\u20131954) was an African-American woman who lived in Montgomery, Alabama and is best known for her resistance to segregated bus laws. At 35 years old, in 1944, White was arrested for refusing to give up her seat. White's arrest occurred a decade before Rosa Parks' similar act of resistance, which is credited for starting the Montgomery Bus Boycott. White worked at Maxwell Air Force Base.", "metadata": {"source": "local", "confidence": 1.0}, "score": 0.7226678729057312}, {"content": "Mary Louise Smith (later Mary Louise Smith Ware) (born 1937) is an African-American civil rights activist. She was arrested in October 1955 at the age of 18 in Montgomery, Alabama for refusing to give up her seat on the segregated bus system. She is one of several women who were arrested for this offense prior to Rosa Parks that year. Parks was the figure around whom the Montgomery bus boycott was organized, starting December 5, 1955.", "metadata": {"source": "local", "confidence": 1.0}, "score": 0.7298005223274231}], "question": "Question:\nDuring the U.S. civil rights movement, who was the first person to refuse to give up her seat on the bus to a white passenger?\n\nCandidate Answers:\n1: Claudette Colvin was the first person to refuse to give up her seat on the bus to a white passenger.\n2: Rosa Parks was the first person to refuse to give up her seat on the bus to a white passenger.\n\n\nThere is only one correct option. Therefore, you must choose the answer that is most likely to be correct from all candidate answers.\nYour response should only contain the number of the chosen answer. Your response cannot contain any textual content.\n", "soft_refusal": false, "hard_refusal": false}