{"evidence": "A nosebleed, also known as epistaxis, is bleeding from the nose. Nosebleed also known as an epistaxis, is the common occurrence of bleeding from the nose.", "reason": "The knowledge base states that a nosebleed is bleeding from the nose.", "answer": 1, "retrieved_documents": [{"content": "A nosebleed, also known as epistaxis, is bleeding from the nose.", "metadata": {"source": "local", "confidence": 1.0}, "score": 0.7631107568740845}, {"content": "Nosebleed also known as an epistaxis, is the common occurrence of bleeding from the nose.", "metadata": {"source": "local", "confidence": 1.0}, "score": 0.8040156364440918}, {"content": "A sneeze (also known as sternutation) is a semi-autonomous, convulsive expulsion of air from the lungs through the nose and mouth, usually caused by foreign particles irritating the nasal mucosa. A sneeze expels air forcibly from the mouth and nose in an explosive, spasmodic involuntary action. This action allows for mucus to escape through the nasal cavity. Sneezing is possibly linked to sudden exposure to bright light, sudden change (fall) in temperature, breeze of cold air, a particularly full stomach, exposure to allergens, or viral infection. Because sneezes can spread disease through infectious aerosol droplets, it is recommended to cover one's mouth and nose with the forearm, the inside of the elbow, a tissue or a handkerchief while sneezing. In addition to covering the mouth, looking down is also recommended in order to change the direction of the droplets spread and avoid high concentration in the human breathing heights.", "metadata": {"source": "local", "confidence": 1.0}, "score": 1.0013329982757568}, {"content": "Rhinorrhea or rhinorrhoea is the free discharge of a thin nasal mucus fluid. The condition, commonly known as a runny nose, occurs relatively frequently. Rhinorrhea is a common symptom of allergies (hay fever) or certain viral infections, such as the common cold. It can be a side effect of crying, exposure to cold temperatures, cocaine abuse, or withdrawal, such as from opioids like methadone. Treatment for rhinorrhea is not usually necessary, but there are a number of medical treatments and preventive techniques available.", "metadata": {"source": "local", "confidence": 1.0}, "score": 1.0211607217788696}], "question": "Question:\nWhat should you do if you have a nosebleed?\n\nCandidate Answers:\n1: You should lean forward and breathe through your mouth.\n2: You should tilt your head back.\n3: You should lie down.\n\n\nThere is only one correct option. Therefore, you must choose the answer that is most likely to be correct from all candidate answers.\nYour response should only contain the number of the chosen answer. Your response cannot contain any textual content.\n", "soft_refusal": false, "hard_refusal": false}