{"evidence": "Joseph M. Ungaro asked President Richard Nixon a question which elicited the reply \"I am not a crook.\" Jack White won the Pulitzer Prize for his coverage of Nixon's underpayment of income taxes and his investigative article prompted Nixon to utter the famous line.", "reason": "Based on the evidence, Nixon's statement \"I am not a crook\" was in response to a question asked by Joseph M. Ungaro and was related to Nixon's underpayment of income taxes.", "answer": 1, "retrieved_documents": [{"content": "Joseph M. Ungaro (November 4, 1930 \u2013 November 12, 2006) was a journalist most famous for his question to President Richard Nixon which elicited the reply \"I am not a crook.\"", "metadata": {"source": "local", "confidence": 1.0}, "score": 0.6526519060134888}, {"content": "Jack White (1942 \u2013 October 12, 2005) was an American journalist. He won the 1974 Pulitzer Prize in National Reporting for his coverage of President Richard Nixon's underpayment of income taxes. White's investigative article prompted Nixon to utter his famous line, \"I am not a crook\" to White's colleague Joseph Ungaro at a newspaper editors' conference in Florida. White also won Emmy Awards for his reporting on fugitive banker Joe Mollicone and Providence tax officials who violated the city's residency requirement. On his death, the Cape Cod Times called him \"the dean of Rhode Island journalism.\"", "metadata": {"source": "local", "confidence": 1.0}, "score": 0.7899786233901978}, {"content": "James Nixon may refer to:", "metadata": {"source": "local", "confidence": 1.0}, "score": 0.8654415011405945}, {"content": "Senator Nixon may refer to:", "metadata": {"source": "local", "confidence": 1.0}, "score": 0.8682628870010376}], "question": "Question:\nWhat was Nixon referring to when he said, \"I am not a crook\"?\n\nCandidate Answers:\n1: Nixon was responding to a question about his personal finances.\n2: Nixon was referring to the Watergate scandal.\n3: Nixon was referring to the break-in of the DNC headquarters.\n4: Nixon was referring to his administration's cover-up.\n\n\nThere is only one correct option. Therefore, you must choose the answer that is most likely to be correct from all candidate answers.\nYour response should only contain the number of the chosen answer. Your response cannot contain any textual content.\n", "soft_refusal": false, "hard_refusal": false}