{"evidence": "The Nigeria Prize for Science is a Nigerian science award given annually since 2004 for excellence in science breakthroughs. It is the country's highest scientific award. The award is sponsored by Nigeria Liquefied Natural Gas company. The prize describes itself as \"bringing Nigerian scientists to public attention and celebrating excellence in scientific breakthroughs\". The Nobel Prize is an annual, international prize first awarded in 1901 for achievements in Physics, Chemistry, Physiology or Medicine, Literature, and Peace. An associated prize in Economics has been awarded since 1969. As of November 2021, Nobel Prizes had been awarded to 943 individuals, of whom 17 were Black recipients (1.8% of the 943 individual recipients).", "reason": "Based on the knowledge base, there is no direct mention of Nigeria winning a Nobel Prize. The knowledge base only provides information about the Nigeria Prize for Science and the Nobel Prize, but there is no specific mention of Nigeria winning a Nobel Prize.", "answer": 2, "retrieved_documents": [{"content": "The Nigeria Prize for Science  is a Nigerian science award given annually since 2004 for excellence in science breakthroughs. It is the country's highest scientific award. The award is sponsored by Nigeria Liquefied Natural Gas company. The prize describes itself as \"bringing Nigerian scientists to public attention and celebrating excellence in scientific breakthroughs\".", "metadata": {"source": "local", "confidence": 1.0}, "score": 0.6493566632270813}, {"content": "Nobelity is a feature documentary which looks at the world's most pressing problems through the eyes of Nobel laureates, including Desmond Tutu, Sir Joseph Rotblat, Ahmed Zewail and Wangari Maathai. ", "metadata": {"source": "local", "confidence": 1.0}, "score": 0.7524598240852356}, {"content": "The Nobel Prize is an annual, international prize first awarded in 1901 for achievements in Physics, Chemistry, Physiology or Medicine, Literature, and Peace. An associated prize in Economics has been awarded since 1969. As of November 2021, Nobel Prizes had been awarded to 943 individuals, of whom 17 were Black recipients (1.8% of the 943 individual recipients).", "metadata": {"source": "local", "confidence": 1.0}, "score": 0.7528501749038696}, {"content": "The Global Undergraduate Awards (often referred to as the Junior Nobel Prize) is an academic awards program recognising undergraduate work. Prizes are awarded to 25 disciplines by a non-profit organisation under the patronage of the President of Ireland, Michael D. Higgins.", "metadata": {"source": "local", "confidence": 1.0}, "score": 0.7717694640159607}], "question": "Question:\nHas Nigeria won a Nobel Prize?\n\nCandidate Answers:\n1: Yes, Nigeria has won a Nobel Prize.\n2: No, Nigeria has not won a Nobel Prize.\n3: No.\n\n\nThere is only one correct option. Therefore, you must choose the answer that is most likely to be correct from all candidate answers.\nYour response should only contain the number of the chosen answer. Your response cannot contain any textual content.\n", "soft_refusal": false, "hard_refusal": false}