{"evidence": "Muscle atrophy is the loss of skeletal muscle mass. It can be caused by immobility, aging, malnutrition, medications, or a wide range of injuries or diseases that impact the musculoskeletal or nervous system. Muscle atrophy leads to muscle weakness and causes disability. Sarcopenia is a type of muscle loss (muscle atrophy) that occurs with aging and/or immobility. It is characterized by the degenerative loss of skeletal muscle mass, quality, and strength. The rate of muscle loss is dependent on exercise level, co-morbidities, nutrition and other factors. The muscle loss is related to changes in muscle synthesis signalling pathways. It is distinct from cachexia, in which muscle is degraded through cytokine-mediated degradation, although both conditions may co-exist. Sarcopenia is considered a component of frailty syndrome. Sarcopenia can lead to reduced quality of life, falls, fracture, and disability. Weight loss, in the context of medicine, health, or physical fitness, refers to a reduction of the total body mass, by a mean loss of fluid, body fat (adipose tissue), or lean mass (namely bone mineral deposits, muscle, tendon, and other connective tissue). Weight loss can either occur unintentionally because of malnourishment or an underlying disease, or from a conscious effort to improve an actual or perceived overweight or obese state. \"Unexplained\" weight loss that is not caused by reduction in calorific intake or exercise is called cachexia and may be a symptom of a serious medical condition. Intentional weight loss is commonly referred to as slimming. Myostatin-related muscle hypertrophy is a rare genetic condition characterized by reduced body fat and increased skeletal muscle size. Affected individuals have up to twice the usual amount of muscle mass in their bodies, but increases in muscle strength are not usually congruent. Myostatin-related muscle hypertrophy is not known to cause medical problems, and affected individuals are intellectually normal. The prevalence of this condition is unknown.", "reason": "Based on the knowledge base, there is no information suggesting that muscle can turn into fat if you don't exercise. Muscle atrophy and muscle loss can occur due to various factors such as immobility, aging, malnutrition, medications, injuries, or diseases. However, there is no mention of muscle turning into fat.", "answer": 1, "retrieved_documents": [{"content": "Muscle atrophy is the loss of skeletal muscle mass. It can be caused by immobility, aging, malnutrition, medications, or a wide range of injuries or diseases that impact the musculoskeletal or nervous system. Muscle atrophy leads to muscle weakness and causes disability.", "metadata": {"source": "local", "confidence": 1.0}, "score": 0.8251107931137085}, {"content": "Sarcopenia is a type of muscle loss (muscle atrophy) that occurs with aging and/or immobility.  It is characterized by the degenerative loss of skeletal muscle mass, quality, and strength. The rate of muscle loss is dependent on exercise level, co-morbidities, nutrition and other factors. The muscle loss is related to changes in muscle synthesis signalling pathways. It is distinct from cachexia, in which muscle is degraded through cytokine-mediated degradation, although both conditions may co-exist. Sarcopenia is considered a component of frailty syndrome. Sarcopenia can lead to reduced quality of life, falls, fracture, and disability.", "metadata": {"source": "local", "confidence": 1.0}, "score": 1.0174306631088257}, {"content": "Weight loss, in the context of medicine, health, or physical fitness, refers to a reduction of the total body mass, by a mean loss of fluid, body fat (adipose tissue), or lean mass (namely bone mineral deposits, muscle, tendon, and other connective tissue). Weight loss can either occur unintentionally because of malnourishment or an underlying disease, or from a conscious effort to improve an actual or perceived overweight or obese state.  \"Unexplained\" weight loss that is not caused by reduction in calorific intake or exercise is called cachexia and may be a symptom of a serious medical condition. Intentional weight loss is commonly referred to as slimming.", "metadata": {"source": "local", "confidence": 1.0}, "score": 1.0299972295761108}, {"content": "Myostatin-related muscle hypertrophy is a rare genetic condition characterized by reduced body fat and increased skeletal muscle size. Affected individuals have up to twice the usual amount of muscle mass in their bodies, but increases in muscle strength are not usually congruent. Myostatin-related muscle hypertrophy is not known to cause medical problems, and affected individuals are intellectually normal. The prevalence of this condition is unknown.", "metadata": {"source": "local", "confidence": 1.0}, "score": 1.0331716537475586}], "question": "Question:\nCan muscle turn into fat if you don't exercise?\n\nCandidate Answers:\n1: No, muscle and fat are entirely different tissues.\n2: Yes, muscle turns into fat if you don't exercise.\n3: It is a common misconception that muscles will atrophy if you don't exercise. Instead, they will turn into fat.\n\n\nThere is only one correct option. Therefore, you must choose the answer that is most likely to be correct from all candidate answers.\nYour response should only contain the number of the chosen answer. Your response cannot contain any textual content.\n", "soft_refusal": false, "hard_refusal": false}