{"evidence": "The fundamental theorem of algebra states that every non-constant single-variable polynomial with complex coefficients has at least one complex root.", "reason": "The evidence states that the important result about polynomials is the fundamental theorem of algebra.", "answer": 8, "retrieved_documents": [{"content": "In mathematics, the Casas-Alvero conjecture is an open problem about polynomials which have factors in common with their derivatives, proposed by Eduardo Casas-Alvero in 2001.", "metadata": {"source": "local", "confidence": 1.0}, "score": 0.7160066366195679}, {"content": "In mathematics, and particularly in the field of complex analysis, the Weierstrass factorization theorem asserts that every entire function can be represented as a (possibly infinite) product involving its zeroes.  The theorem may be viewed as an extension of the fundamental theorem of algebra, which asserts that every polynomial may be factored into linear factors, one for each root.", "metadata": {"source": "local", "confidence": 1.0}, "score": 0.7179785966873169}, {"content": "In mathematics, Eisenstein's theorem, named after the German mathematician Gotthold Eisenstein, applies to the coefficients of any power series which is an algebraic function with rational number coefficients. Through the theorem, it is readily demonstrable, for example, that the exponential function must be a transcendental function.", "metadata": {"source": "local", "confidence": 1.0}, "score": 0.7204095125198364}, {"content": "The fundamental theorem of algebra also known as d'Alembert's theorem or the d'Alembert-Gauss theorem states that every non-constant single-variable polynomial with complex coefficients has at least one complex root. This includes polynomials with real coefficients, since every real number is a complex number with its imaginary part equal to zero.", "metadata": {"source": "local", "confidence": 1.0}, "score": 0.757744312286377}], "question": "Question:\nImportant result about polynomials, with multiple well-known proofs (including by induction) and associated with a towering German genius. It's the Fundamental Theorem of what?\n\nCandidate Answers:\n1: Symmetric polynomials.\n2: Calculus.\n3: the Fundamental Theorem of Calculus.\n4: It's called the Fundamental Theorem of Calculus.\n5: Arithmetic.\n6: the Fundamental Theorem of Arithmetic.\n7: It's called the Fundamental Theorem of Arithmetic.\n8: The Fundamental Theorem of Algebra.\n9: Algebra.\n\n\nThere is only one correct option. Therefore, you must choose the answer that is most likely to be correct from all candidate answers.\nYour response should only contain the number of the chosen answer. Your response cannot contain any textual content.\n", "soft_refusal": false, "hard_refusal": false}