{"evidence": "Karma is the concept of \"action\" or \"deed\" that causes the entire cycle of cause and effect. It is a spiritual principle of cause and effect, where good intent and good deeds contribute to good karma and bad intent and bad deeds contribute to bad karma. Karma is also a concept in Hinduism that explains the effects of past actions and the cycle of rebirth.", "reason": "The effects of karma are described in the knowledge base as the cycle of cause and effect, where good actions lead to good karma and bad actions lead to bad karma. It is also mentioned that karma affects the cycle of rebirth.", "answer": 3, "retrieved_documents": [{"content": "Karma, in several Eastern religions, is the concept of \"action\" or \"deed\", understood as that which causes the entire cycle of cause and effect.", "metadata": {"source": "local", "confidence": 1.0}, "score": 0.5469682216644287}, {"content": "Karma (; , ; ) means action, work, or deed. For the believers in spirituality the term also refers to the spiritual principle of cause and effect, often descriptively called the principle of karma, wherein intent and actions of an individual (cause) influence the future of that individual (effect): Good intent and good deeds contribute to good karma and happier rebirths, while bad intent and bad deeds contribute to bad karma and bad rebirths.", "metadata": {"source": "local", "confidence": 1.0}, "score": 0.5768986940383911}, {"content": "Karma is a concept of Hinduism which explains through a system where beneficial effects are derived from past beneficial actions and harmful effects from past harmful actions, creating a system of actions and reactions throughout a soul's (Jivatman's) reincarnated lives forming a cycle of rebirth. The causality is said to be applicable not only to the material world but also to our thoughts, words, actions and actions that others do under our instructions. For example, if you do a good thing, something good happens to you, and the same applies if you do a bad thing. It is said in the Puranas that the lord of karma is the planet Saturn, Shani.", "metadata": {"source": "local", "confidence": 1.0}, "score": 0.6024467945098877}, {"content": "Bad Karma may refer to:", "metadata": {"source": "local", "confidence": 1.0}, "score": 0.6677711009979248}], "question": "Question:\nWhat are the effects of karma?\n\nCandidate Answers:\n1: Karma does not have an impact on a person's life.\n2: Karma determines a person's circumstances and status in their next life.\n3: Karma allocates good and bad luck based on a person's actions.\n4: Karma affects the cycle of rebirth.\n5: Karma allows a person's actions in their previous life to impact their current life.\n\n\nThere is only one correct option. Therefore, you must choose the answer that is most likely to be correct from all candidate answers.\nYour response should only contain the number of the chosen answer. Your response cannot contain any textual content.\n", "soft_refusal": false, "hard_refusal": false}