{"evidence": "Mother Mary Teresa Bojaxhiu, honoured in the Catholic Church as Saint Teresa of Calcutta, was an Albanian-Indian Roman Catholic nun and missionary. She was born in Skopje (now the capital of North Macedonia), then part of the Kosovo Vilayet of the Ottoman Empire. After living in Skopje for eighteen years, she moved to Ireland and then to India, where she lived for most of her life.", "reason": "Based on the evidence provided, Mother Teresa was alive during her lifetime and she was later honored as a saint by the Catholic Church.", "answer": 1, "retrieved_documents": [{"content": "Teresa Margaret of the Sacred Heart, O.C.D. (15 July 1747 \u2013 7 March 1770) was an Italian Discalced Carmelite nun. During her brief life of quiet service in the monastery, she came to be revered for her mystical gifts. She has been declared a saint by the Catholic Church.", "metadata": {"source": "local", "confidence": 1.0}, "score": 0.5397615432739258}, {"content": "Saint Teresa may refer to:", "metadata": {"source": "local", "confidence": 1.0}, "score": 0.6069093942642212}, {"content": "Mother Mary Teresa or Jane Cowley RRC (1852 or 1857 \u2013 28 November 1914) was an Irish Sisters of Mercy nun, Boer war nurse, and educator.", "metadata": {"source": "local", "confidence": 1.0}, "score": 0.6353986263275146}, {"content": "Mother Mary Teresa Bojaxhiu (born Anjez\u00eb Gonxhe Bojaxhiu, ; 26 August 1910\u00a0\u2013 5 September 1997), honoured in the Catholic Church as Saint Teresa of Calcutta, was an Albanian-Indian Roman Catholic nun and missionary. She was born in Skopje (now the capital of North Macedonia), then part of the Kosovo Vilayet of the Ottoman Empire. After living in Skopje for eighteen years, she moved to Ireland and then to India, where she lived for most of her life.", "metadata": {"source": "local", "confidence": 1.0}, "score": 0.649868369102478}], "question": "Question:\nWas Mother Teresa alive when she became a saint?\n\nCandidate Answers:\n1: No, Mother Teresa's canonisation happened after her death.\n2: Yes, Mother Teresa was alive when she became a saint.\n3: Yes, Mother Teresa became a saint before her death.\n\n\nThere is only one correct option. Therefore, you must choose the answer that is most likely to be correct from all candidate answers.\nYour response should only contain the number of the chosen answer. Your response cannot contain any textual content.\n", "soft_refusal": false, "hard_refusal": false}