{"evidence": "Barack Obama was born in 1961. Barack Obama served as the 44th President of the United States from 2009 to 2017. Before his presidency, he served in the Illinois Senate (1997\u20132004) and the United States Senate (2005\u20132008).", "reason": "Based on the evidence provided, we know that Barack Obama was born in 1961 and served as the 44th President of the United States from 2009 to 2017. By subtracting his birth year from the current year, we can determine his age.", "answer": 4, "retrieved_documents": [{"content": "Barack Hussein Obama II (   ; born August 4, 1961) is an American politician who served as the 44th president of the United States from 2009 to 2017. A member of the Democratic Party, Obama was the first African-American  president of the United States. He previously served as a U.S. senator from Illinois from 2005 to 2008 and as an Illinois state senator from 1997 to 2004. ", "metadata": {"source": "local", "confidence": 1.0}, "score": 0.6659339666366577}, {"content": "Barack Obama (born 1961) is an American attorney and politician who served as the 44th president of the United States from 2009 to 2017. ", "metadata": {"source": "local", "confidence": 1.0}, "score": 0.6734744906425476}, {"content": "Barack Obama (born 1961) is a politician who served as the 44th president of the United States.", "metadata": {"source": "local", "confidence": 1.0}, "score": 0.7006345987319946}, {"content": "Barack Obama served as the 44th President of the United States from 2009 to 2017. Before his presidency, he served in the Illinois Senate (1997\u20132004) and the United States Senate (2005\u20132008).", "metadata": {"source": "local", "confidence": 1.0}, "score": 0.7134982347488403}], "question": "Question:\nHow old is Barack Obama?\n\nCandidate Answers:\n1: Barack Obama was born in 1961.\n2: Barack Obama is 47 years old.\n3: Barack Obama is is 44 years old.\n4: Barack Obama is 58 years old.\n5: Barack Obama is 48 years old.\n\n\nThere is only one correct option. Therefore, you must choose the answer that is most likely to be correct from all candidate answers.\nYour response should only contain the number of the chosen answer. Your response cannot contain any textual content.\n", "soft_refusal": false, "hard_refusal": false}