{"evidence": "The knowledge base provides information about a black box theater, the color black corresponding to the absence of light, and the Air Force checkerboard markings for the Polish Air Force.", "reason": "Based on the knowledge base, there is no specific information about the color of the black box on an airplane. The knowledge base only mentions a black box theater and the color black. Therefore, we cannot determine the color of the black box on an airplane.", "answer": null, "retrieved_documents": [{"content": "Black One may refer to:", "metadata": {"source": "local", "confidence": 1.0}, "score": 0.9899181127548218}, {"content": "A black box theater  is a simple performance space, typically a square room with black walls and a flat floor. The simplicity of the space allows it to be used to create a variety of configurations of stage and audience interaction. The black box is a relatively recent innovation in theatre.", "metadata": {"source": "local", "confidence": 1.0}, "score": 1.005544900894165}, {"content": "Black is a color corresponding to the absence of light.", "metadata": {"source": "local", "confidence": 1.0}, "score": 1.0073468685150146}, {"content": "The Air Force checkerboard () is a national marking for the aircraft of the Polish Air Force, equivalent to roundels used in other nations' air forces. It consists of four equal squares, of which the upper left and lower right are white, and the other two \u2013 red. These are surrounded by a border of inverted (counterchanged) colors 1/5 the thickness of a single square. In 1993 the colors were reversed (i.e. white in the upper left).", "metadata": {"source": "local", "confidence": 1.0}, "score": 1.0148190259933472}], "question": "Question:\nWhat color is the black box on an airplane?\n\nCandidate Answers:\n1: The black box on an airplane is orange.\n2: The black box on an airplane is black.\n3: It is black.\n\n\nThere is only one correct option. Therefore, you must choose the answer that is most likely to be correct from all candidate answers.\nYour response should only contain the number of the chosen answer. Your response cannot contain any textual content.\n", "soft_refusal": true, "hard_refusal": false}