{"evidence": "The Louisiana Purchase was the acquisition of the Louisiana territory by the United States from France. The Louisiana Purchase () was the acquisition of the territory of Louisiana by the United States from Napoleonic France in 1803. In return for fifteen million dollars, or approximately eighteen dollars per square mile, the United States nominally acquired a total of . However, France only controlled a small fraction of this area, most of it inhabited by Native Americans; for the majority of the area, what the United States bought was the \"preemptive\" right to obtain \"Indian\" lands by treaty or by conquest, to the exclusion of other colonial powers. The total cost of all subsequent treaties and financial settlements over the land has been estimated to be around 2.6 billion dollars.", "reason": "The evidence states that the Louisiana Purchase was the acquisition of the Louisiana territory by the United States from France. It does not mention who specifically signed the Louisiana Purchase.", "answer": null, "retrieved_documents": [{"content": "The Louisiana Purchase was the acquisition of the Louisiana territory by the United States from France. ", "metadata": {"source": "local", "confidence": 1.0}, "score": 0.5849589705467224}, {"content": "The Louisiana Purchase () was the acquisition of the territory of Louisiana by the United States from Napoleonic France in 1803. In return for fifteen million dollars, or approximately eighteen dollars per square mile, the United States nominally acquired a total of . However, France only controlled a small fraction of this area, most of it inhabited by Native Americans; for the majority of the area, what the United States bought was the \"preemptive\" right to obtain \"Indian\" lands by treaty or by conquest, to the exclusion of other colonial powers. The total cost of all subsequent treaties and financial settlements over the land has been estimated to be around 2.6\u00a0billion dollars.", "metadata": {"source": "local", "confidence": 1.0}, "score": 0.6681550741195679}, {"content": "Following Robert Cavelier de La Salle establishing the French claim to the territory and the introduction of the name Louisiana, the first settlements in the southernmost portion of Louisiana (New France) were developed at present-day Biloxi (1699), Mobile (1702), Natchitoches (1714), and New Orleans (1718). Slavery was then established by European colonists.", "metadata": {"source": "local", "confidence": 1.0}, "score": 0.73283851146698}, {"content": "The New Purchase of 1842 is a treaty between the United States and the Sauk and Meskwaki tribes, referred to as the Sac and Fox in the treaty. The Native American tribes ceded land in Iowa west of the Mississippi River and north of the Missouri border.", "metadata": {"source": "local", "confidence": 1.0}, "score": 0.799089789390564}], "question": "Question:\nWho signed the Louisiana Purchase?\n\nCandidate Answers:\n1: Robert Livingston, James Monroe, and Francois Barbe-Marbois signed the Louisiana Purchase.\n2: Thomas Jefferson signed the Louisiana Purchase.\n\n\nThere is only one correct option. Therefore, you must choose the answer that is most likely to be correct from all candidate answers.\nYour response should only contain the number of the chosen answer. Your response cannot contain any textual content.\n", "soft_refusal": true, "hard_refusal": false}