{"evidence": "Color vision is an ability to perceive differences between light composed of different wavelengths. Dogs are animals and animal coloration is the general appearance of an animal resulting from the reflection or emission of light from its surfaces.", "reason": "Based on the knowledge provided, it is mentioned that color vision is an ability to perceive differences between light composed of different wavelengths. Dogs are animals and animal coloration is the general appearance of an animal resulting from the reflection or emission of light from its surfaces. However, there is no specific information about the colors that dogs can see.", "answer": null, "retrieved_documents": [{"content": "Color vision, a feature of visual perception, is an ability to perceive differences between light composed of different wavelengths (i.e., different spectral power distributions) independently of light intensity.  Color perception is a part of the larger visual system and is mediated by a complex process between neurons that begins with differential stimulation of different types of photoreceptors by light entering the eye. Those photoreceptors then emit outputs that are propagated through many layers of neurons and then ultimately to the brain.  Color vision is found in many animals and is mediated by similar underlying mechanisms with common types of biological molecules and a complex history of evolution in different animal taxa. In primates, color vision may have evolved under selective pressure for a variety of visual tasks including the foraging for nutritious young leaves, ripe fruit, and flowers, as well as detecting predator camouflage and emotional states in other primates.", "metadata": {"source": "local", "confidence": 1.0}, "score": 0.8577103018760681}, {"content": "Colors ", "metadata": {"source": "local", "confidence": 1.0}, "score": 0.877343475818634}, {"content": "Point coloration refers to animal coat coloration with a pale body and relatively darker extremities, i.e. the face, ears, feet, tail, and (in males) scrotum. It is most recognized as the coloration of Siamese and related breeds of cat, but can be found in dogs, rabbits, rats, sheep, guinea pigs and horses as well.", "metadata": {"source": "local", "confidence": 1.0}, "score": 0.9292037487030029}, {"content": "Animal coloration is the general appearance of an animal resulting from the reflection or emission of light from its surfaces. Some animals are brightly coloured, while others are hard to see. In some species, such as the peafowl, the male has strong patterns, conspicuous colours and is iridescent, while the female is far less visible.", "metadata": {"source": "local", "confidence": 1.0}, "score": 0.9471495151519775}], "question": "Question:\nWhat colors do dogs see?\n\nCandidate Answers:\n1: Dogs see yellow, blue, brown, and gray.\n2: Dogs see in black and white.\n3: Dogs cannot see color.\n\n\nThere is only one correct option. Therefore, you must choose the answer that is most likely to be correct from all candidate answers.\nYour response should only contain the number of the chosen answer. Your response cannot contain any textual content.\n", "soft_refusal": true, "hard_refusal": false}