{"evidence": "A dog breed is a particular strain of dog that was purposefully bred by humans to perform specific tasks, such as herding, hunting, and guarding. Dogs are the most variable mammal on earth, with artificial selection producing around 450 globally recognized breeds. These breeds possess distinct traits related to morphology, which include body size, skull shape, tail phenotype, fur type, body shape, and coat colour. Their behavioural traits include guarding, herding, and hunting, and personality traits such as hypersocial behavior, boldness, and aggression. Most breeds were derived from small numbers of founders within the last 200 years. As a result, today dogs are the most abundant carnivore species and are dispersed around the world.", "reason": "Based on the evidence provided, a dog breed is a particular strain of dog that was purposefully bred by humans. This implies that a dog is always a dog, as it is a specific breed of animal.", "answer": 1, "retrieved_documents": [{"content": "A dog breed is a particular strain of dog that was purposefully bred by humans to perform specific tasks, such as herding, hunting, and guarding. Dogs are the most variable mammal on earth, with artificial selection producing around 450 globally recognized breeds. These breeds possess distinct traits related to morphology, which include body size, skull shape, tail phenotype, fur type, body shape, and coat colour. Their behavioural traits include guarding, herding, and hunting, and personality traits such as hypersocial behavior, boldness, and aggression. Most breeds were derived from small numbers of founders within the last 200 years. As a result, today  dogs are the most abundant carnivore species and are dispersed around the world.", "metadata": {"source": "local", "confidence": 1.0}, "score": 1.058388352394104}, {"content": "Dog behavior is the internally coordinated responses of individuals or groups of domestic dogs to internal and external stimuli.  It has been shaped by millennia of contact with humans and their lifestyles. As a  result of this physical and social evolution, dogs, more than any other species, have acquired the ability to understand and communicate with humans, and they are uniquely attuned in these fellow mammals. Behavioral scientists have uncovered a wide range of social-cognitive abilities in the domestic dog.", "metadata": {"source": "local", "confidence": 1.0}, "score": 1.0981004238128662}, {"content": "The terms dog people and cat people refer to a person's domesticated pet animal preference. Through research completed at research institutions, it was found that there were differences in character and behaviour between dog and cat people. It was also found that some people base a significant portion of their identity around their affinity for either cats or dogs. This builds on the perceived dichotomy between cats and dogs as pets in society. In some cases, the two terms refer to people's self-identification, regardless of what pets they actually own, if any.", "metadata": {"source": "local", "confidence": 1.0}, "score": 1.1036187410354614}, {"content": "Human\u2013canine bonding is the relationship between dogs and humans. This bond can be traced back at least 15,000 years to the Bonn-Oberkassel dog that was found buried with two humans. For centuries, dogs have been labeled as \"man's best friend,\" offering companionship and loyalty to their human counterparts. This is evident in most homes where dogs are domesticated. Children and adults have cordial relationships with all types of dogs.", "metadata": {"source": "local", "confidence": 1.0}, "score": 1.1077179908752441}], "question": "Question:\nIs a dog always a dog?\n\nCandidate Answers:\n1: Yes, a dog is always a dog.\n2: No, a dog is not always a dog.\n\n\nThere is only one correct option. Therefore, you must choose the answer that is most likely to be correct from all candidate answers.\nYour response should only contain the number of the chosen answer. Your response cannot contain any textual content.\n", "soft_refusal": false, "hard_refusal": false}