{"evidence": "Earth orbits the Sun at an average distance of 149.60 million km (92.96 million mi) in a counterclockwise pattern viewed above the northern hemisphere. One complete orbit takes \u00a0days (1 sidereal year), during which time Earth has traveled 940\u00a0million km (584 million mi). Ignoring the influence of other Solar System bodies, Earth's orbit is an ellipse with the Earth-Sun barycenter as one focus and a current eccentricity of 0.0167. Since this value is close to zero, the center of the orbit is relatively close to the center of the Sun (relative to the size of the orbit).", "reason": "Based on the information provided, the Earth's orbit is an ellipse with the Earth-Sun barycenter as one focus. Since the eccentricity of the orbit is close to zero, the center of the orbit is relatively close to the center of the Sun. This suggests that the Earth is closest to the Sun at some point during its orbit.", "answer": 1, "retrieved_documents": [{"content": "The Aphelion, the point in the year when the Earth is farthest from the Sun, occurs around this date.", "metadata": {"source": "local", "confidence": 1.0}, "score": 0.7100937366485596}, {"content": "Close to the Sun may refer to:", "metadata": {"source": "local", "confidence": 1.0}, "score": 0.7602062225341797}, {"content": "Closer to the Sun may refer to:", "metadata": {"source": "local", "confidence": 1.0}, "score": 0.7758156061172485}, {"content": "Earth orbits the Sun at an average distance of 149.60 million km (92.96 million mi) in a counterclockwise pattern viewed above the northern hemisphere. One complete orbit takes \u00a0days (1 sidereal year), during which time Earth has traveled 940\u00a0million km (584 million mi). Ignoring the influence of other Solar System bodies, Earth's orbit is an ellipse with the Earth-Sun barycenter as one focus and a current eccentricity of 0.0167. Since this value is close to zero, the center of the orbit is relatively close to the center of the Sun (relative to the size of the orbit).", "metadata": {"source": "local", "confidence": 1.0}, "score": 0.802660346031189}], "question": "Question:\nWhen is the Earth closest to the Sun?\n\nCandidate Answers:\n1: The Earth is closest to the Sun in January.\n2: The Earth is closest to the Sun during the summer.\n3: The Earth is closest to the Sun in July.\n\n\nThere is only one correct option. Therefore, you must choose the answer that is most likely to be correct from all candidate answers.\nYour response should only contain the number of the chosen answer. Your response cannot contain any textual content.\n", "soft_refusal": false, "hard_refusal": false}