{"evidence": "The knowledge base does not contain any information about who famously said, \"I cannot tell a lie\".", "reason": "The knowledge base does not provide any information about who famously said, \"I cannot tell a lie\".", "answer": null, "retrieved_documents": [{"content": "\"The Lie\" is a political and social criticism poem probably written by Sir Walter Raleigh circa 1592.  Speaking in the imperative mood throughout, he commands his soul to go \"upon a thankless errand\" and tell various people and organizations of their misdeeds and wrongdoings.  And if they object, Raleigh commands, publicly accuse them to be lying, or \"give them the lie.\"  To \"give the lie\" was a common phrase in Raleigh's time of writing.", "metadata": {"source": "local", "confidence": 1.0}, "score": 0.8136907815933228}, {"content": "\"On the Decay of the Art of Lying\" is a short essay written by Mark Twain in 1880 for a meeting of the Historical and Antiquarian Club of Hartford, Connecticut. Twain published the text in The Stolen White Elephant Etc. (1882).", "metadata": {"source": "local", "confidence": 1.0}, "score": 0.8328918814659119}, {"content": "You Lie may refer to:", "metadata": {"source": "local", "confidence": 1.0}, "score": 0.8365436792373657}, {"content": "\"On a Supposed Right to Tell Lies from Benevolent Motives\" (sometimes translated On a Supposed Right to Lie because of Philanthropic Concerns) () is a 1797 essay by the philosopher Immanuel Kant in which the author discusses radical honesty.", "metadata": {"source": "local", "confidence": 1.0}, "score": 0.8441212773323059}], "question": "Question:\nWho famously said, \"I cannot tell a lie\"?\n\nCandidate Answers:\n1: Mason Locke Weems famously said, \"I cannot tell a lie\".\n2: George Washington famously said, \"I cannot tell a lie\".\n\n\nThere is only one correct option. Therefore, you must choose the answer that is most likely to be correct from all candidate answers.\nYour response should only contain the number of the chosen answer. Your response cannot contain any textual content.\n", "soft_refusal": true, "hard_refusal": false}