{"evidence": "This is the corporate history of Tesla, Inc., an electric vehicle manufacturer and clean energy company founded in San Carlos, California in 2003 by American entrepreneurs Martin Eberhard and Marc Tarpenning. The company is named after Serbian inventor Nikola Tesla. Tesla is the world's leading electric vehicle manufacturer, and, as of the end of 2021, Tesla's cumulative global vehicle sales totaled 2.3 million units. Marc Tarpenning (born June 1, 1964) is an American engineer and technology entrepreneur who is the co-founder of Tesla Inc. with Martin Eberhard in 2003. Tarpenning served as the Chief Financial Officer (CFO) and Vice President of Engineering of Tesla.", "reason": "The evidence states that Tesla, Inc. was founded in 2003 by Martin Eberhard and Marc Tarpenning. Marc Tarpenning is mentioned as the co-founder of Tesla Inc. with Martin Eberhard.", "answer": 1, "retrieved_documents": [{"content": "This is the corporate history of Tesla, Inc., an electric vehicle manufacturer and clean energy company founded in San Carlos, California in 2003 by American entrepreneurs Martin Eberhard and Marc Tarpenning. The company is named after Serbian inventor Nikola Tesla. Tesla is the world's leading electric vehicle manufacturer, and, as of the end of 2021, Tesla's cumulative global vehicle sales totaled 2.3\u00a0million units.", "metadata": {"source": "local", "confidence": 1.0}, "score": 0.42794013023376465}, {"content": "Marc Tarpenning (born June 1, 1964) is an American engineer and technology entrepreneur who is the co-founder of Tesla Inc. with Martin Eberhard in 2003. Tarpenning served as the Chief Financial Officer (CFO) and Vice President of Engineering of Tesla.", "metadata": {"source": "local", "confidence": 1.0}, "score": 0.6759364604949951}, {"content": "Tesla is an American rock band formed in Sacramento, California, in late 1981 by bassist Brian Wheat and guitarist Frank Hannon. The band is ranked at No. 22 on VH1's 100 Greatest Artists of Hair Metal, and have been described as a \"thinking man\u2019s hair metal band\u201d.", "metadata": {"source": "local", "confidence": 1.0}, "score": 0.6871657371520996}, {"content": "Tesla most commonly refers to:", "metadata": {"source": "local", "confidence": 1.0}, "score": 0.7055697441101074}], "question": "Question:\nWho first started Tesla Motors?\n\nCandidate Answers:\n1: Martin Eberhard and Marc Tarpenning first started Tesla Motors.\n2: Elon Musk, Martin Eberhard and Marc Tarpenning first started Tesla Motors.\n3: Elon Musk first started Tesla Motors.\n4: Elon Musk.\n5: Elon Musk founded Tesla.\n\n\nThere is only one correct option. Therefore, you must choose the answer that is most likely to be correct from all candidate answers.\nYour response should only contain the number of the chosen answer. Your response cannot contain any textual content.\n", "soft_refusal": false, "hard_refusal": false}