{"evidence": "An ambulance is a vehicle designated for the transport of sick or injured people. An ambulance is a medically equipped vehicle which transports patients to treatment facilities, such as hospitals. Emergency medical services (EMS), also known as ambulance services or paramedic services, are emergency services that provide urgent pre-hospital treatment and stabilisation for serious illness and injuries and transport to definitive care. Pre-hospital emergency medicine (abbreviated PHEM), also referred to as pre-hospital care, immediate care, or emergency medical services medicine (abbreviated EMS medicine), is a medical subspecialty which focuses on caring for seriously ill or injured patients before they reach hospital, and during emergency transfer to hospital or between hospitals.", "reason": "Based on the knowledge provided, it is mentioned that ambulance services provide urgent pre-hospital treatment and transport to definitive care. However, there is no specific information about the waiting time or priority of patients brought to the hospital by an ambulance.", "answer": null, "retrieved_documents": [{"content": "An ambulance is a vehicle designated for the transport of sick or injured people.", "metadata": {"source": "local", "confidence": 1.0}, "score": 0.9209293127059937}, {"content": "An ambulance is a medically equipped vehicle which transports patients to treatment facilities, such as hospitals. Typically, out-of-hospital medical care is provided to the patient.", "metadata": {"source": "local", "confidence": 1.0}, "score": 0.995137095451355}, {"content": "Emergency medical services (EMS), also known as ambulance services or paramedic services, are emergency services that provide urgent pre-hospital treatment and stabilisation for serious illness and injuries and transport to definitive care. They may also be known as a first aid squad, FAST squad, emergency squad, ambulance squad, ambulance corps, life squad or by other initialisms such as EMAS or EMARS.", "metadata": {"source": "local", "confidence": 1.0}, "score": 1.0002410411834717}, {"content": "Pre-hospital emergency medicine (abbreviated PHEM), also referred to as pre-hospital care, immediate care, or emergency medical services medicine (abbreviated EMS medicine), is a medical subspecialty which focuses on caring for seriously ill or injured patients before they reach hospital, and during emergency transfer to hospital or between hospitals. It may be practised by physicians from various backgrounds such as anaesthesiology, emergency medicine, intensive care medicine and acute medicine, after they have completed initial training in their base specialty.", "metadata": {"source": "local", "confidence": 1.0}, "score": 1.0048086643218994}], "question": "Question:\nHow quickly will you be seen if you are brought to the hospital by an ambulance?\n\nCandidate Answers:\n1: You will be assessed and seen in order of priority if you are brought to the hospital in an ambulance.\n2: You will be seen immediately if you are brought to the hospital in an ambulance.\n3: You will have the highest priority if you are brought to the hospital in an ambulance.\n\n\nThere is only one correct option. Therefore, you must choose the answer that is most likely to be correct from all candidate answers.\nYour response should only contain the number of the chosen answer. Your response cannot contain any textual content.\n", "soft_refusal": true, "hard_refusal": false}