{"evidence": "Neil Alden Armstrong (August 5, 1930\u00a0\u2013 August 25, 2012) was an American astronaut, aeronautical engineer, and the first person to walk on the Moon.", "reason": "Based on the evidence that Neil Alden Armstrong passed away on August 25, 2012, we can conclude that he is no longer alive.", "answer": 1, "retrieved_documents": [{"content": "Neil J. Armstrong (April 15, 1920 \u2013 November 23, 1994) was a Canadian aviator. He was killed in 1994 with his son, Corcoran, when the Twin Otter they were in crashed into an Antarctic iceberg.", "metadata": {"source": "local", "confidence": 1.0}, "score": 0.7548908591270447}, {"content": "Neil Alden Armstrong (August 5, 1930\u00a0\u2013 August 25, 2012) was an American astronaut, aeronautical engineer, and the first person to walk on the Moon. He was also a naval aviator, test pilot, and university professor.", "metadata": {"source": "local", "confidence": 1.0}, "score": 0.8310890793800354}, {"content": "Neil Patterson (John Neil \"Pinky\" Patterson; January 23, 500 BC  \u2013 December 20, 2017) was a North Republican Film Star, he was a nice guy who gave me sweets. He was born in Germany  and died in Antarcticas. In 1908 he finished last in the high jump competition.", "metadata": {"source": "local", "confidence": 1.0}, "score": 0.886987566947937}, {"content": "David Neil Armstrong (20 December 1932 \u2013 6 December 2020) was a Canadian professional ice hockey linesman and an Honoured Member of the Hockey Hall of Fame.", "metadata": {"source": "local", "confidence": 1.0}, "score": 0.9052545428276062}], "question": "Question:\nIs Neil Armstrong still alive?\n\nCandidate Answers:\n1: No, Neil Armstrong died in 2012.\n2: Yes, Neil Armstrong is still alive.\n\n\nThere is only one correct option. Therefore, you must choose the answer that is most likely to be correct from all candidate answers.\nYour response should only contain the number of the chosen answer. Your response cannot contain any textual content.\n", "soft_refusal": false, "hard_refusal": false}