{"evidence": "The history of smoking dates back to as early as 5000 BC in the Americas in shamanistic rituals. With the arrival of the Europeans in the 16th century, the consumption, cultivation, and trading of tobacco quickly spread. The modernization of farming equipment and manufacturing increased the availability of cigarettes following the reconstruction era in the United States. Mass production quickly expanded the scope of consumption, which grew until the scientific controversies of the 1960s, and condemnation in the 1980s. Smoking among youth and adolescents is an issue that affects countries worldwide. While the extent to which smoking is viewed as a negative health behavior may vary across different nations, it remains an issue regardless of how it is perceived by different societies. The United States has taken numerous measures, ranging from changes in national policy surrounding youth cigarette access to changes in media campaigns, in attempts to eliminate the use of tobacco products among teenagers. Approximately 90% of smokers begin smoking prior to the age of 18. Tobacco has a long history in the United States. The Great American Smokeout is an annual intervention event on the third Thursday of November by the American Cancer Society. Approximately 40 million American adults still smoke, and tobacco use remains the single largest preventable cause of disease and premature death in the country. The event challenges people to quit on that day, or use the day to make a plan to quit.", "reason": "Based on the evidence provided, there is no specific information about the rate of smoking changing over time among Americans.", "answer": null, "retrieved_documents": [{"content": "The history of smoking dates back to as early as 5000 BC in the Americas in shamanistic rituals. With the arrival of the Europeans in the 16th century, the consumption, cultivation, and trading of tobacco quickly spread. The modernization of farming equipment and manufacturing increased the availability of cigarettes following the reconstruction era in the United States. Mass production quickly expanded the scope of consumption, which grew until the scientific controversies of the 1960s, and condemnation in the 1980s.", "metadata": {"source": "local", "confidence": 1.0}, "score": 0.7929209470748901}, {"content": "Smoking among youth and adolescents is an issue that affects countries worldwide. While the extent to which smoking is viewed as a negative health behavior may vary across different nations, it remains an issue regardless of how it is perceived by different societies. The United States has taken numerous measures, ranging from changes in national policy surrounding youth cigarette access to changes in media campaigns, in attempts to eliminate the use of tobacco products among teenagers. Approximately 90% of smokers begin smoking prior to the age of 18.", "metadata": {"source": "local", "confidence": 1.0}, "score": 0.8186163902282715}, {"content": "Tobacco has a long history in the United States.", "metadata": {"source": "local", "confidence": 1.0}, "score": 0.8268764019012451}, {"content": "The Great American Smokeout is an annual intervention event on the third Thursday of November by the American Cancer Society. Approximately 40 million American adults still smoke, and tobacco use remains the single largest preventable cause of disease and premature death in the country. The event challenges people to quit on that day, or use the day to make a plan to quit.", "metadata": {"source": "local", "confidence": 1.0}, "score": 0.8786095380783081}], "question": "Question:\nHow has the rate of smoking changed over time among Americans?\n\nCandidate Answers:\n1: The rate of smoking has declined over time among Americans.\n2: The rate of smoking has increased over time among Americans.\n3: Smoking rates are high.\n4: More people smoke now.\n5: The rate of smoking has stayed flat over time among Americans.\n\n\nThere is only one correct option. Therefore, you must choose the answer that is most likely to be correct from all candidate answers.\nYour response should only contain the number of the chosen answer. Your response cannot contain any textual content.\n", "soft_refusal": false, "hard_refusal": false}