{"evidence": "Chameleons have the ability to change skin color. They can change color rapidly and the primary purpose of color change is for communication with other chameleons and for controlling body temperature by changing to dark colors to absorb heat.", "reason": "The evidence states that chameleons change color for communication with other chameleons and for controlling body temperature.", "answer": 4, "retrieved_documents": [{"content": "The Indian chameleon (Chamaeleo zeylanicus) is a species of chameleon found in Sri Lanka, India, and other parts of South Asia. Like other chameleons, this species has a long tongue, feet that are shaped into bifid claspers, a prehensile tail, independent eye movement, and the ability to change skin colour. They move slowly with a bobbing or swaying movement and are usually arboreal. Strangely, they do not choose the background colour and may not even be able to perceive colour differences. They are usually in shades of green or brown or with bands. They can change colour rapidly and the primary purpose of colour change is for communication with other chameleons and for controlling body temperature by changing to dark colours to absorb heat.", "metadata": {"source": "local", "confidence": 1.0}, "score": 0.44994956254959106}, {"content": "The chemical chameleon is a redox reaction, well known from classroom demonstrations, that exploits the dramatic color changes associated with the various oxidation states of manganese.", "metadata": {"source": "local", "confidence": 1.0}, "score": 0.7012664079666138}, {"content": "The Colour of the Chameleon (, translit.\u00a0Tsvetat Na Chameleona) is a 2012 Bulgarian comedy film directed by Emil Hristov. The film was selected as the Bulgarian entry for the Best Foreign Language Film at the 86th Academy Awards, but it was not nominated.", "metadata": {"source": "local", "confidence": 1.0}, "score": 0.7397135496139526}, {"content": "The veiled chameleon (Chamaeleo calyptratus) is a species of chameleon (family Chamaeleonidae) native to the Arabian Peninsula in Yemen and Saudi Arabia. Other common names include cone-head chameleon and Yemen chameleon. Males grow to around 17-24 inches in length and females around 14 inches, they grow casques on their head and are born as pastel green before growing stripes and more colorful as they grow. They are known for their variable color changes due to a variety of factors, including to show aggression, social status, reproduction, and stress. Females live around 5 years and males live for around 8 and they breed a few times a year.", "metadata": {"source": "local", "confidence": 1.0}, "score": 0.7403877377510071}], "question": "Question:\nWhy do chameleons change colors?\n\nCandidate Answers:\n1: Chameleons change colors to regulate their temperature.\n2: Chameleons change colors to blend into any background.\n3: Chameleons change colors to camouflage themselves against any background.\n4: While some people think chameleons change color to communicate with other chameleons, they really do it for camouflage.\n\n\nThere is only one correct option. Therefore, you must choose the answer that is most likely to be correct from all candidate answers.\nYour response should only contain the number of the chosen answer. Your response cannot contain any textual content.\n", "soft_refusal": false, "hard_refusal": false}