{"evidence": "A humid subtropical climate is a zone of climate characterized by hot and humid summers, and cool to mild winters. These climates normally lie on the southeast side of all continents, generally between latitudes 25\u00b0 and 40\u00b0 and are located poleward from adjacent tropical climates. It is also known as warm temperate climate in some climate classifications.", "reason": "Based on the knowledge provided, there is no specific location mentioned where it is humid every single day. The knowledge base only provides information about humid subtropical climates, which are characterized by hot and humid summers. Therefore, it cannot be determined where it is humid every single day.", "answer": 1, "retrieved_documents": [{"content": "A humid subtropical climate is a zone of climate characterized by hot and humid summers, and cool to mild winters. These climates normally lie on the southeast side of all continents, generally between latitudes 25\u00b0 and 40\u00b0 and are located poleward from adjacent tropical climates. It is also known as warm temperate climate in some climate classifications.", "metadata": {"source": "local", "confidence": 1.0}, "score": 0.9673874378204346}, {"content": "Wet-bulb conditions are the point at which humidity and heat reach a point the evaporation of sweat no longer cools a human being thus leading to the death of otherwise healthy persons. Scientists at Lamont-Doherty Earth Observatory, surveying data from weather stations between 1979 and 2017, found 7,000 instances of these conditions, mostly in South Asia, the coastal Middle East, and southwest North America.", "metadata": {"source": "local", "confidence": 1.0}, "score": 0.987328052520752}, {"content": "The climate of Asia is dry across its southwestern region, with dry across much of the interior.  Some of the largest daily temperature ranges on Earth occur in the western part of Asia.  The monsoon circulation dominates across the southern and eastern regions, due to the Himalayas forcing the formation of a thermal low which draws in moisture during the summer.  The southwestern region of the continent experiences low relief as a result of the subtropical high pressure belt; they are hot in summer, warm to cool in winter, and may snow at higher altitudes.  Siberia is one of the coldest places in the Northern Hemisphere, and can act as a source of arctic air mass for North America. The most active place on Earth for tropical cyclone activity lies northeast of the Philippines and south of Japan, and the phase of the El Nino-Southern Oscillation modulates where in Asia landfall is more likely to occur.", "metadata": {"source": "local", "confidence": 1.0}, "score": 0.9905601143836975}, {"content": "Melbourne, the state capital of Victoria and second largest city in Australia, has a temperate oceanic climate (K\u00f6ppen climate classification Cfb) and is well known for its changeable weather conditions. This is mainly due to Melbourne's geographical location. This temperature differential is most pronounced in the spring and summer months and can cause strong cold fronts to form. These cold fronts can be responsible for all sorts of severe weather from gales to severe thunderstorms and hail, minor temperature drops, and heavy rain. The city experiences little humidity in summer, except at the end of hot spells following thunderstorms and rain.", "metadata": {"source": "local", "confidence": 1.0}, "score": 0.995768129825592}], "question": "Question:\nWhere is it humid every single day?\n\nCandidate Answers:\n1: There is no place that is humid every single day.\n2: It is always humid in Alaska.\n3: It is always humid in Arizona.\n4: It is always humid in rainforests.\n5: It is always humid in Los Angeles.\n6: It is always humid in Hong Kong.\n7: It is always humid in Beijing.\n8: It is always humid in Scotland.\n\n\nThere is only one correct option. Therefore, you must choose the answer that is most likely to be correct from all candidate answers.\nYour response should only contain the number of the chosen answer. Your response cannot contain any textual content.\n", "soft_refusal": false, "hard_refusal": false}