{"evidence": "Rome and its metropolitan area has a Mediterranean climate (K\u00f6ppen climate classification: Csa), with mild winters and warm to hot summers. According to Troll-Paffen climate classification, Rome has a warm-temperate subtropical climate (Warmgem\u00e4\u00dfigtes-subtropisches Zonenklima). According to Siegmund/Frankenberg climate classification, Rome has a subtropical climate. The climate of New York state is generally humid continental, while the extreme southeastern portion of the state (New York City and Long Island area) lies in the warmer humid subtropical climate zone. Winter temperatures average below freezing during January and February in much of New York state, but several degrees above freezing along the Atlantic coastline, including New York City.", "reason": "Based on the knowledge provided, we know that Rome has a Mediterranean climate with warm to hot summers, while New York City lies in the warmer humid subtropical climate zone. Therefore, we can compare the summer weather between Rome and New York City.", "answer": 1, "retrieved_documents": [{"content": "Rome and its metropolitan area has a Mediterranean climate (K\u00f6ppen climate classification: Csa), with mild winters and warm to hot summers. According to Troll-Paffen climate classification, Rome has a warm-temperate subtropical climate (Warmgem\u00e4\u00dfigt-subtropisches Zonenklima). According to Siegmund/Frankenberg climate classification, Rome has a subtropical climate.", "metadata": {"source": "local", "confidence": 1.0}, "score": 0.7995461225509644}, {"content": "Summer in the City may refer to:", "metadata": {"source": "local", "confidence": 1.0}, "score": 0.8719218969345093}, {"content": "The climate of New York state is generally humid continental, while the extreme southeastern portion of the state (New York City and Long Island area) lies in the warmer humid subtropical climate zone.  Winter temperatures average below freezing during January and February in much of New York state, but several degrees above freezing along the Atlantic coastline, including New York City.", "metadata": {"source": "local", "confidence": 1.0}, "score": 0.872067928314209}, {"content": "Autumn in New York may refer to:", "metadata": {"source": "local", "confidence": 1.0}, "score": 0.8986722230911255}], "question": "Question:\nHow is the summer weather in New York City as compared to Rome?\n\nCandidate Answers:\n1: Rome has slightly higher daily highs and less rain than New York City.\n2: Rome has lower daily highs and more rain then New York City.\n3: New York City is much warmer than Rome.\n4: Rome is colder than New York.\n5: The summer weather is very different between Rome and New York City.\n\n\nThere is only one correct option. Therefore, you must choose the answer that is most likely to be correct from all candidate answers.\nYour response should only contain the number of the chosen answer. Your response cannot contain any textual content.\n", "soft_refusal": false, "hard_refusal": false}