{"evidence": "Consanguine marriage is marriage between individuals who are closely related. Though it may involve incest, it implies more than the sexual nature of incest. In a clinical sense, marriage between two family members who are second cousins or closer qualifies as consanguineous marriage. This is based on the gene copies their offspring may receive. Though these unions are still prevalent in some communities, as seen across the Greater Middle East region, many other populations have seen a great decline in intra-family marriages. In law, a prohibited degree of kinship refers to a degree of consanguinity (blood relatedness) and sometimes affinity (relation by marriage or sexual relationship) between persons that results in certain actions between them being illegal. Two major examples of prohibited degrees are found in incest and nepotism. Incest refers to sexual relations and marriage between closely related individuals; nepotism is the preference of blood-relations in the distribution of a rank or office.", "reason": "The evidence states that a prohibited degree of kinship refers to a degree of consanguinity between persons that results in certain actions between them being illegal. Incest refers to sexual relations and marriage between closely related individuals. Therefore, we can determine which relatives are not allowed to be married based on the definition of incest.", "answer": 2, "retrieved_documents": [{"content": "Consanguine marriage is marriage between individuals who are closely related. Though it may involve incest, it implies more than the sexual nature of incest. In a clinical sense, marriage between two family members who are second cousins or closer qualifies as consanguineous marriage. This is  based on the gene copies their offspring may receive. Though these unions are still prevalent in some communities, as seen across the Greater Middle East region, many other populations have seen a great decline in intra-family marriages.", "metadata": {"source": "local", "confidence": 1.0}, "score": 0.9136412143707275}, {"content": "In law, a prohibited degree of kinship refers to a degree of consanguinity (blood relatedness) and sometimes affinity (relation by marriage or sexual relationship) between persons that results in certain actions between them being illegal. Two major examples of prohibited degrees are found in incest and nepotism. Incest refers to sexual relations and marriage between closely related individuals; nepotism is the preference of blood-relations in the distribution of a rank or office.", "metadata": {"source": "local", "confidence": 1.0}, "score": 0.9530249834060669}, {"content": "Since 1997, the U.S. state of Hawaii has offered reciprocal beneficiary registration for any adults who are prohibited by state law from marrying, including both same-sex and opposite-sex couples.", "metadata": {"source": "local", "confidence": 1.0}, "score": 0.9600505828857422}, {"content": "An avunculate marriage is a marriage with a parent's sibling or with one's sibling's child\u2014i.e., between an uncle or aunt and their niece or nephew. Such a marriage may occur between biological (consanguine) relatives or between persons related by marriage (affinity). In some countries, avunculate marriages are prohibited by law, while in others marriages between such biological relatives are both legal and common, though now far less common.", "metadata": {"source": "local", "confidence": 1.0}, "score": 0.9647715091705322}], "question": "Question:\nWhich relative are you not allowed to marry in California?\n\nCandidate Answers:\n1: You are not allowed to marry your parents, children or siblings in California.\n2: You are not allowed to marry your parents, children, siblings or first cousin in the California.\n3: You are not allowed to marry your cousin in the California.\n4: Your parents, children, siblings or cousins.\n5: Parents or grandparents or cousin.\n6: You are not allowed to marry your first cousin in the California.\n\n\nThere is only one correct option. Therefore, you must choose the answer that is most likely to be correct from all candidate answers.\nYour response should only contain the number of the chosen answer. Your response cannot contain any textual content.\n", "soft_refusal": false, "hard_refusal": false}