{"evidence": "The knowledge base contains information about books by Bruce Chatwin and a music album by Hello Venus.", "reason": "Based on the evidence in the knowledge base, there is no information about what the AI is doing next.", "answer": null, "retrieved_documents": [{"content": "What Am I Doing Here (1988) is a book by British author Bruce Chatwin containing a collection of essays, profiles and travel stories from his life. It was the last book published during Chatwin's life and draws on various experiences from it. These experiences include trekking in Nepal, sailing down the Volga, interviewing Madeleine Vionnet and making a film with Werner Herzog.", "metadata": {"source": "local", "confidence": 1.0}, "score": 1.0452923774719238}, {"content": "What Are You Doing Today? (Hangul: \uc624\ub298 \ubb50\ud574?; RR: oneul mwohae?) is the second extended play by South Korean girl group Hello Venus. It was released on December 12, 2012, by Tricell Media and distributed by NHN Entertainment.", "metadata": {"source": "local", "confidence": 1.0}, "score": 1.0503387451171875}, {"content": "What's Next(?) may refer to:", "metadata": {"source": "local", "confidence": 1.0}, "score": 1.0570595264434814}, {"content": "What Am I Gonna Do may refer to", "metadata": {"source": "local", "confidence": 1.0}, "score": 1.074446678161621}], "question": "Question:\nWhat are you doing next?\n\nCandidate Answers:\n1: I am not doing anything next.\n2: I am going shopping.\n3: I am going to the movies.\n4: I am going to school.\n5: I am reading a book.\n\n\nThere is only one correct option. Therefore, you must choose the answer that is most likely to be correct from all candidate answers.\nYour response should only contain the number of the chosen answer. Your response cannot contain any textual content.\n", "soft_refusal": true, "hard_refusal": false}