{"evidence": "World War II was the deadliest military conflict in history. An estimated total of 70\u201385 million people perished, or about 3% of the 1940 world population (est. 2.3 billion). Deaths directly caused by the war (including military and civilian fatalities) are estimated at 50\u201356 million, with an additional estimated 19\u201328 million deaths from war-related disease and famine. Civilian deaths totaled 50\u201355 million. Military deaths from all causes totaled 21\u201325 million, including deaths in captivity of about 5 million prisoners of war.", "reason": "The evidence states that World War II was the deadliest military conflict in history, with an estimated total of 70\u201385 million people perishing. It also mentions that military deaths from all causes totaled 21\u201325 million. Since the question asks for the war with the highest number of casualties in which the U.S. did not participate, we can conclude that World War II fits this criteria.", "answer": 2, "retrieved_documents": [{"content": "The 2014 Gaza War, also known as Operation Protective Edge (, Miv'tza Tzuk Eitan, lit. \"Operation Strong Cliff\")", "metadata": {"source": "local", "confidence": 1.0}, "score": 0.8606529235839844}, {"content": "This article contains the list of battles with most United States military fatalities, in terms of American deaths.", "metadata": {"source": "local", "confidence": 1.0}, "score": 0.8668184280395508}, {"content": "The following is a tabulation of United States military casualties of war.", "metadata": {"source": "local", "confidence": 1.0}, "score": 0.868770956993103}, {"content": "World War II was the deadliest military conflict in history. An estimated total of 70\u201385 million people perished, or about 3% of the 1940 world population (est. 2.3\u00a0billion). Deaths directly caused by the war (including military and civilian fatalities) are estimated at 50\u201356\u00a0million, with an additional estimated 19\u201328\u00a0million deaths from war-related disease and famine. Civilian deaths totaled 50\u201355\u00a0million. Military deaths from all causes totaled 21\u201325\u00a0million, including deaths in captivity of about 5\u00a0million prisoners of war. More than half of the total number of casualties are accounted for by the dead of the Republic of China and of the Soviet Union. The tables below give a detailed country-by-country count of human losses. Statistics on the number of military wounded are included whenever available.", "metadata": {"source": "local", "confidence": 1.0}, "score": 0.8730676174163818}], "question": "Question:\nWhat was the war with the highest number of casualties in which the U.S. did not participate?\n\nCandidate Answers:\n1: The war with the highest number of casualties in which the U.S. did not participate may have been the Taiping Rebellion.\n2: The war with the highest number of casualties in which the U.S. did not participate was World War II.\n3: The war with the highest number of casualties in which the U.S. did not participate was World War I.\n\n\nThere is only one correct option. Therefore, you must choose the answer that is most likely to be correct from all candidate answers.\nYour response should only contain the number of the chosen answer. Your response cannot contain any textual content.\n", "soft_refusal": false, "hard_refusal": false}