{"evidence": "Cleopatra (69\u201330 BC) was the last active Ptolemaic ruler of Egypt before it became a Roman province.", "reason": "Based on the knowledge base, there is no information about the construction of the pyramids or the moon landing in relation to Cleopatra's birth.", "answer": null, "retrieved_documents": [{"content": "Cleopatra III (; c.160\u2013101 BC) was a queen of Egypt. She ruled at first with her mother Cleopatra II and husband Ptolemy VIII from 142 to 131 BC and again from 127 to 116 BC. She then ruled with her sons Ptolemy IX and Ptolemy X from 116 to 101 BC.", "metadata": {"source": "local", "confidence": 1.0}, "score": 0.8807049989700317}, {"content": "The early life of Cleopatra VII (r. 51 \u2013 10 or 12 August 30 BC) of Ptolemaic Egypt began with her birth in early 69 BC to reigning pharaoh Ptolemy XII Auletes and her unknown mother (possibly Cleopatra V), and lasted until her accession to the throne by March 51\u00a0BC. During her early childhood, Cleopatra was brought up in the palace of Alexandria in Egypt and received a primarily-Hellenistic Greek education from her tutor, Philostratos. By adulthood she was well-versed in many languages, including Egyptian, Ethiopian, Hebrew, Arabic, Median, Parthian, Latin, and her native Koine Greek.", "metadata": {"source": "local", "confidence": 1.0}, "score": 0.9090842604637146}, {"content": "Cleopatra II (Greek: \u039a\u03bb\u03b5\u03bf\u03c0\u03ac\u03c4\u03c1\u03b1; c. 185 BC \u2013 116/115 BC) was a queen of Ptolemaic Egypt who ruled from 175 to 116 BC with two successive brother-husbands and her daughter\u2014often in rivalry with her brother Ptolemy VIII. ", "metadata": {"source": "local", "confidence": 1.0}, "score": 0.9095063209533691}, {"content": "Cleopatra (69\u201330 BC) was the last active Ptolemaic ruler of Egypt before it became a Roman province.", "metadata": {"source": "local", "confidence": 1.0}, "score": 0.938582181930542}], "question": "Question:\nWhich event happened closer to Cleopatra's birth: the construction of the pyramids or the moon landing?\n\nCandidate Answers:\n1: The moon landing.\n2: The construction of the pyramids.\n3: The construction of the pyramids happened closer to Cleopatra's birth.\n4: Cleopatra was alive when the pyramids were being built.\n\n\nThere is only one correct option. Therefore, you must choose the answer that is most likely to be correct from all candidate answers.\nYour response should only contain the number of the chosen answer. Your response cannot contain any textual content.\n", "soft_refusal": true, "hard_refusal": false}