{"evidence": "Organic farming is an agricultural system that uses fertilizers of organic origin such as compost manure, green manure, and bone meal and places emphasis on techniques such as crop rotation and companion planting. Organic standards are designed to allow the use of naturally-occurring substances while prohibiting or strictly limiting synthetic substances. For instance, naturally-occurring pesticides such as pyrethrin and rotenone are permitted, while synthetic fertilizers and pesticides are generally prohibited.", "reason": "Based on the knowledge provided, organic farming allows the use of naturally-occurring substances, including naturally-occurring pesticides such as pyrethrin and rotenone. Synthetic fertilizers and pesticides are generally prohibited. Therefore, organic farming may use natural pesticides.", "answer": 1, "retrieved_documents": [{"content": "Organic farming is an agricultural system that uses fertilizers of organic origin such as compost manure, green manure, and bone meal and places emphasis on techniques such as crop rotation and companion planting. It originated early in the 20th century in reaction to rapidly changing farming practices. Certified organic agriculture accounts for 70 million hectares globally, with over half of that total in Australia. Organic farming continues to be developed by various organizations today. Biological pest control, mixed cropping and the fostering of insect predators are encouraged. Organic standards are designed to allow the use of naturally-occurring substances while prohibiting or strictly limiting synthetic substances. For instance, naturally-occurring pesticides such as pyrethrin and rotenone are permitted, while synthetic fertilizers and pesticides are generally prohibited. Synthetic substances that are allowed include, for example, copper sulfate, elemental sulfur and Ivermectin. Genetically modified organisms, nanomaterials, human sewage sludge, plant growth regulators, hormones, and antibiotic use in livestock husbandry are prohibited. Organic farming advocates claim advantages in sustainability, openness, self-sufficiency, autonomy and independence, health, food security, and food safety.", "metadata": {"source": "local", "confidence": 1.0}, "score": 0.5166593790054321}, {"content": "The Pesticide Question: Environment, Economics and Ethics is a 1993 book edited by David Pimentel and Hugh Lehman. Use of pesticides has improved agricultural productivity, but there are also concerns about safety, health and the environment.", "metadata": {"source": "local", "confidence": 1.0}, "score": 0.7289484739303589}, {"content": "Pesticide residues are of concern in New Zealand and foods are regularly checked to see if they are within set limits.", "metadata": {"source": "local", "confidence": 1.0}, "score": 0.7515333890914917}, {"content": "There is a high use of pesticides in New Zealand due predominantly to the large agricultural industry.", "metadata": {"source": "local", "confidence": 1.0}, "score": 0.7636393904685974}], "question": "Question:\nDoes organic farming use pesticides?\n\nCandidate Answers:\n1: Yes, organic farming may use natural pesticides.\n2: No, organic farming does not use pesticides.\n3: No, produce is not organic if it contains pesticides.\n4: No, pesticides are not allowed in organic farming.\n5: No, organic farming is farming that prohibits all pesticides and fertilizers.\n\n\nThere is only one correct option. Therefore, you must choose the answer that is most likely to be correct from all candidate answers.\nYour response should only contain the number of the chosen answer. Your response cannot contain any textual content.\n", "soft_refusal": false, "hard_refusal": false}