{"evidence": "A monkey's fist or monkey paw is a type of knot, so named because it looks somewhat like a small bunched fist or paw. It is tied at the end of a rope to serve as a weight, making it easier to throw, and also as an ornamental knot. This type of weighted rope can be used as a hand-to-hand weapon, called a slungshot by sailors. It was also used in the past as an anchor in rock climbing, by stuffing it into a crack. It is still sometimes used today in sandstone, as in the Elbe Sandstone Mountains in Germany. A paw is the soft foot-like part of a mammal, generally a quadruped, that has claws.", "reason": "Based on the evidence provided, a monkey's paw is described as a type of knot that is tied at the end of a rope to serve as a weight or an ornamental knot. It can also be used as a hand-to-hand weapon or as an anchor in rock climbing. There is no mention of the paw being used to grasp objects, grant wishes, or make wishes.", "answer": null, "retrieved_documents": [{"content": "A monkey's fist or monkey paw is a type of knot, so named because it looks somewhat like a small bunched fist or paw. It is tied at the end of a rope to serve as a weight, making it easier to throw, and also as an ornamental knot. This type of weighted rope can be used as a hand-to-hand weapon, called a slungshot by sailors. It was also used in the past as an anchor in rock climbing, by stuffing it into a crack. It is still sometimes used today in sandstone, as in the Elbe Sandstone Mountains in Germany.", "metadata": {"source": "local", "confidence": 1.0}, "score": 0.6568514108657837}, {"content": "Paw may refer to:", "metadata": {"source": "local", "confidence": 1.0}, "score": 0.6797337532043457}, {"content": "\"The Monkey's Paw\" is a short story by W. W. Jacobs.", "metadata": {"source": "local", "confidence": 1.0}, "score": 0.7535269856452942}, {"content": "A paw is the soft foot-like part of a mammal, generally a quadruped, that has claws.", "metadata": {"source": "local", "confidence": 1.0}, "score": 0.7553285956382751}], "question": "Question:\nWhat is the function of a monkey's paw?\n\nCandidate Answers:\n1: A monkey's paw allows the monkey to grasp objects.\n2: A monkey's paw can be used to grant wishes.\n3: The holder of the paw will have their wishes granted, but in negative ways.\n4: A monkey's paw allows the owner to make three wishes.\n\n\nThere is only one correct option. Therefore, you must choose the answer that is most likely to be correct from all candidate answers.\nYour response should only contain the number of the chosen answer. Your response cannot contain any textual content.\n", "soft_refusal": false, "hard_refusal": false}