{"evidence": "The Immaculate Conception is the conception of the Virgin Mary free from original sin by virtue of the merits of her son Jesus. The Immaculate Conception is a doctrine of the Roman Catholic Church that states that the Virgin Mary was free of original sin from the moment of her conception. The Immaculate Conception is a dogma of the Catholic Church that states that the Virgin Mary was free of original sin from the moment of her conception. Immaculate Misconception is a word play on Immaculate Conception. It may refer to:", "reason": "Based on the evidence provided, the Immaculate Conception refers to the conception of the Virgin Mary free from original sin by virtue of the merits of her son Jesus. It is a doctrine and dogma of the Roman Catholic Church.", "answer": 1, "retrieved_documents": [{"content": "The Immaculate Conception is the conception of the Virgin Mary free from original sin by virtue of the merits of her son Jesus.", "metadata": {"source": "local", "confidence": 1.0}, "score": 0.30731868743896484}, {"content": "The Immaculate Conception is a doctrine of the Roman Catholic Church that states that the Virgin Mary was free of original sin from the moment of her conception.", "metadata": {"source": "local", "confidence": 1.0}, "score": 0.3599114418029785}, {"content": "The Immaculate Conception is a dogma of the Catholic Church that states that the Virgin Mary was free of original sin from the moment of her conception.", "metadata": {"source": "local", "confidence": 1.0}, "score": 0.4045749008655548}, {"content": "Immaculate Misconception is a word play on Immaculate Conception. It may refer to:", "metadata": {"source": "local", "confidence": 1.0}, "score": 0.5258355140686035}], "question": "Question:\nWhat is immaculate conception?\n\nCandidate Answers:\n1: Immaculate conception is the Catholic dogma that Mary was free of original sin from the moment of her conception.\n2: Immaculate conception refers to the miracle of Jesus's birth.\n3: Immaculate conception refers to the virgin birth of Jesus.\n4: Immaculate conception refers to the Christian doctrine that Jesus was conceived by the Virgin Mary.\n5: It is commonly believed that immaculate conception refers to Mary's birth, but it actually refers to the birth of Christ.\n\n\nThere is only one correct option. Therefore, you must choose the answer that is most likely to be correct from all candidate answers.\nYour response should only contain the number of the chosen answer. Your response cannot contain any textual content.\n", "soft_refusal": false, "hard_refusal": false}