{"evidence": "The knowledge base does not provide information about the smallest country in the world that is at least one square mile in area.", "reason": "The knowledge base does not contain any information about the smallest country in the world that meets the given criteria.", "answer": null, "retrieved_documents": [{"content": "Petite Terre or Petite-Terre (French for \"small land\") may refer to:", "metadata": {"source": "local", "confidence": 1.0}, "score": 0.9796250462532043}, {"content": "A mile square is a unit of measurement for area.", "metadata": {"source": "local", "confidence": 1.0}, "score": 0.9818105101585388}, {"content": "This is a list of countries and dependent territories ranked by population density, measured by the number of human inhabitants per square kilometer or square mile, and also sortable by total area and by population. The list includes sovereign states and self-governing dependent territories based upon the ISO standard ISO 3166-1. The list also includes unrecognized but de facto independent countries. The figures in the following table are based on areas including internal bodies of water such as bays, lakes, reservoirs and rivers. The list does not include entities not on ISO 3166-1, except for states with limited recognition. Thus constituent countries that are not included on ISO 3166-1, and other entities not on ISO 3166-1 like the European Union, are not included. Figures used in this article are mainly based on the latest censuses and official estimates or projections. Where these are unavailable, projections provided by the Population Division of the United Nations Department of Economic and Social Affairs are used.", "metadata": {"source": "local", "confidence": 1.0}, "score": 1.0100255012512207}, {"content": "Square Mile was the land development board game released by Milton Bradley in 1962.  It is for 2 - 4 players ages 12 to adult.", "metadata": {"source": "local", "confidence": 1.0}, "score": 1.0189896821975708}], "question": "Question:\nWhat is the smallest country in the world that is at least one square mile in area?\n\nCandidate Answers:\n1: Nauru is the smallest country in the world that is at least one square mile in area.\n2: The smallest country in the world that is at least one square mile in area is Vatican City.\n3: The smallest country in the world that is at least one square mile in area is Monaco.\n4: The smallest country in the world that is at least one square mile in area is the United States.\n\n\nThere is only one correct option. Therefore, you must choose the answer that is most likely to be correct from all candidate answers.\nYour response should only contain the number of the chosen answer. Your response cannot contain any textual content.\n", "soft_refusal": true, "hard_refusal": false}