{"evidence": "Obesity in Mexico is a relatively recent phenomenon, having been widespread since the 1980s with the introduction of processed food into much of the Mexican food market. Prior to that, dietary issues were limited to under and malnutrition, which is still a problem in various parts of the country. Following trends already ongoing in other parts of the world, Mexicans have been foregoing traditional whole grains and vegetables in favor of a diet with more animal products and processed foods. It has seen dietary energy intake and rates of overweight and obese people rise with seven out of ten at least overweight and a third clinically obese. Obesity in the Republic of Ireland is a major health concern. Ireland has one of Europe's highest rates of obesity; 60% of adults, and over 20% of children and young people, in the country are overweight or obese. In 2011, 23.4% of the country's population was obese. The country's mean BMI increased by 1.1kg (2.4lbs)/m\u00b2 between 1990 and 2001 and /m\u00b2 between 2001 and 2011. A PubMed study found obesity among children specifically in Ireland fell from 25% in 2005 to 16% by 2019; however, the study cautions that obesity remains a serious problem in Ireland.", "reason": "By comparing the information about obesity rates in Mexico and Ireland, we can determine which country has a bigger problem with obesity.", "answer": 1, "retrieved_documents": [{"content": "Obesity in the Republic of Ireland is a major health concern. Ireland has one of Europe's highest rates of obesity; 60% of adults, and over 20% of children and young people, in the country are overweight or obese. In 2011, 23.4% of the country's population was obese. The country's mean BMI increased by 1.1kg (2.4lbs)/m\u00b2 between 1990 and 2001 and /m\u00b2 between 2001 and 2011. A PubMed study found obesity among children specifically in Ireland fell from 25% in 2005 to 16% by 2019; however, the study cautions that obesity remains a serious problem in Ireland.", "metadata": {"source": "local", "confidence": 1.0}, "score": 0.7159494757652283}, {"content": "Obesity in Mexico is a relatively recent phenomenon, having been widespread since the 1980s with the introduction of processed food into much of the Mexican food market. Prior to that, dietary issues were limited to under and malnutrition, which is still a problem in various parts of the country. Following trends already ongoing in other parts of the world, Mexicans have been foregoing traditional whole grains and vegetables in favor of a diet with more animal products and processed foods. It has seen dietary energy intake and rates of overweight and obese people rise with seven out of ten at least overweight and a third clinically obese.", "metadata": {"source": "local", "confidence": 1.0}, "score": 0.7189949750900269}, {"content": "Obesity in Chile is a growing health concern with health officials stating that it is one of the leading causes of preventable deaths in the Chile. According to Forbes, Chile ranks 23 on a 2007 list of fattest countries with a percentage of 65.3% of its citizens with an unhealthy weight (defined as having a BMI above 25 or below 18). Until the late 1980s, malnourishment was the major concern and many poor Chileans were underweight. However economic development has brought an obesity crisis, which the government is taking measures to solve.", "metadata": {"source": "local", "confidence": 1.0}, "score": 0.8317024111747742}, {"content": "Obesity in Argentina is a growing health concern with health officials stating that it is one of the leading causes of preventable deaths in the Argentina. According to FAO/UNO, the prevalence of obesity among adults in Argentina was of 29.4% in 2008.", "metadata": {"source": "local", "confidence": 1.0}, "score": 0.9080803394317627}], "question": "Question:\nDoes Mexico have a bigger problem with obesity than Ireland?\n\nCandidate Answers:\n1: Yes, the obesity rate is higher in Mexico than Ireland.\n2: No, the obesity rate is higher in Ireland.\n3: No.\n4: No, it's a bigger problem in Ireland.\n5: No, obesity is a bigger problem in Ireland than Mexico.\n\n\nThere is only one correct option. Therefore, you must choose the answer that is most likely to be correct from all candidate answers.\nYour response should only contain the number of the chosen answer. Your response cannot contain any textual content.\n", "soft_refusal": false, "hard_refusal": false}