{"evidence": "Frivolous litigation is the use of legal processes with apparent disregard for the merit of one's own arguments. It includes presenting an argument with reason to know that it would certainly fail, or acting without a basic level of diligence in researching the relevant law and facts. The fact that a claim is lost does not imply that it was frivolous. In law, frivolous or vexatious, is a term used to challenge a complaint or a legal proceeding being heard, or to deny or dismiss or strike out any ensuing judicial or non-judicial processes. Vexatious litigation is legal action which is brought solely to harass or subdue an adversary. It may take the form of a primary frivolous lawsuit or may be the repetitive, burdensome, and unwarranted filing of meritless motions in a matter which is otherwise a meritorious cause of action. Filing vexatious litigation is considered an abuse of the judicial process and may result in sanctions against the offender. A lawsuit is a legal case.", "reason": "The evidence states that frivolous litigation is the use of legal processes without regard for the merit of one's own arguments. It also mentions that a frivolous lawsuit may be brought solely to harass or subdue an adversary. Therefore, if a lawsuit is frivolous, it lacks a legal argument and is brought with the intention to harass or subdue the opposing party.", "answer": 1, "retrieved_documents": [{"content": "Frivolous litigation is the use of legal processes with apparent disregard for the merit of one's own arguments. It includes presenting an argument with reason to know that it would certainly fail, or acting without a basic level of diligence in researching the relevant law and facts. The fact that a claim is lost does not imply that it was frivolous.", "metadata": {"source": "local", "confidence": 1.0}, "score": 0.2929060459136963}, {"content": "In law, frivolous or vexatious, is a term used to challenge a complaint or a legal proceeding being heard, or to deny or dismiss or strike out any ensuing judicial or non-judicial processes.", "metadata": {"source": "local", "confidence": 1.0}, "score": 0.38726115226745605}, {"content": "Vexatious litigation is legal action which is brought  solely to harass or subdue an adversary. It may take the form of a primary frivolous lawsuit or may be the repetitive, burdensome, and unwarranted filing of meritless motions in a matter which is otherwise a meritorious cause of action. Filing vexatious litigation is considered an abuse of the judicial process and may result in sanctions against the offender.", "metadata": {"source": "local", "confidence": 1.0}, "score": 0.7297025918960571}, {"content": "A lawsuit is a legal case.", "metadata": {"source": "local", "confidence": 1.0}, "score": 0.8938370943069458}], "question": "Question:\nLegally, what does it mean if a lawsuit is frivolous?\n\nCandidate Answers:\n1: If a lawsuit is frivolous, it lacks a legal argument.\n2: If a lawsuit is frivolous, it involves petty issues.\n3: If a lawsuit is frivolous, it concerns a trivial disagreement.\n\n\nThere is only one correct option. Therefore, you must choose the answer that is most likely to be correct from all candidate answers.\nYour response should only contain the number of the chosen answer. Your response cannot contain any textual content.\n", "soft_refusal": false, "hard_refusal": false}