{"evidence": "Toto is a fictional dog in L. Frank Baum's Oz series of children's books, and works derived from them. His name is pronounced with a long \"O\", a homophone of \"toe toe\". He was originally a small terrier drawn by W. W. Denslow for the first edition of The Wonderful Wizard of Oz (1900). He reappears in numerous adaptations, such as The Wizard of Oz (1939), The Wiz (1978) and Return to Oz (1985).", "reason": "The evidence states that Toto is a fictional dog in L. Frank Baum's Oz series of children's books and adaptations. It does not mention Dorothy saying anything to Toto upon reaching Oz.", "answer": null, "retrieved_documents": [{"content": "Toto is a fictional dog in L. Frank Baum's Oz series of children's books, and works derived from them. His name is pronounced with a long \"O\", a homophone of \"toe toe\". He was originally a small terrier drawn by W. W. Denslow for the first edition of The Wonderful Wizard of Oz (1900). He reappears in numerous adaptations, such as The Wizard of Oz (1939), The Wiz (1978) and Return to Oz (1985).", "metadata": {"source": "local", "confidence": 1.0}, "score": 0.7631669044494629}, {"content": "\"The Merry Old Land of Oz\" is a song from the 1939 film The Wizard of Oz and the musical. It is sung by the townspeople of the Emerald City, who are joined at appropriate times by the group of four travelers: Dorothy (with Toto), Scarecrow, Tin Man and Cowardly Lion. It was written by lyricist E.Y. Harburg and composer Harold Arlen. The verse of the song suggests that the people of the city do no actual work, since they \"get up at twelve, and start to work at one, take an hour for lunch, and then at two they're done\". Their actions contradict that funny sentiment, however, as they are clearly doing plenty of work to \"freshen up\" the group of four to go see their desired person of the hour. The revelers' laughter is interrupted by the Wicked Witch of the West, who is circling over the city, skywriting with her broom, ordering the citizens to \"SURRENDER DOROTHY OR DIE\". In the final cut of the film, the words \"OR DIE\" were dropped from the film as being too strong for the presumably young audience of the time.", "metadata": {"source": "local", "confidence": 1.0}, "score": 0.8562493324279785}, {"content": "Terry (November 17, 1933 \u2013 September 1, 1945) was a female Cairn Terrier performer who appeared in many different movies, most famously as Toto in the film The Wizard of Oz (1939). It was her only credited role, though she was credited not as Terry but as Toto. She was owned and trained by Carl Spitz.", "metadata": {"source": "local", "confidence": 1.0}, "score": 0.8930373191833496}, {"content": "Dorothy of Oz may refer to:", "metadata": {"source": "local", "confidence": 1.0}, "score": 0.9406988024711609}], "question": "Question:\nWhat does Dorothy say to Toto upon reaching Oz in \"The Wizard of Oz\"?\n\nCandidate Answers:\n1: Toto, I've a feeling we're not in Kansas anymore.\n2: Toto, I don't think we're in Kansas anymore.\n\n\nThere is only one correct option. Therefore, you must choose the answer that is most likely to be correct from all candidate answers.\nYour response should only contain the number of the chosen answer. Your response cannot contain any textual content.\n", "soft_refusal": true, "hard_refusal": false}