{"evidence": "Absolute pitch (AP), often called perfect pitch, is a rare ability of a person to identify or re-create a given musical note without the benefit of a reference tone. AP may be demonstrated using linguistic labeling (\"naming\" a note), associating mental imagery with the note, or sensorimotor responses. For example, an AP possessor can accurately reproduce a heard tone on a musical instrument without \"hunting\" for the correct pitch.", "reason": "The evidence provided explains what absolute pitch is and how it can be demonstrated, but it does not provide information on the number of people who have absolute pitch.", "answer": null, "retrieved_documents": [{"content": "Absolute pitch (AP), often called perfect pitch, is a rare ability of a person to identify or re-create a given musical note without the benefit of a reference tone. AP may be demonstrated using linguistic labeling (\"naming\" a note), associating mental imagery with the note, or sensorimotor responses. For example, an AP possessor can accurately reproduce a heard tone on a musical instrument without \"hunting\" for the correct pitch.", "metadata": {"source": "local", "confidence": 1.0}, "score": 0.8292392492294312}, {"content": "Pitch may refer to:", "metadata": {"source": "local", "confidence": 1.0}, "score": 0.9474552869796753}, {"content": "The Pitch may refer to:", "metadata": {"source": "local", "confidence": 1.0}, "score": 0.9963470697402954}, {"content": "Pitchblende may refer to:", "metadata": {"source": "local", "confidence": 1.0}, "score": 1.0704946517944336}], "question": "Question:\nHow many people have absolute pitch?\n\nCandidate Answers:\n1: It is likely that significantly more than 1 in 10,000 people have absolute pitch.\n2: 1 in 10,000 people have absolute pitch.\n3: 1 in 10,000.\n4: Unknown.\n5: It is estimated that 1 in 10,000 people have absolute pitch.\n\n\nThere is only one correct option. Therefore, you must choose the answer that is most likely to be correct from all candidate answers.\nYour response should only contain the number of the chosen answer. Your response cannot contain any textual content.\n", "soft_refusal": true, "hard_refusal": false}