{"evidence": "The home computers between 1977 and about 1995 were different from today's uniform and predictable machines. During this time it made economic sense for manufacturers to make microcomputers aimed at the home user. By simplifying the machines, and making use of household items such as television sets and cassette recorders instead of dedicated computer peripherals, the home computer allowed the consumer to own a computer at a fraction of the price of computers oriented to small business. Today, the price of microcomputers has dropped to the point where there's no advantage to building a separate, incompatible series just for home users.", "reason": "Based on the evidence provided, it is stated that the price of microcomputers has dropped to the point where there's no advantage to building a separate, incompatible series just for home users.", "answer": 1, "retrieved_documents": [{"content": "The home computers between 1977 and about 1995 were different from today's uniform and predictable machines. During this time it made economic sense for manufacturers to make microcomputers aimed at the home user. By simplifying the machines, and making use of household items such as television sets and cassette recorders instead of dedicated computer peripherals, the home computer allowed the consumer to own a computer at a fraction of the price of computers oriented to small business. Today, the price of microcomputers has dropped to the point where there's no advantage to building a separate, incompatible series just for home users.", "metadata": {"source": "local", "confidence": 1.0}, "score": 0.9592102766036987}, {"content": "Electronics is a discontinued American trade journal that covers the radio industry and subsequent industries from 1930 to 1995. Its first issue is dated April 1930. The periodical was published with the title Electronics until 1984, when it was changed temporarily to ElectronicsWeek, but was then reverted to the original title Electronics in 1985.  The ISSN for the corresponding periods are:  for the 1930\u20131984 issues,  for the 1984\u20131985 issues with title ElectronicsWeek, and  for the 1985\u20131995 issues. It was published by McGraw-Hill until 1988, when it was sold to the Dutch company VNU. VNU sold its American electronics magazines to Penton Publishing the next year.", "metadata": {"source": "local", "confidence": 1.0}, "score": 1.0291942358016968}, {"content": "The 2020\u2013present global chip shortage is an ongoing crisis in which the demand for integrated circuits (commonly known as semiconductor chips) is greater than the supply, affecting more than 169 industries and has led to major price increases, shortages and queues amongst consumers for automobiles, graphics cards, video game consoles, computers, and other products that require semiconductors. Commonly cited causes for the shortage include the COVID-19 pandemic, the China\u2013United States trade war, and various severe weather incidents.", "metadata": {"source": "local", "confidence": 1.0}, "score": 1.036452054977417}, {"content": "Social class is an important theme for historians of the United States fordecades. The subject touches on many other elements of American history such as that of changing U.S. education, with Greater education attainment leading to expanding household incomes for many social groups. The overall level of prosperity grew greatly in the U.S. through the 20th century as well as the 21st century, anchored in changes such as growing American advances in science and technology with American inventions such as the phonograph, the portable electric vacuum cleaner, and so on. Yet much of the debate has focused lately on whether social mobility has fallen in recent decades as income inequality has risen, what scholars such as Katherine S. Newman have called the \"American nightmare.\"", "metadata": {"source": "local", "confidence": 1.0}, "score": 1.0626925230026245}], "question": "Question:\nWhat has happened to the affordability of electronics in the US since 1990?\n\nCandidate Answers:\n1: Electronics have become more affordable in the US since 1990.\n2: Electronics have become less affordable in the US since 1990.\n3: Electronics are harder to afford than in 1990.\n4: Electronics are more expensive now than in 1990.\n\n\nThere is only one correct option. Therefore, you must choose the answer that is most likely to be correct from all candidate answers.\nYour response should only contain the number of the chosen answer. Your response cannot contain any textual content.\n", "soft_refusal": false, "hard_refusal": false}