{"evidence": "This article lists sovereign countries, territories, and supranational unions by Nobel laureates per capita. The figures include all Nobel Prizes awarded to individuals up to and including 14 October 2019. Population figures are the current values, and the number of laureates is given per 10 million. Only sovereign countries are ranked; unranked entities are marked in italics. This is a list of the Belgian Nobel laureates. The Nobel Prizes were established according to the will of the Swedish industrialist and inventor, Alfred Nobel and are awarded to individuals who have excelled in the fields of chemistry, physics, physiology or medicine, literature, economics and peace. Since 1903, 38 Swedes have been awarded the Nobel Prize where it originates. The latest winner, Tomas Lindahl, was a recipient in the field of Chemistry. This is a list of Nobel laureates who are Poles (ethnic) or Polish (citizenship). The Nobel Prize is a set of annual international awards bestowed on \"those who conferred the greatest benefit on humankind\", first instituted in 1901. Since 1903, there have been eighteen Poles who were awarded nineteen Nobel Prizes. Poles have been the recipients in all award categories: Physics, Chemistry, Physiology or Medicine, Literature, Peace and Economics.", "reason": "Based on the provided knowledge base, there is no specific information about the number of Nobel Laureates in science for each country in Europe. Therefore, it is not possible to determine which country in Europe has the most Nobel Laureates in science.", "answer": null, "retrieved_documents": [{"content": "This article lists sovereign countries, territories, and supranational unions by Nobel laureates per capita. The figures include all Nobel Prizes awarded to individuals up to and including 14 October 2019. Population figures are the current values, and the number of laureates is given per 10 million. Only sovereign countries are ranked; unranked entities are marked in italics.", "metadata": {"source": "local", "confidence": 1.0}, "score": 0.586929202079773}, {"content": "This is a list of the Belgian Nobel laureates", "metadata": {"source": "local", "confidence": 1.0}, "score": 0.6949211359024048}, {"content": "The Nobel Prizes were established according to the will of the Swedish industrialist and inventor, Alfred Nobel and are awarded to individuals who have excelled in the fields of chemistry, physics, physiology or medicine, literature, economics and peace. Since 1903, 38 Swedes have been awarded the Nobel Prize where it originates. The latest winner, Tomas Lindahl, was a recipient in the field of Chemistry.", "metadata": {"source": "local", "confidence": 1.0}, "score": 0.765664279460907}, {"content": "This is a list of Nobel laureates who are Poles (ethnic) or Polish (citizenship). The Nobel Prize is a set of annual international awards bestowed on \"those who conferred the greatest benefit on humankind\", first instituted in 1901. Since 1903, there have been eighteen Poles who were awarded nineteen Nobel Prizes. Poles have been the recipients in all award categories: Physics, Chemistry, Physiology or Medicine, Literature, Peace and Economics.", "metadata": {"source": "local", "confidence": 1.0}, "score": 0.7924710512161255}], "question": "Question:\nWhich country in Europe has the most Nobel Laureates in science?\n\nCandidate Answers:\n1: The country with the most Nobel Laureates in science is the United Kingdom.\n2: The country with the most Nobel Laureates in science is the United States.\n3: The United States.\n4: The US has the most in science.\n5: The USA has the most Laureates in science.\n6: The country with the most Nobel Laureates in science is France.\n7: The country with the most Nobel Laureates in science is Germany.\n\n\nThere is only one correct option. Therefore, you must choose the answer that is most likely to be correct from all candidate answers.\nYour response should only contain the number of the chosen answer. Your response cannot contain any textual content.\n", "soft_refusal": true, "hard_refusal": false}