{"evidence": "The climate of Pennsylvania is diverse due to the multitude of geographic features found within the state. Straddling two major climate zones, the southeastern corner of Pennsylvania has the warmest climate. A portion of Greater Philadelphia lies at the southernmost tip of the humid continental climate zone, with the city proper being in the humid subtropical climate zone. Still, Philadelphia features colder, snowier winters than most locations with a humid subtropical climate. Moving west toward the mountainous interior of the state, the climate becomes markedly colder, the number of cloudy days increases, and winter snowfall amounts are greater.", "reason": "Based on the evidence, Philadelphia has colder, snowier winters than most locations with a humid subtropical climate. However, there is no specific information about the winter weather in Paris in the knowledge base.", "answer": null, "retrieved_documents": [{"content": "The climate of Pennsylvania is diverse due to the multitude of geographic features found within the state.  Straddling two major climate zones, the southeastern corner of Pennsylvania has the warmest climate.  A portion of Greater Philadelphia lies at the southernmost tip of the humid continental climate zone, with the city proper being in the humid subtropical climate zone. Still, Philadelphia features colder, snowier winters than most locations with a humid subtropical climate. Moving west toward the mountainous interior of the state, the climate becomes markedly colder, the number of cloudy days increases, and winter snowfall amounts are greater.", "metadata": {"source": "local", "confidence": 1.0}, "score": 0.8015162348747253}, {"content": "The climate of Allentown, Pennsylvania is classified as a humid continental climate (K\u00f6ppen Dfa).  Allentown's warmest month (on average) is July with a daily average temperature of  and the coldest month (on average) being January with a daily average of .  The average precipitation of Allentown is  per year. Allentown occasionally has some severe weather, mostly thunderstorms and flooding.  Winters can bring snow, with some years receiving very little of it while others seeing several major snowstorms (often Nor'easters).  Winter also brings the more dangerous ice, sleet, and freezing rain, which has caused several traffic accidents over the years.  Tropical storms and hurricanes occasionally survive up the coast of the Atlantic Ocean and cross into Pennsylvania. Storms such as Hurricane Ivan and more recently Hurricane Sandy have caused light to severe damage in the area.", "metadata": {"source": "local", "confidence": 1.0}, "score": 0.9265642166137695}, {"content": "The climate of Chicago is classified as hot-summer humid continental (K\u00f6ppen: Dfa). All four seasons are distinctly represented: Winters are cold and see frequent snow and near  windchill temperatures, while summers are warm and humid with temperatures being hotter inland, spring and fall bring bouts of both cool and warm weather and fairly sunny skies. Annual precipitation in Chicago is moderate and relatively evenly distributed, the driest months being January and February and the wettest July and August. Chicago's weather is influenced during all four seasons by the nearby presence of Lake Michigan.", "metadata": {"source": "local", "confidence": 1.0}, "score": 0.9846519231796265}, {"content": "The 2018\u201319 European winter occurred from late 2018 to early 2019. Notable events included the early snows in Spain and intense flooding in Italy, in cities such as Venice, the intense snow storms which affected central Europe in January, the snow storms in Greece over the New Year period, as well as the end of February. As well as severe winter weather, there was also exceptional warmth across western Europe in the last week of February. Parts of France had their warmest February day on record, with temperatures up to  at Eus on the 27th. Many places in the United Kingdom also broke temperature records, including the national record in Kew Gardens, at  on the 26th. Unlike previous winters, a developing El Ni\u00f1o was expected to influence weather patterns across Europe, although the affect is not fully known.", "metadata": {"source": "local", "confidence": 1.0}, "score": 0.9899654388427734}], "question": "Question:\nWhat is the winter weather like in Paris compared to Philadelphia?\n\nCandidate Answers:\n1: The winter in Philadelphia is colder and has more snow.\n2: The winter in Paris is colder and has more snow.\n3: Philadelphia is less cold than Paris in winter.\n4: The winter in Paris is cooler than Philadelphia.\n5: Paris is colder than Philadelphia.\n6: The weather in Philadelphia is milder in winter than Paris.\n\n\nThere is only one correct option. Therefore, you must choose the answer that is most likely to be correct from all candidate answers.\nYour response should only contain the number of the chosen answer. Your response cannot contain any textual content.\n", "soft_refusal": true, "hard_refusal": false}