{"evidence": "Diamond is the allotrope of carbon in which the carbon atoms are arranged in the specific type of cubic lattice called diamond cubic. Diamond is crystal that is transparent to opaque and which is generally isotropic (no or very weak birefringence). Diamond is the hardest naturally occurring material known. Yet, due to important structural brittleness, bulk diamond's toughness is only fair to good. The precise tensile strength of bulk diamond is little known; however, compressive strength up to has been observed, and it could be as high as in the form of micro/nanometer-sized wires or needles (~ in diameter, micrometers long), with a corresponding maximum tensile elastic strain in excess of 9%. The anisotropy of diamond hardness is carefully considered during diamond cutting. Diamond has a high refractive index (2.417) and moderate dispersion (0.044) properties that give cut diamonds their brilliance. Scientists classify diamonds into four main types according to the nature of crystallographic defects present. Trace impurities substitutionally replacing carbon atoms in a diamond's crystal structure, and in some cases structural defects, are responsible for the wide range of colors seen in diamond. Most diamonds are electrical insulators and extremely efficient thermal conductors. Unlike many other minerals, the specific gravity of diamond crystals (3.52) has rather small variation from diamond to diamond.", "reason": "Based on the evidence provided, there is no specific information about the lifespan or durability of diamonds.", "answer": null, "retrieved_documents": [{"content": "Diamonds Are Forever may refer to:", "metadata": {"source": "local", "confidence": 1.0}, "score": 0.7054349780082703}, {"content": "Diamond is the allotrope of carbon in which the carbon atoms are arranged in the specific type of cubic lattice called diamond cubic. Diamond is crystal that is transparent to opaque and which is generally isotropic (no or very weak birefringence). Diamond is the hardest naturally occurring material known. Yet, due to important structural brittleness, bulk diamond's toughness is only fair to good. The precise tensile strength of bulk diamond is little known; however, compressive strength up to  has been observed, and it could be as high as  in the form of micro/nanometer-sized wires or needles (~ in diameter, micrometers long), with a corresponding maximum tensile elastic strain in excess of 9%. The anisotropy of diamond hardness is carefully considered during diamond cutting. Diamond has a high refractive index (2.417) and moderate dispersion (0.044) properties that give cut diamonds their brilliance. Scientists classify diamonds into four main types according to the nature of crystallographic defects present. Trace impurities substitutionally replacing carbon atoms in a diamond's crystal structure, and in some cases structural defects, are responsible for the wide range of colors seen in diamond. Most diamonds are electrical insulators and extremely efficient thermal conductors. Unlike many other minerals, the specific gravity of diamond crystals (3.52) has rather small variation from diamond to diamond.", "metadata": {"source": "local", "confidence": 1.0}, "score": 0.9015988111495972}, {"content": "Diamond is one of the best-known and most sought-after gemstones. They have been used as decorative items since ancient times.", "metadata": {"source": "local", "confidence": 1.0}, "score": 0.913132905960083}, {"content": "The value of diamonds as an investment is of significant interest to the general public, because they are expensive gemstones, often purchased in engagement rings, due in part to a successful 20th-century marketing campaign by De Beers. The difficulty of properly assessing the value of an individual gem-quality diamond complicates the situation. The end of the De Beers monopoly and new diamond discoveries in the second half of the 20th century have reduced the resale value of diamonds.  Recessions have engendered greater interest in investments that exhibit safe-haven or hedging properties that are uncorrelated to investments in the equities markets.  Academic studies have indicated that investments in physical diamonds exhibit greater safe-haven characteristics than investments in diamond indices.", "metadata": {"source": "local", "confidence": 1.0}, "score": 0.9249317646026611}], "question": "Question:\nHow long do diamonds last?\n\nCandidate Answers:\n1: Diamonds last between 1 and 4 billion years.\n2: Diamonds are forever.\n3: Diamonds last for ten years.\n4: Diamonds last for 100 years.\n5: Diamonds are indestructible.\n\n\nThere is only one correct option. Therefore, you must choose the answer that is most likely to be correct from all candidate answers.\nYour response should only contain the number of the chosen answer. Your response cannot contain any textual content.\n", "soft_refusal": true, "hard_refusal": false}