{"evidence": "The University of Wales (Welsh: Prifysgol Cymru) is a confederal university based in Cardiff, Wales. Founded by Royal Charter in 1893 as a federal university with three constituent colleges \u2013 Aberystwyth, Bangor and Cardiff \u2013 the university was the first university established in Wales, one of the four countries in the United Kingdom. The university was, prior to the break up of the federation, the second largest university in the UK.", "reason": "The evidence states that the University of Wales is a confederal university based in Cardiff, Wales. It was founded in 1893 with three constituent colleges, including Aberystwyth. Therefore, the answer is Aberystwyth.", "answer": 13, "retrieved_documents": [{"content": "The University of Wales (Welsh: Prifysgol Cymru) is a confederal university based in Cardiff, Wales. Founded by Royal Charter in 1893 as a federal university with three constituent colleges \u2013 Aberystwyth, Bangor and Cardiff \u2013 the university was the first university established in Wales, one of the four countries in the United Kingdom. The university was, prior to the break up of the federation, the second largest university in the UK.", "metadata": {"source": "local", "confidence": 1.0}, "score": 0.5301812887191772}, {"content": "The University of Wales Registry () is the administrative headquarters of the University of Wales, located in Cathays Park, Cardiff, Wales.", "metadata": {"source": "local", "confidence": 1.0}, "score": 0.558498740196228}, {"content": "The University of Wales Trinity Saint David () is a multi-campus university with three main campuses in South West Wales, in Carmarthen, Lampeter and Swansea, a fourth campus in London, England, and learning centres in Cardiff, Wales, and Birmingham, England.", "metadata": {"source": "local", "confidence": 1.0}, "score": 0.6035119295120239}, {"content": "Wrexham Glynd\u0175r University (, ) is a public research university, in Wales, with campuses in Wrexham, Northop and St Asaph. It offers both undergraduate and postgraduate degrees, as well as professional courses. The university had  students in .", "metadata": {"source": "local", "confidence": 1.0}, "score": 0.6035541892051697}], "question": "Question:\nThe Welsh describe it as \"one of our most famous universities that often tops the ranking of our undergraduate institutions, with classical architecture and modern buildings, a law school, and a campus in an urban setting in a major city\". What is the name of the university?\n\nCandidate Answers:\n1: Cardiff University.\n2: Harvard University.\n3: Harvard.\n4: Oxford University.\n5: Yale.\n6: Yale University.\n7: Princeton.\n8: Princeton University.\n9: Berkeley.\n10: Columbia University.\n11: Cambridge.\n12: The University of Wales, Aberystwyth.\n13: Aberystwyth.\n\n\nThere is only one correct option. Therefore, you must choose the answer that is most likely to be correct from all candidate answers.\nYour response should only contain the number of the chosen answer. Your response cannot contain any textual content.\n", "soft_refusal": false, "hard_refusal": false}