{"evidence": "The United States Declaration of Independence, formally The unanimous Declaration of the thirteen States of America, is the pronouncement adopted by the Second Continental Congress meeting in Philadelphia, Pennsylvania, on July 4, 1776. Enacted during the American Revolution, the Declaration explains why the Thirteen Colonies at war with the Kingdom of Great Britain regarded themselves as thirteen independent sovereign states, no longer under British rule. With the Declaration, these new states took a collective first step in forming the United States of America. The declaration was signed by 56 of America's Founding Fathers, congressional representatives from New Hampshire, Massachusetts Bay, Rhode Island and Providence Plantations, Connecticut, New York, New Jersey, Pennsylvania, Maryland, Delaware, Virginia, North Carolina, South Carolina, and Georgia.", "reason": "The evidence states that the Declaration of Independence was adopted on July 4, 1776, and was signed by 56 Founding Fathers.", "answer": 2, "retrieved_documents": [{"content": "The United States Declaration of Independence, formally The unanimous Declaration of the thirteen  States of America, is the pronouncement adopted by the Second Continental Congress meeting in Philadelphia, Pennsylvania, on July 4, 1776. Enacted during the American Revolution, the Declaration explains why the Thirteen Colonies at war with the Kingdom of Great Britain regarded themselves as thirteen independent sovereign states, no longer under British rule. With the Declaration, these new states took a collective first step in forming the United States of America. The declaration was signed by 56 of America's Founding Fathers, congressional representatives from New Hampshire, Massachusetts Bay, Rhode Island and Providence Plantations, Connecticut, New York, New Jersey, Pennsylvania, Maryland, Delaware, Virginia, North Carolina, South Carolina, and Georgia.", "metadata": {"source": "local", "confidence": 1.0}, "score": 0.5540179014205933}, {"content": "The Solemn Act of Northern America's Declaration of Independence () is the first Mexican legal historical document which established the separation of Mexico from Spanish rule.  It was signed on November 6, 1813, by the deputies of the Congress of An\u00e1huac, organized by General Jos\u00e9 Mar\u00eda Morelos in the city of Oaxaca in June of that same year, and later installed in the city of Chilpancingo on September 13.", "metadata": {"source": "local", "confidence": 1.0}, "score": 0.5791904330253601}, {"content": "The Texas Declaration of Independence was the formal declaration of independence of the Republic of Texas from Mexico in the Texas Revolution. It was adopted at the Convention of 1836 at Washington-on-the-Brazos on March 2, 1836, and was formally signed the next day after mistakes were noted in the text.", "metadata": {"source": "local", "confidence": 1.0}, "score": 0.6503431797027588}, {"content": "The Goliad Declaration of Independence was signed on December 20, 1835 at Presidio La Bah\u00eda in Mexican Texas.", "metadata": {"source": "local", "confidence": 1.0}, "score": 0.657986581325531}], "question": "Question:\nOn what date was the Declaration of Independence officially signed?\n\nCandidate Answers:\n1: The Declaration of Independence was signed on August 2, 1776.\n2: The Declaration of Independence was signed on July 4, 1776.\n3: The Declaration of Independence was signed on January 20, 1776.\n4: The Declaration of Independence was signed on July 19, 1776.\n5: The Declaration of Independence was not signed on August 2. Instead, it was signed on July 4, 1776.\n\n\nThere is only one correct option. Therefore, you must choose the answer that is most likely to be correct from all candidate answers.\nYour response should only contain the number of the chosen answer. Your response cannot contain any textual content.\n", "soft_refusal": false, "hard_refusal": false}