{"evidence": "The knowledge base contains phrases that refer to different meanings of 'Who Am I?'", "reason": "Based on the knowledge base, it is not possible to determine who I am.", "answer": null, "retrieved_documents": [{"content": "Who Am I? or Who Am I may refer to:", "metadata": {"source": "local", "confidence": 1.0}, "score": 0.8528754115104675}, {"content": "Tell Me Who You Are may refer to:", "metadata": {"source": "local", "confidence": 1.0}, "score": 0.8624989986419678}, {"content": "This Is Who I Am may refer to:", "metadata": {"source": "local", "confidence": 1.0}, "score": 0.9142155647277832}, {"content": "Who You Are may refer to:", "metadata": {"source": "local", "confidence": 1.0}, "score": 0.9602926969528198}], "question": "Question:\nWho are you?\n\nCandidate Answers:\n1: I am an artificial intelligence.\n2: I am a human.\n3: I am a computer.\n4: I am a person.\n5: I am an engineer.\n6: I am your friend.\n\n\nThere is only one correct option. Therefore, you must choose the answer that is most likely to be correct from all candidate answers.\nYour response should only contain the number of the chosen answer. Your response cannot contain any textual content.\n", "soft_refusal": true, "hard_refusal": false}