{"evidence": "The Indo-European languages include some 449 (SIL estimate, 2018 edition) language families spoken by about or more than 3.5 billion people (roughly half of the world population). Most of the major languages belonging to language branches and groups of Europe, and western and southern Asia, belong to the Indo-European language family. Therefore, Indo-European is the biggest language family in the world by number of mother tongue speakers (but not by number of languages in which it is the 3rd or 5th biggest). Eight of the top ten biggest languages, by number of native speakers, are Indo-European.", "reason": "Based on the evidence, the Indo-European language family is the biggest language family in the world by number of mother tongue speakers. Therefore, the language with the highest number of total speakers in the world that is not an official language of the U.S. is most likely to be an Indo-European language.", "answer": 2, "retrieved_documents": [{"content": "Although the United States does not have an official language, the most commonly used language is English (specifically, American English), which is the de facto national language, and the only one spoken at home by approximately 78% of the U.S. population. Many other languages are also spoken at home, especially Spanish (13.4% of the population), according to the American Community Survey (ACS) of the U.S. Census Bureau; these include indigenous languages and languages brought to the U.S. by people from Europe, Africa, and Asia. However, the majority of speakers of these languages are bilingual and also speak English. Although 21.6% of U.S. residents report that they speak a language other than English at home, only 8.4% speak English less than \"very well.\" Several other languages, notably creoles and sign languages, have developed in the United States. Approximately 430 languages are spoken or signed by the population, of which 177 are indigenous to the area. Fifty-two languages formerly spoken in the country's territory are now extinct.", "metadata": {"source": "local", "confidence": 1.0}, "score": 0.6201852560043335}, {"content": "This is a list of languages by total number of speakers.", "metadata": {"source": "local", "confidence": 1.0}, "score": 0.6916049718856812}, {"content": "Below is a list of languages without official status (or minority languages) with at least two million speakers, ordered by the number of total speakers. Unless otherwise noted, data of speakers are incorporated from Ethnologue.", "metadata": {"source": "local", "confidence": 1.0}, "score": 0.7197403907775879}, {"content": "The Indo-European languages include some 449 (SIL estimate, 2018 edition) language families spoken by about or more than 3.5 billion people (roughly half of the world population). Most of the major languages belonging to language branches and groups of Europe, and western and southern Asia, belong to the Indo-European language family. Therefore, Indo-European is the biggest language family in the world by number of mother tongue speakers (but not by number of languages in which it is the 3rd or 5th biggest). Eight of the top ten biggest languages, by number of native speakers, are Indo-European. One of these languages, English, is the de facto World Lingua Franca with an estimate of over one billion second language speakers.", "metadata": {"source": "local", "confidence": 1.0}, "score": 0.7686567902565002}], "question": "Question:\nWhat is the language with the highest number of total speakers in the world that is not an official language of the U.S.?\n\nCandidate Answers:\n1: The language with the highest number of total speakers in the world that is not an official language of the U.S. is English.\n2: The language with the highest number of total speakers in the world that is not an official language of the U.S. is Mandarin Chinese.\n3: The language with the highest number of total speakers in the world that is not an official language of the U.S. is Spanish.\n4: The language with the highest number of total speakers in the world that is not an official language of the U.S. is Hindi.\n5: The language with the highest number of total speakers in the world that is not an official language of the U.S. is Arabic.\n6: The language with the highest number of total speakers in the world that is not an official language of the U.S. is Bengali.\n\n\nThere is only one correct option. Therefore, you must choose the answer that is most likely to be correct from all candidate answers.\nYour response should only contain the number of the chosen answer. Your response cannot contain any textual content.\n", "soft_refusal": false, "hard_refusal": false}