{"evidence": "Sir Joseph Wilson Swan, Mathew Evans, Alexander Nikolayevich Lodygin, and Albon Man are all associated with the invention of the incandescent light bulb.", "reason": "Based on the evidence provided, it is clear that multiple inventors were involved in the development of the incandescent light bulb.", "answer": 1, "retrieved_documents": [{"content": "Sir Joseph Wilson Swan FRS (31 October 1828\u00a0\u2013 27 May 1914) was an English physicist, chemist, and inventor. He is known as an independent early developer of a successful incandescent light bulb, and is the person responsible for developing and supplying the first incandescent lights used to illuminate homes and public buildings, including the Savoy Theatre, London, in 1881.", "metadata": {"source": "local", "confidence": 1.0}, "score": 0.5220065712928772}, {"content": "Mathew Evans is one of two Canadians who developed and patented an incandescent light bulb, on July 24, 1874, five years before Thomas Alva Edison's U.S. patent on the device.", "metadata": {"source": "local", "confidence": 1.0}, "score": 0.6050242185592651}, {"content": "Alexander Nikolayevich Lodygin, known after immigration to US as Alexandre de Lodyguine (; 18 October 1847 \u2013 16 March 1923) was a Russian electrical engineer and inventor, one of the inventors of the incandescent light bulb.", "metadata": {"source": "local", "confidence": 1.0}, "score": 0.6131168007850647}, {"content": "Albon Man (June 29, 1826 \u2013 February 18, 1905) was an American lawyer, scientist, and inventor who was associated with the early technology of the incandescent light bulb. He worked with William Edward Sawyer to develop inventions. He was a scientist and came up with ideas for potential inventions that would be useful for commercial products. Sawyer then worked out the mechanics of Man's ideas to make a workable product. Many of these then were patented by them, including the electric light system, which is the cornerstone of modern methods of electrical distribution.", "metadata": {"source": "local", "confidence": 1.0}, "score": 0.6131862998008728}], "question": "Question:\nWho invented the light bulb?\n\nCandidate Answers:\n1: Many inventors are credited with the invention of incandescent lamps prior to Thomas Edison.\n2: Thomas Edison invented the light bulb.\n3: Nikola Tesla invented the light bulb.\n4: Joseph Swan invented the light bulb.\n\n\nThere is only one correct option. Therefore, you must choose the answer that is most likely to be correct from all candidate answers.\nYour response should only contain the number of the chosen answer. Your response cannot contain any textual content.\n", "soft_refusal": false, "hard_refusal": false}