{"evidence": "Snakes are elongated, limbless, carnivorous reptiles of the suborder Serpentes. Like all other squamates, snakes are ectothermic, amniote vertebrates covered in overlapping scales. Many species of snakes have skulls with several more joints than their lizard ancestors, enabling them to swallow prey much larger than their heads with their highly mobile jaws. To accommodate their narrow bodies, snakes' paired organs (such as kidneys) appear one in front of the other instead of side by side, and most have only one functional lung. Some species retain a pelvic girdle with a pair of vestigial claws on either side of the cloaca. Lizards have evolved elongate bodies without limbs or with greatly reduced limbs about twenty-five times independently via convergent evolution, leading to many lineages of legless lizards. These resemble snakes, but several common groups of legless lizards have eyelids and external ears, which snakes lack, although this rule is not universal (see Amphisbaenia, Dibamidae, and Pygopodidae).", "reason": "The evidence provided describes the physical characteristics and behaviors of snakes, including their elongated, limbless bodies and their ability to swallow prey much larger than their heads. However, there is no specific mention of snakes stretching out near other animals in the knowledge base.", "answer": null, "retrieved_documents": [{"content": "Snakes, like other reptiles, have skin covered in scales. Snakes are entirely covered with scales or scutes of various shapes and sizes, known as snakeskin as a whole. A scale protects the body of the snake, aids it in locomotion, allows moisture to be retained within, alters the surface characteristics such as roughness to aid in camouflage, and in some cases even aids in prey capture (such as Acrochordus). The simple or complex colouration patterns (which help in camouflage and anti-predator display) are a property of the underlying skin, but the folded nature of scaled skin allows bright skin to be concealed between scales then revealed in order to startle predators.", "metadata": {"source": "local", "confidence": 1.0}, "score": 0.6575566530227661}, {"content": "Snakes are elongated, limbless, carnivorous reptiles of the suborder Serpentes . Like all other squamates, snakes are ectothermic, amniote vertebrates covered in overlapping scales. Many species of snakes have skulls with several more joints than their lizard ancestors, enabling them to swallow prey much larger than their heads with their highly mobile jaws. To accommodate their narrow bodies, snakes' paired organs (such as kidneys) appear one in front of the other instead of side by side, and most have only one functional lung. Some species retain a pelvic girdle with a pair of vestigial claws on either side of the cloaca. Lizards have evolved elongate bodies without limbs or with greatly reduced limbs about twenty-five times independently via convergent evolution, leading to many lineages of legless lizards. These resemble snakes, but several common groups of legless lizards have eyelids and external ears, which snakes lack, although this rule is not universal (see Amphisbaenia, Dibamidae, and Pygopodidae).", "metadata": {"source": "local", "confidence": 1.0}, "score": 0.705058217048645}, {"content": "Most snakes have a longitudinal groove on the underside of the head between large, paired chin shields and smaller gular scales. This is referred to as Mental groove.", "metadata": {"source": "local", "confidence": 1.0}, "score": 0.71052086353302}, {"content": "Constriction is a method used by various snake species to kill or subdue their prey. Although some species of venomous and mildly venomous snakes do use constriction to subdue their prey, most snakes which use constriction lack venom. The snake initially strikes at its prey and holds on, pulling the prey into its coils or, in the case of very large prey, pulling itself onto the prey. The snake will then wrap one or two loops around the prey, forming a constriction coil. The snake will monitor the prey's heartbeat to ascertain when it is dead.", "metadata": {"source": "local", "confidence": 1.0}, "score": 0.735958456993103}], "question": "Question:\nWhy do snakes stretch out near other animals?\n\nCandidate Answers:\n1: Snakes stretch out near other animals for warmth.\n2: Snakes stretch out near other animals to size up their prey.\n3: Snakes stretch out near other animals to check the length of their prey.\n4: Snakes stretch out near other animals to compare sizes.\n5: Snakes stretch out near other animals to see if they're large enough to swallow the other animals.\n\n\nThere is only one correct option. Therefore, you must choose the answer that is most likely to be correct from all candidate answers.\nYour response should only contain the number of the chosen answer. Your response cannot contain any textual content.\n", "soft_refusal": true, "hard_refusal": false}