{"evidence": "The British business newspaper Financial Times each year nominates a \"Person of the Year\" to the person the newspaper has considered has demonstrated considerable influence in a given year. There appear to have been a number of instances (1971, 1979, 1995) when no person was nominated. Person of the Year (called Man of the Year or Woman of the Year until 1999) is an annual issue of the United States news magazine and website Time featuring a person, a group, an idea, or an object that \"for better or for worse... has done the most to influence the events of the year\". Time also runs an annual reader's poll that has no effect on the selection, which is made solely by the magazine's editors.", "reason": "Based on the information provided, we know that Time's Person of the Year is selected solely by the magazine's editors. Therefore, we can determine the most recent U.S. president who was not selected as Time's Person of the Year by checking the list of U.S. presidents and their respective terms.", "answer": 4, "retrieved_documents": [{"content": "The British business newspaper Financial Times each year nominates a \"Person of the Year\" to the person the newspaper has considered has demonstrated considerable influence in a given year. There appear to have been a number of instances (1971, 1979, 1995) when no person was nominated.", "metadata": {"source": "local", "confidence": 1.0}, "score": 0.7648095488548279}, {"content": "Person of the Year (called Man of the Year or Woman of the Year until 1999) is an annual issue of the United States news magazine and website Time featuring a person, a group, an idea, or an object that \"for better or for worse... has done the most to influence the events of the year\". Time also runs an annual reader's poll that has no effect on the selection, which is made solely by the magazine's editors.", "metadata": {"source": "local", "confidence": 1.0}, "score": 0.9652445316314697}, {"content": "The following lists of presidents are available:", "metadata": {"source": "local", "confidence": 1.0}, "score": 0.9911998510360718}, {"content": "This is a list of incumbent presidents in any country who ran for another term in office but were not reelected.", "metadata": {"source": "local", "confidence": 1.0}, "score": 0.9978781342506409}], "question": "Question:\nWho was the most recent U.S. president who was not selected as Time's Person of the Year?\n\nCandidate Answers:\n1: Gerald Ford was the most recent U.S. president who was not selected as Time's Person of the Year.\n2: Joe Biden was the most recent U.S. president who was not selected as Time's Person of the Year.\n3: Barack Obama was the most recent U.S. president who was not selected as Time's Person of the Year.\n4: Donald Trump was the most recent U.S. president who was not selected as Time's Person of the Year.\n5: George W. Bush was the most recent U.S. president who was not selected as Time's Person of the Year.\n6: Bill Clinton was the most recent U.S. president who was not selected as Time's Person of the Year.\n7: All presidents have been selected as Time's Person of the Year.\n\n\nThere is only one correct option. Therefore, you must choose the answer that is most likely to be correct from all candidate answers.\nYour response should only contain the number of the chosen answer. Your response cannot contain any textual content.\n", "soft_refusal": false, "hard_refusal": false}