{"evidence": "The Evil Queen, also known as the Wicked Queen, Queen Grimhilde, or just the Queen, is a fictional character who appears as the main villainess in Walt Disney Productions' 1st animated feature film Snow White and the Seven Dwarfs (1937) and remains a villain character in their extended Snow White franchise. She is based on the Evil Queen character from the 1812 German fairy tale, \"Snow White\".", "reason": "Based on the knowledge provided, it is mentioned that the Evil Queen appears in the 1937 film Snow White and the Seven Dwarfs. However, the exact words that the Queen says to her mirror are not mentioned in the knowledge base.", "answer": null, "retrieved_documents": [{"content": "Mirror Mirror is a 2012 American fantasy comedy film based on the fairy tale \"Snow White\" collected by the Brothers Grimm.", "metadata": {"source": "local", "confidence": 1.0}, "score": 0.8185802698135376}, {"content": "The Snow Queen: Mirrorlands () is a 2018 Russian 3D computer-animated fantasy adventure family film written by Andrey Korenkov, Robert Lence and directed by Robert Lence and Aleksey Tsitsilin. Wizart Animation took charge of design while Boris Mashkovtsev, Yuri Moskvin, , Pavel Stepanov and Vadim Vereshchagin produced the film. The film stars the voices of  as Gerda and Nikolay Bystrov, Filipp Lebedev, Lyasan Utiasheva, , , , , , , , Mikhail Yuryevich Tikhonov in supporting roles.", "metadata": {"source": "local", "confidence": 1.0}, "score": 0.8585039377212524}, {"content": "\"Heigh-Ho\" is a song from Walt Disney's 1937 animated film Snow White and the Seven Dwarfs, written by Frank Churchill (music) and Larry Morey (lyrics). It is sung by the group of Seven Dwarfs as they work at a mine with diamonds and rubies, and is one of the best-known songs in the film. It is also the first appearance of the seven dwarfs. The other Dwarf Chorus songs are \"Bluddle-Uddle-Um-Dum\" (the washing-up song) and \"The Silly Song\".", "metadata": {"source": "local", "confidence": 1.0}, "score": 0.8711895942687988}, {"content": "The Evil Queen, also known as the Wicked Queen, Queen Grimhilde, or just the Queen, is a fictional character who appears as the main villainess in Walt Disney Productions' 1st animated feature film Snow White and the Seven Dwarfs (1937) and remains a villain character in their extended Snow White franchise. She is based on the Evil Queen character from the 1812 German fairy tale, \"Snow White\".", "metadata": {"source": "local", "confidence": 1.0}, "score": 0.8738148212432861}], "question": "Question:\nWhat are the exact words that the Queen says to her mirror in the 1937 film \"Snow White and the Seven Dwarfs\"?\n\nCandidate Answers:\n1: Magic mirror on the wall, who is the fairest one of all.\n2: Mirror, mirror, on the wall, who is the fairest one of all.\n3: Mirror, mirror, on the wall, who is the fairest of them all.\n4: Mirror, mirror, on the wall, who is the most beautiful in the whole country.\n\n\nThere is only one correct option. Therefore, you must choose the answer that is most likely to be correct from all candidate answers.\nYour response should only contain the number of the chosen answer. Your response cannot contain any textual content.\n", "soft_refusal": true, "hard_refusal": false}