{"evidence": "The climate of London features a temperate oceanic variety (Cfb). This gives the city cool winters, warm summers with frequent precipitation all year round. London has a very rich history of meteorological observations, with precipitation records beginning as early as January 1697 at Kew Gardens. Irregular observations were made at multiple locations in the ensuing years. An observing station has been located at Greenwich since 1841, giving London its longest continuous reliable temperature series. Other stations include Heathrow, beginning in 1948, Hampstead, beginning in 1910, Northolt, beginning in 1948, and St James's Park, beginning in 1910.", "reason": "Based on the evidence, we know that London has cool winters. However, there is no specific information about the winter temperatures in New York in the knowledge base.", "answer": null, "retrieved_documents": [{"content": "The climate of New York state is generally humid continental, while the extreme southeastern portion of the state (New York City and Long Island area) lies in the warmer humid subtropical climate zone.  Winter temperatures average below freezing during January and February in much of New York state, but several degrees above freezing along the Atlantic coastline, including New York City.", "metadata": {"source": "local", "confidence": 1.0}, "score": 0.8829137086868286}, {"content": "The 2018\u201319 European winter occurred from late 2018 to early 2019. Notable events included the early snows in Spain and intense flooding in Italy, in cities such as Venice, the intense snow storms which affected central Europe in January, the snow storms in Greece over the New Year period, as well as the end of February. As well as severe winter weather, there was also exceptional warmth across western Europe in the last week of February. Parts of France had their warmest February day on record, with temperatures up to  at Eus on the 27th. Many places in the United Kingdom also broke temperature records, including the national record in Kew Gardens, at  on the 26th. Unlike previous winters, a developing El Ni\u00f1o was expected to influence weather patterns across Europe, although the affect is not fully known.", "metadata": {"source": "local", "confidence": 1.0}, "score": 0.9336279630661011}, {"content": "The United Kingdom straddles the higher mid-latitudes between 49\u00b0 and 61\u00b0N on the western seaboard of Europe. Since the UK is always in or close to the path of the polar front jet stream, frequent changes in pressure and unsettled weather are typical. Many types of weather can be experienced in a single day. In general the climate of the UK is cool and often cloudy and rainy.  High temperatures are infrequent.", "metadata": {"source": "local", "confidence": 1.0}, "score": 0.9500380754470825}, {"content": "The climate of London features a temperate oceanic variety (Cfb). This gives the city cool winters, warm summers with frequent precipitation all year round. London has a very rich history of meteorological observations, with precipitation records beginning as early as January 1697 at Kew Gardens. Irregular observations were made at multiple locations in the ensuing years. An observing station has been located at Greenwich since 1841, giving London its longest continuous reliable temperature series. Other stations include Heathrow, beginning in 1948, Hampstead, beginning in 1910, Northolt, beginning in 1948, and St James's Park, beginning in 1910.", "metadata": {"source": "local", "confidence": 1.0}, "score": 0.9635642170906067}], "question": "Question:\nWhat are winters like in London vs New York?\n\nCandidate Answers:\n1: The winter in New York is colder and has more snow.\n2: The winter in London is colder and has more snow.\n3: New York is less cold than London in winter.\n4: The winter in London is cooler than New York.\n5: London is colder than New York.\n6: The weather in New York is milder in winter than London.\n\n\nThere is only one correct option. Therefore, you must choose the answer that is most likely to be correct from all candidate answers.\nYour response should only contain the number of the chosen answer. Your response cannot contain any textual content.\n", "soft_refusal": false, "hard_refusal": false}