{"evidence": "Pocahontas was a Pamunkey Algonquian chief's daughter from early American history. Pocahontas (, ; born Amonute, known as Matoaka,  1596 \u2013 March 1617) was a Native American woman, belonging to the Powhatan people, notable for her association with the colonial settlement at Jamestown, Virginia. She was the daughter of Powhatan, the paramount chief of a network of tributary tribes in the Tsenacommacah, encompassing the Tidewater region of Virginia. Pocahontas is captured and held hostage by the English. She is converted to Christianity and marries Rolfe, played by Frank H. Crane.", "reason": "Based on the evidence, Pocahontas is captured and held hostage by the English. She is converted to Christianity and marries Rolfe, played by Frank H. Crane.", "answer": 1, "retrieved_documents": [{"content": "Pocahontas was a Pamunkey Algonquian chief's daughter from early American history.", "metadata": {"source": "local", "confidence": 1.0}, "score": 0.5838296413421631}, {"content": "Pocahontas (, ; born Amonute, known as Matoaka,  1596 \u2013 March 1617) was a Native American woman, belonging to the Powhatan people, notable for her association with the colonial settlement at Jamestown, Virginia. She was the daughter of Powhatan, the paramount chief of a network of tributary tribes in the Tsenacommacah, encompassing the Tidewater region of Virginia.", "metadata": {"source": "local", "confidence": 1.0}, "score": 0.61463862657547}, {"content": "Pocahontas (1837\u20131870) was an English Thoroughbred racehorse and the dam of three sires who had a great influence on the breed. Although mares are not generally considered to be as influential as sires, Thoroughbred Heritage refers to Pocahontas as \"one of the most influential Thoroughbreds of all time, male or female.\"", "metadata": {"source": "local", "confidence": 1.0}, "score": 0.7182328104972839}, {"content": "Pocahontas is a 1910 American silent short drama produced by the Thanhouser Company. The scenario was written by Lloyd Lonergan based on Lydia Sigourney's 1841 Pocahontas poem. The film is a retelling of the well-known story of Pocahontas, played by Anna Rosemond who saves the life of Captain John Smith, played by George Barnes. Pocahontas is captured and held hostage by the English. She is converted to Christianity and marries Rolfe, played by Frank H. Crane. Pocahontas then sickens and dies, spending her last hours wishing to return to her native home. Released on October 11, 1910, the film was met with praise by most reviewers. It is believed that a replica of Hendrik Hudson's ship, Halve Maen, was used for the opening scene to establish the Jamestown landing. Though minor costuming and historical accuracy errors were pointed out, the film was praised as being of the highest quality of any Independent company. The film is presumed lost.", "metadata": {"source": "local", "confidence": 1.0}, "score": 0.7425218820571899}], "question": "Question:\nWho did Pocahontas marry?\n\nCandidate Answers:\n1: Pocahontas married John Rolfe.\n2: Pocahontas married John Smith.\n3: Pocahontas married the colonist Captain John Smith.\n4: Although the Disney film Pocahontas focused on a relationship with John Rolfe, she actually married John Smith.\n\n\nThere is only one correct option. Therefore, you must choose the answer that is most likely to be correct from all candidate answers.\nYour response should only contain the number of the chosen answer. Your response cannot contain any textual content.\n", "soft_refusal": false, "hard_refusal": false}