{"evidence": "The knowledge base includes the following facts: 'Nothing to fear but fear itself may refer to:', '\"Love Is Stronger Than Pride\" may refer to:', 'What does not kill me makes me stronger (German Was mich nicht umbringt, macht mich st\u00e4rker) is part of aphorism number 8 from the \"Maxims and Arrows\" section of Friedrich Nietzsche's Twilight of the Idols (1888).', 'Fear Feasa \u00d3n Ch\u00e1inte, Irish poet, fl. 16th century.'", "reason": "The evidence in the knowledge base does not provide any information about who said, 'Our deepest fear is that we are powerful beyond measure'. Therefore, I cannot determine the answer based on the given knowledge base.", "answer": null, "retrieved_documents": [{"content": "Nothing to fear but fear itself may refer to:", "metadata": {"source": "local", "confidence": 1.0}, "score": 0.8565151691436768}, {"content": "'''\"Love Is Stronger Than Pride\" may refer to:", "metadata": {"source": "local", "confidence": 1.0}, "score": 0.9407215714454651}, {"content": "What does not kill me makes me stronger (German Was mich nicht umbringt, macht mich st\u00e4rker) is part of aphorism number 8 from the \"Maxims and Arrows\" section of Friedrich Nietzsche's Twilight of the Idols (1888).", "metadata": {"source": "local", "confidence": 1.0}, "score": 0.9536880254745483}, {"content": "Fear Feasa \u00d3'n Ch\u00e1inte, Irish poet, fl. 16th century.", "metadata": {"source": "local", "confidence": 1.0}, "score": 0.9654673337936401}], "question": "Question:\nWho said, \"Our deepest fear is that we are powerful beyond measure\"?\n\nCandidate Answers:\n1: Marianne Williamson said, \"Our deepest fear is that we are powerful beyond measure\".\n2: Nelson Mandela said, \"Our deepest fear is that we are powerful beyond measure\".\n3: Nelson Mandela first said \"Our deepest fear is that we are powerful beyond measure\" in his inaugural address.\n4: Gandhi said, \"Our deepest fear is that we are powerful beyond measure\".\n5: Martin Luther King said, \"Our deepest fear is that we are powerful beyond measure\".\n\n\nThere is only one correct option. Therefore, you must choose the answer that is most likely to be correct from all candidate answers.\nYour response should only contain the number of the chosen answer. Your response cannot contain any textual content.\n", "soft_refusal": true, "hard_refusal": false}