{"evidence": "The Portrait of Henry VIII is a lost work by Hans Holbein the Younger depicting Henry VIII. It was destroyed by fire in 1698, but is still well known through many copies. It is one of the most iconic images of Henry and is one of the most famous portraits of any English or British monarch. It was created in 1536\u20131537 as part of a mural showing the Tudor dynasty at the Palace of Whitehall, Westminster.", "reason": "The evidence does not provide any information about what King Henry is holding in the portrait.", "answer": null, "retrieved_documents": [{"content": "Portrait of Henry VIII is a lost work by Hans Holbein the Younger depicting Henry VIII. It was destroyed by fire in 1698, but is still well known through many copies. It is one of the most iconic images of Henry and is one of the most famous portraits of any English or British monarch. It was created in 1536\u20131537 as part of a mural showing the Tudor dynasty at the Palace of Whitehall, Westminster.", "metadata": {"source": "local", "confidence": 1.0}, "score": 0.5962467193603516}, {"content": "Henry King may refer to:", "metadata": {"source": "local", "confidence": 1.0}, "score": 0.6906569600105286}, {"content": "Henry VII of England has been depicted a number of times in popular culture.", "metadata": {"source": "local", "confidence": 1.0}, "score": 0.7044589519500732}, {"content": "Henry of England may refer to:", "metadata": {"source": "local", "confidence": 1.0}, "score": 0.7060067653656006}], "question": "Question:\nWhat is King Henry holding in the Portrait of Henry VIII?\n\nCandidate Answers:\n1: King Henry is holding a glove in the Portrait of Henry VIII.\n2: King Henry is holding a turkey leg in the Portrait of Henry VIII.\n\n\nThere is only one correct option. Therefore, you must choose the answer that is most likely to be correct from all candidate answers.\nYour response should only contain the number of the chosen answer. Your response cannot contain any textual content.\n", "soft_refusal": true, "hard_refusal": false}