{"evidence": "Hundreds of millions of cats are kept as pets around the world. Cats have either a mutualistic or commensal relationship with humans.", "reason": "Based on the evidence provided, it is clear that cats are kept as pets by humans.", "answer": 1, "retrieved_documents": [{"content": "Hundreds of millions of cats are kept as pets around the world. Cats have either a mutualistic or commensal relationship with humans.", "metadata": {"source": "local", "confidence": 1.0}, "score": 0.8588385581970215}, {"content": "The Cat may refer to:", "metadata": {"source": "local", "confidence": 1.0}, "score": 0.9059461355209351}, {"content": "Cat People may refer to:", "metadata": {"source": "local", "confidence": 1.0}, "score": 0.9074071049690247}, {"content": "CAT I may refer to:", "metadata": {"source": "local", "confidence": 1.0}, "score": 0.9095512628555298}], "question": "Question:\nIs every cat a cat?\n\nCandidate Answers:\n1: Yes, every cat is a cat.\n2: No, not every cat is a cat.\n\n\nThere is only one correct option. Therefore, you must choose the answer that is most likely to be correct from all candidate answers.\nYour response should only contain the number of the chosen answer. Your response cannot contain any textual content.\n", "soft_refusal": false, "hard_refusal": false}