{"evidence": "Sarah Palin is an American politician, commentator, and author who served as the ninth Governor of Alaska, from 2006 to 2009. Palin was the Republican Party nominee for Vice President in the 2008 presidential election alongside Arizona Senator John McCain.", "reason": "Based on the knowledge provided, there is no direct mention of what Sarah Palin said about Russia during the 2008 presidential campaign.", "answer": null, "retrieved_documents": [{"content": "The Sarah Palin Interviews with Katie Couric were a series of interviews of the 2008 U.S. Republican vice presidential nominee Sarah Palin conducted by CBS Evening News anchor Katie Couric. They were recorded and broadcast on television in several programs before the 2008 U.S. presidential election. Couric received the Alfred I. duPont\u2013Columbia University Award and the Walter Cronkite Award for Journalism Excellence for the interview.", "metadata": {"source": "local", "confidence": 1.0}, "score": 0.8566752672195435}, {"content": "Sarah Palin is an American politician, commentator, and author who served as the ninth Governor of Alaska, from 2006 to 2009. Palin was the Republican Party nominee for Vice President in the 2008 presidential election alongside Arizona Senator John McCain.", "metadata": {"source": "local", "confidence": 1.0}, "score": 0.9525671601295471}, {"content": "Sarah Louise Palin (;  Heath; born February 11, 1964) is an American politician, commentator, author, and reality television personality who served as the 9th governor of Alaska from 2006 until her resignation in 2009. As the 2008 Republican vice presidential nominee alongside Arizona Senator John McCain, she was the first Republican female vice presidential nominee and the second female vice presidential nominee of a major party, after Geraldine Ferraro in 1984. The McCain-Palin ticket lost the 2008 election to the Democratic Party's then-U.S. Senators Barack Obama and Joe Biden.", "metadata": {"source": "local", "confidence": 1.0}, "score": 0.9792538285255432}, {"content": "Sarah: How a Hockey Mom Turned Alaska's Political Establishment Upside Down, by author Kaylene Johnson, is a biography of Sarah Palin.  Written before Palin was nominated for the Vice President of the United States, it describes her upbringing and her quick rise to power as Governor of Alaska.", "metadata": {"source": "local", "confidence": 1.0}, "score": 0.9866082072257996}], "question": "Question:\nWhat did Sarah Palin say about Russia during the 2008 presidential campaign?\n\nCandidate Answers:\n1: Sarah Palin said, \"You can actually see Russia from land here in Alaska\".\n2: Sarah Palin said, \"You can see Russia from my house!\".\n\n\nThere is only one correct option. Therefore, you must choose the answer that is most likely to be correct from all candidate answers.\nYour response should only contain the number of the chosen answer. Your response cannot contain any textual content.\n", "soft_refusal": true, "hard_refusal": false}